day,ad_views_p50,ad_views_p95,ad_views_mean,board_consolation_p50,board_consolation_p95,board_consolation_mean,board_reward_cat_can_pack_x3_p50,board_reward_cat_can_pack_x3_p95,board_reward_cat_can_pack_x3_mean,board_reward_cat_can_x1_p50,board_reward_cat_can_x1_p95,board_reward_cat_can_x1_mean,board_reward_cat_tree_x1_p50,board_reward_cat_tree_x1_p95,board_reward_cat_tree_x1_mean,board_reward_cat_wand_x1_p50,board_reward_cat_wand_x1_p95,board_reward_cat_wand_x1_mean,board_reward_cherry_tree_x1_p50,board_reward_cherry_tree_x1_p95,board_reward_cherry_tree_x1_mean,board_reward_fish_treat_x1_p50,board_reward_fish_treat_x1_p95,board_reward_fish_treat_x1_mean,board_reward_yarn_ball_x1_p50,board_reward_yarn_ball_x1_p95,board_reward_yarn_ball_x1_mean,cat_affection_gain_p50,cat_affection_gain_p95,cat_affection_gain_mean,cat_xp_gain_p50,cat_xp_gain_p95,cat_xp_gain_mean,checkin_missed_p50,checkin_missed_p95,checkin_missed_mean,diamonds_in_achievement_p50,diamonds_in_achievement_p95,diamonds_in_achievement_mean,diamonds_in_checkin_p50,diamonds_in_checkin_p95,diamonds_in_checkin_mean,end_board_tickets_p50,end_board_tickets_p95,end_board_tickets_mean,end_cat_count_p50,end_cat_count_p95,end_cat_count_mean,end_diamonds_p50,end_diamonds_p95,end_diamonds_mean,end_energy_pool_p50,end_energy_pool_p95,end_energy_pool_mean,end_gold_p50,end_gold_p95,end_gold_mean,end_love_petals_p50,end_love_petals_p95,end_love_petals_mean,end_spring_petals_p50,end_spring_petals_p95,end_spring_petals_mean,energy_from_steps_p50,energy_from_steps_p95,energy_from_steps_mean,energy_in_ads_p50,energy_in_ads_p95,energy_in_ads_mean,energy_out_hatching_p50,energy_out_hatching_p95,energy_out_hatching_mean,exploration_postcard_p50,exploration_postcard_p95,exploration_postcard_mean,gold_in_achievement_p50,gold_in_achievement_p95,gold_in_achievement_mean,gold_in_b6_conversion_p50,gold_in_b6_conversion_p95,gold_in_b6_conversion_mean,gold_in_checkin_p50,gold_in_checkin_p95,gold_in_checkin_mean,gold_in_newbie_goal_p50,gold_in_newbie_goal_p95,gold_in_newbie_goal_mean,gold_out_ticket_purchase_p50,gold_out_ticket_purchase_p95,gold_out_ticket_purchase_mean,inventory_capacity_p50,inventory_capacity_p95,inventory_capacity_mean,love_petals_in_ads_p50,love_petals_in_ads_p95,love_petals_in_ads_mean,love_petals_out_shop_p50,love_petals_out_shop_p95,love_petals_out_shop_mean,spring_petals_in_event_p50,spring_petals_in_event_p95,spring_petals_in_event_mean,steps_raw_p50,steps_raw_p95,steps_raw_mean,tickets_in_ads_p50,tickets_in_ads_p95,tickets_in_ads_mean,tickets_in_gold_p50,tickets_in_gold_p95,tickets_in_gold_mean,tickets_in_interaction_p50,tickets_in_interaction_p95,tickets_in_interaction_mean,tickets_in_login_p50,tickets_in_login_p95,tickets_in_login_mean,tickets_in_steps_p50,tickets_in_steps_p95,tickets_in_steps_mean,tickets_out_board_p50,tickets_out_board_p95,tickets_out_board_mean,energy_overflow_cutoff_p50,energy_overflow_cutoff_p95,energy_overflow_cutoff_mean,exploration_decoration_fragment_p50,exploration_decoration_fragment_p95,exploration_decoration_fragment_mean,exploration_food_fragment_p50,exploration_food_fragment_p95,exploration_food_fragment_mean,exploration_hidden_item_p50,exploration_hidden_item_p95,exploration_hidden_item_mean,gold_in_spring_conversion_p50,gold_in_spring_conversion_p95,gold_in_spring_conversion_mean,love_petals_in_checkin_chest_p50,love_petals_in_checkin_chest_p95,love_petals_in_checkin_chest_mean,energy_out_workshop_p50,energy_out_workshop_p95,energy_out_workshop_mean,energy_out_workshop_unbox_p50,energy_out_workshop_unbox_p95,energy_out_workshop_unbox_mean,love_petals_in_workshop_p50,love_petals_in_workshop_p95,love_petals_in_workshop_mean,workshop_box_cat_accessory_p50,workshop_box_cat_accessory_p95,workshop_box_cat_accessory_mean,workshop_box_flower_seed_p50,workshop_box_flower_seed_p95,workshop_box_flower_seed_mean,workshop_box_furniture_component_p50,workshop_box_furniture_component_p95,workshop_box_furniture_component_mean,gold_out_capacity_expansion_p50,gold_out_capacity_expansion_p95,gold_out_capacity_expansion_mean,cats_out_adoption_p50,cats_out_adoption_p95,cats_out_adoption_mean,love_petals_in_adoption_p50,love_petals_in_adoption_p95,love_petals_in_adoption_mean
1,3.0,3.0,3,0.0,2.0,0.601,0.0,1.0,0.11,1.0,3.0,1.066,0.0,2.0,0.443,1.0,2.0,0.854,0.0,1.0,0.276,2.0,3.0,1.602,1.0,3.0,1.048,10.0,18.0,10.56,5000.0,6000.0,5150,0.0,1.0,0.105,0.0,0.0,0.81,0.0,0.0,0,1.0,1.0,0.895,4.0,4.0,4,0.0,0.0,0.81,1450.0,1450.0,1450,400.0,550.0,416.65,0.0,0.0,0,25.0,25.0,25,5200.0,5200.0,5200,9000.0,9000.0,9000,12750.0,12750.0,12750,1.0,1.0,1,300.0,300.0,300,100.0,200.0,71.9,100.0,100.0,89.5,50.0,50.0,50,100.0,100.0,94.75,24.0,24.0,24,50.0,50.0,50,50.0,50.0,50,25.0,25.0,25,5000.0,5000.0,5000,3.0,3.0,3,2.0,2.0,1.895,2.0,2.0,2,3.0,3.0,3,3.0,3.0,3,12.0,12.0,12,,,,,,,,,,,,,,,,,,,,,,,,,,,,,,,,,,,,,,,,,,,,,
2,3.0,3.0,3,1.0,2.0,0.755,0.0,1.0,0.115,1.0,3.0,1.209,0.0,2.0,0.495,1.0,2.0,0.907,0.0,1.0,0.288,2.0,4.0,1.848,1.0,3.0,1.278,11.0,20.0,12.647,6000.0,6000.0,5552,0.0,1.0,0.121,0.0,30.0,13.56,20.0,20.0,17.58,0.0,1.0,0.105,7.0,7.0,7,20.0,50.0,31.95,2250.0,2250.0,2250,600.0,850.0,644.95,0.0,0.0,0,50.0,50.0,50,5200.0,5200.0,5200,9000.0,9000.0,9000,12750.0,12750.0,12750,1.0,1.0,0.58,200.0,200.0,200,100.0,200.0,78.3,0.0,0.0,0,50.0,50.0,50,100.0,100.0,100,24.0,24.0,24,50.0,50.0,50,50.0,50.0,50,25.0,25.0,25,5000.0,5000.0,5000,3.0,3.0,3,2.0,2.0,2,2.0,2.0,2,3.0,3.0,3,3.0,3.0,3,14.0,14.0,13.79,650.0,650.0,650,0.0,1.0,0.09,0.0,1.0,0.274,0.0,1.0,0.056,,,,,,,,,,,,,,,,,,,,,,,,,,,,,,,,,
3,3.0,3.0,3,0.0,2.0,0.614,0.0,1.0,0.101,1.0,3.0,1.117,0.0,2.0,0.447,1.0,2.0,0.807,0.0,1.0,0.278,2.0,4.0,1.639,1.0,3.0,1.102,10.0,19.0,11.854,6000.0,7500.0,5811,0.0,1.0,0.106,0.0,30.0,11.13,0.0,0.0,0,1.0,1.0,0.895,10.0,10.0,10,50.0,50.0,43.08,2250.0,2250.0,2250,800.0,1100.0,801.55,0.0,0.0,0,75.0,75.0,75,5200.0,5200.0,5200,9000.0,9000.0,9000,12750.0,12750.0,12750,1.0,1.0,0.59,,,,100.0,200.0,72.5,150.0,150.0,134.1,50.0,50.0,50,100.0,100.0,100,24.0,24.0,24,50.0,50.0,50,50.0,50.0,50,25.0,25.0,25,5000.0,5000.0,5000,3.0,3.0,3,2.0,2.0,2,2.0,2.0,2,3.0,3.0,3,3.0,3.0,3,12.0,14.0,12.21,1450.0,1450.0,1450,0.0,1.0,0.095,0.0,1.0,0.256,0.0,1.0,0.059,,,,,,,,,,,,,,,,,,,,,,,,,,,,,,,,,
4,3.0,3.0,3,0.0,2.0,0.654,0.0,1.0,0.143,1.0,3.0,1.287,0.0,2.0,0.446,1.0,3.0,0.911,0.0,1.0,0.292,2.0,4.0,1.903,1.0,3.0,1.259,11.0,20.0,12.817,6000.0,7500.0,6273,0.0,1.0,0.103,0.0,30.0,5.22,30.0,30.0,26.91,0.0,1.0,0.105,13.0,13.0,13,80.0,80.0,75.21,2250.0,2250.0,2250,850.0,1150.0,825.35,0.0,0.0,0,100.0,100.0,100,5200.0,5200.0,5200,9000.0,9000.0,9000,12750.0,12750.0,12750,1.0,1.0,0.628,,,,100.0,200.0,73.8,0.0,0.0,0,50.0,50.0,50,100.0,100.0,100,24.0,24.0,24,50.0,50.0,50,50.0,50.0,50,25.0,25.0,25,5000.0,5000.0,5000,3.0,3.0,3,2.0,2.0,2,2.0,2.0,2,3.0,3.0,3,3.0,3.0,3,14.0,14.0,13.79,1450.0,1450.0,1450,0.0,1.0,0.085,0.0,1.0,0.234,0.0,1.0,0.053,,,,,,,,,,,,,,,,,,,,,,,,,,,,,,,,,
5,3.0,3.0,3,0.0,2.0,0.625,0.0,1.0,0.103,1.0,3.0,1.073,0.0,2.0,0.457,1.0,3.0,0.868,0.0,1.0,0.282,2.0,4.0,1.658,1.0,3.0,1.039,10.0,18.049999999999955,11.845,6000.0,7500.0,6314,0.0,1.0,0.097,0.0,50.0,3.47,0.0,0.0,0,1.0,1.0,0.895,16.0,16.0,16,80.0,130.0,78.68,2250.0,2250.0,2250,1000.0,1400.0,1029.85,0.0,0.0,0,125.0,125.0,125,5200.0,5200.0,5200,9000.0,9000.0,9000,12750.0,12750.0,12750,1.0,1.0,0.589,,,,100.0,200.0,73.9,200.0,200.0,180.6,50.0,50.0,50,100.0,100.0,100,24.0,24.0,24,50.0,50.0,50,50.0,50.0,50,25.0,25.0,25,5000.0,5000.0,5000,3.0,3.0,3,2.0,2.0,2,2.0,2.0,2,3.0,3.0,3,3.0,3.0,3,12.0,14.0,12.21,1450.0,1450.0,1450,0.0,1.0,0.107,0.0,1.0,0.256,0.0,0.0,0.048,,,,,,,,,,,,,,,,,,,,,,,,,,,,,,,,,
6,3.0,3.0,3,1.0,2.0,0.699,0.0,1.0,0.099,1.0,3.0,1.217,0.0,2.0,0.502,1.0,2.0,0.925,0.0,1.0,0.336,2.0,4.0,1.867,1.0,3.0,1.25,6.0,14.0,7.31,5000.0,5000.0,5034,0.0,1.0,0.081,0.0,50.0,4.25,40.0,40.0,36.76,0.0,1.0,0.105,19.0,19.0,19,120.0,170.0,119.69,2250.0,2250.0,2250,1050.0,1450.0,1063.65,0.0,0.0,0,150.0,150.0,150,5200.0,5200.0,5200,9000.0,9000.0,9000,12750.0,12750.0,12750,1.0,1.0,0.607,,,,100.0,300.0,83.8,0.0,0.0,0,50.0,50.0,50,100.0,100.0,100,24.0,24.0,24,,,,,,,25.0,25.0,25,5000.0,5000.0,5000,3.0,3.0,3,2.0,2.0,2,2.0,2.0,2,3.0,3.0,3,3.0,3.0,3,14.0,14.0,13.79,1450.0,1450.0,1450,0.0,1.0,0.117,0.0,1.0,0.232,0.0,0.0,0.044,,,,,,,,,,,,,,,,,,,,,,,,,,,,,,,,,
7,3.0,3.0,3,0.0,2.0,0.59,0.0,1.0,0.126,1.0,3.0,1.135,0.0,2.0,0.436,1.0,2.0,0.828,0.0,1.0,0.267,2.0,4.0,1.653,1.0,3.0,1.07,10.0,19.0,11.585,5000.0,6000.0,5242,0.0,1.0,0.099,0.0,50.0,4.53,0.0,0.0,0,1.0,1.0,0.895,22.0,22.0,22,120.0,170.0,124.22,2250.0,2250.0,2250,1750.0,2200.0,1749.3,0.0,0.0,0,0.0,0.0,0,5200.0,5200.0,5200,9000.0,9000.0,9000,12750.0,12750.0,12750,1.0,1.0,0.591,,,,100.0,200.0,70.3,350.0,350.0,315.35,50.0,50.0,50,100.0,100.0,100,24.0,24.0,24,,,,50.0,50.0,45.05,25.0,25.0,25,5000.0,5000.0,5000,3.0,3.0,3,2.0,2.0,2,2.0,2.0,2,3.0,3.0,3,3.0,3.0,3,12.0,14.0,12.21,1450.0,1450.0,1450,0.0,1.0,0.104,0.0,1.0,0.252,0.0,1.0,0.053,350.0,350.0,350,50.0,50.0,45.05,,,,,,,,,,,,,,,,,,,,,,,,,,,
8,3.0,3.0,3,0.0,2.0,0.658,0.0,1.0,0.083,1.0,3.0,1.055,0.0,2.0,0.438,1.0,2.0,0.837,0.0,1.0,0.265,1.0,3.0,1.556,1.0,3.0,1.108,5.0,13.0,6.493,6000.0,6000.0,5654,0.0,1.0,0.122,0.0,0.0,2.28,0.0,0.0,0,1.0,1.0,0.895,24.0,24.0,24,120.0,170.0,126.5,500.0,500.0,500,1800.0,2300.0,1810.4,0.0,0.0,0,0.0,0.0,0,4700.0,4700.0,4700,9000.0,9000.0,9000,8500.0,8500.0,8500,1.0,1.0,0.61,0.0,0.0,3,100.0,200.0,70.3,100.0,100.0,87.8,,,,100.0,100.0,100,24.0,24.0,24,,,,,,,,,,5000.0,5000.0,5000,3.0,3.0,3,2.0,2.0,2,2.0,2.0,2,2.0,2.0,2,3.0,3.0,3,12.0,12.0,12,950.0,950.0,950,0.0,1.0,0.089,0.0,1.0,0.238,0.0,1.0,0.063,,,,,,,6000.0,6000.0,6000,,,,,,,,,,,,,,,,,,,,,,,,
9,3.0,3.0,3,0.0,2.0,0.61,0.0,1.0,0.111,1.0,3.0,1.075,0.0,2.0,0.431,1.0,2.0,0.85,0.0,1.0,0.256,2.0,4.0,1.626,1.0,3.0,1.041,5.0,14.0,6.876,6000.0,7500.0,6189.5,0.0,1.0,0.104,30.0,30.0,30,20.0,20.0,17.92,1.0,1.0,0.895,24.0,24.0,24,170.0,220.0,174.42,700.0,700.0,700,1800.0,2350.0,1831,0.0,3.0,0.951,0.0,0.0,0,4700.0,4700.0,4700,9000.0,9000.0,9000,,,,1.0,1.0,0.598,0.0,300.0,51.9,100.0,200.0,68.7,0.0,0.0,0,,,,100.0,100.0,100,24.0,24.0,24,,,,,,,,,,5000.0,5000.0,5000,3.0,3.0,3,2.0,2.0,2,2.0,2.0,2,2.0,2.0,2,3.0,3.0,3,12.0,12.0,12,,,,0.0,1.0,0.09,0.0,1.0,0.257,0.0,1.0,0.055,,,,,,,12000.0,12000.0,12000,1500.0,1500.0,1500,0.0,3.0,0.951,0.0,1.0,0.36,0.0,1.0,0.317,0.0,1.0,0.323,,,,,,,,,
10,3.0,3.0,3,0.0,2.0,0.607,0.0,1.0,0.1,1.0,3.0,1.033,0.0,2.0,0.449,1.0,2.0,0.778,0.0,1.0,0.292,2.0,3.0,1.607,1.0,3.0,1.134,5.0,13.0,6.607,7500.0,7500.0,6980.5,0.0,1.0,0.108,,,,0.0,0.0,0,1.0,1.0,0.895,24.0,24.0,24,170.0,220.0,174.42,900.0,900.0,900,2050.0,2650.0,2081.1,3.0,6.0,2.007,0.0,0.0,0,4700.0,4700.0,4700,9000.0,9000.0,9000,,,,1.0,1.0,0.63,0.0,300.0,142.2,100.0,200.0,74.1,150.0,150.0,133.8,,,,100.0,100.0,100,24.0,24.0,24,,,,,,,,,,5000.0,5000.0,5000,3.0,3.0,3,2.0,2.0,2,2.0,2.0,2,2.0,2.0,2,3.0,3.0,3,12.0,12.0,12,,,,0.0,1.0,0.092,0.0,1.0,0.231,0.0,0.0,0.047,,,,,,,12000.0,12000.0,12000,1500.0,1500.0,1500,0.0,3.0,1.056,0.0,1.0,0.312,0.0,1.0,0.352,0.0,1.0,0.336,,,,,,,,,
11,3.0,3.0,3,0.0,2.0,0.59,0.0,1.0,0.107,1.0,3.0,1.085,0.0,2.0,0.455,1.0,2.0,0.817,0.0,1.0,0.273,2.0,4.0,1.613,1.0,3.0,1.06,5.0,13.0,6.778,5000.0,5000.0,5034,0.0,1.0,0.107,,,,30.0,30.0,26.79,1.0,1.0,0.895,24.0,24.0,24,200.0,250.0,201.21,1100.0,1100.0,1100,2150.0,2650.0,2156.8,3.0,6.0,3.042,0.0,0.0,0,4700.0,4700.0,4700,9000.0,9000.0,9000,,,,1.0,1.0,0.582,0.0,300.0,102.9,100.0,200.0,72.8,0.0,0.0,0,,,,100.0,100.0,100,24.0,24.0,24,,,,,,,,,,5000.0,5000.0,5000,3.0,3.0,3,2.0,2.0,2,2.0,2.0,2,2.0,2.0,2,3.0,3.0,3,12.0,12.0,12,,,,0.0,1.0,0.116,0.0,1.0,0.248,0.0,1.0,0.054,,,,,,,12000.0,12000.0,12000,1500.0,1500.0,1500,0.0,3.0,1.035,0.0,1.0,0.346,0.0,1.0,0.345,0.0,1.0,0.309,,,,,,,,,
12,3.0,3.0,3,0.0,2.0,0.583,0.0,1.0,0.118,1.0,3.0,1.071,0.0,2.0,0.438,1.0,2.0,0.854,0.0,1.0,0.242,2.0,3.0,1.612,1.0,3.0,1.082,5.0,14.0,6.941,5000.0,6000.0,5242,0.0,1.0,0.097,,,,0.0,0.0,0,1.0,1.0,0.895,24.0,24.0,24,200.0,250.0,201.21,1300.0,1300.0,1300,2300.0,2850.0,2305.4,3.0,9.0,4.023,0.0,0.0,0,4700.0,4700.0,4700,9000.0,9000.0,9000,,,,1.0,1.0,0.607,,,,100.0,200.0,68,200.0,200.0,180.6,,,,100.0,100.0,100,24.0,24.0,24,,,,,,,,,,5000.0,5000.0,5000,3.0,3.0,3,2.0,2.0,2,2.0,2.0,2,2.0,2.0,2,3.0,3.0,3,12.0,12.0,12,,,,0.0,1.0,0.103,0.0,1.0,0.252,0.0,0.0,0.038,,,,,,,12000.0,12000.0,12000,1500.0,1500.0,1500,0.0,3.0,0.981,0.0,1.0,0.338,0.0,1.0,0.327,0.0,1.0,0.335,,,,,,,,,
13,3.0,3.0,3,0.0,2.0,0.612,0.0,1.0,0.104,1.0,3.0,1.041,0.0,2.0,0.472,1.0,2.0,0.751,0.0,1.0,0.265,1.0,4.0,1.597,1.0,3.0,1.158,5.0,14.0,6.718,6000.0,6000.0,5649,0.0,1.0,0.108,,,,40.0,40.0,35.68,1.0,1.0,0.895,24.0,24.0,24,240.0,290.0,236.89,0.0,0.0,0,2250.0,2850.0,2279.1,6.0,12.0,6.021,0.0,0.0,0,4700.0,4700.0,4700,9000.0,9000.0,9000,,,,1.0,1.0,0.594,,,,100.0,200.0,73.7,0.0,0.0,0,,,,100.0,100.0,100,24.0,24.0,24,,,,,,,,,,5000.0,5000.0,5000,3.0,3.0,3,2.0,2.0,2,2.0,2.0,2,2.0,2.0,2,3.0,3.0,3,12.0,12.0,12,,,,0.0,1.0,0.112,0.0,1.0,0.247,0.0,0.0,0.047,,,,,,,12000.0,12000.0,12000,3000.0,3000.0,3000,3.0,6.0,1.998,1.0,2.0,0.661,1.0,2.0,0.666,1.0,2.0,0.673,,,,,,,,,
14,3.0,3.0,3,0.0,2.0,0.602,0.0,1.0,0.128,1.0,3.0,1.086,0.0,2.0,0.444,1.0,2.0,0.774,0.0,1.0,0.288,1.0,3.0,1.554,1.0,3.0,1.124,10.0,19.0,11.455,6000.0,7500.0,5952,0.0,1.0,0.11,,,,0.0,0.0,0,1.0,1.0,0.895,24.0,24.0,24,240.0,290.0,236.89,200.0,200.0,200,2550.0,3200.0,2563.8,6.0,12.0,6.996,0.0,0.0,0,4700.0,4700.0,4700,9000.0,9000.0,9000,,,,1.0,1.0,0.588,,,,100.0,200.0,73.2,350.0,350.0,311.5,,,,100.0,100.0,100,24.0,24.0,24,,,,50.0,50.0,44.5,,,,5000.0,5000.0,5000,3.0,3.0,3,2.0,2.0,2,2.0,2.0,2,2.0,2.0,2,3.0,3.0,3,12.0,12.0,12,,,,0.0,1.0,0.107,0.0,1.0,0.263,0.0,0.0,0.042,,,,50.0,50.0,44.5,12000.0,12000.0,12000,1500.0,1500.0,1500,0.0,3.0,0.975,0.0,1.0,0.326,0.0,1.0,0.325,0.0,1.0,0.349,,,,,,,,,
15,3.0,3.0,3,0.0,2.0,0.585,0.0,1.0,0.108,1.0,3.0,1.061,0.0,2.0,0.426,1.0,2.0,0.836,0.0,1.0,0.293,2.0,3.0,1.6,1.0,3.0,1.091,5.0,13.0,6.895,6000.0,7500.0,5975.5,0.0,1.0,0.108,,,,0.0,0.0,0,1.0,1.0,0.895,24.0,24.0,24,240.0,290.0,236.89,400.0,400.0,400,2600.0,3300.0,2624.9,9.0,15.0,7.962,0.0,0.0,0,4700.0,4700.0,4700,9000.0,9000.0,9000,,,,1.0,1.0,0.589,,,,100.0,200.0,71.9,100.0,100.0,89.2,,,,100.0,100.0,100,24.0,24.0,24,,,,0.0,0.0,0.06,,,,5000.0,5000.0,5000,3.0,3.0,3,2.0,2.0,2,2.0,2.0,2,2.0,2.0,2,3.0,3.0,3,12.0,12.0,12,,,,0.0,1.0,0.1,0.0,1.0,0.264,0.0,0.0,0.047,,,,,,,12000.0,12000.0,12000,1500.0,1500.0,1500,0.0,3.0,1.026,0.0,1.0,0.308,0.0,1.0,0.342,0.0,1.0,0.35,,,,,,,,,
16,3.0,3.0,3,0.0,2.0,0.591,0.0,1.0,0.105,1.0,3.0,1.109,0.0,2.0,0.453,1.0,2.0,0.782,0.0,1.0,0.281,2.0,3.0,1.608,1.0,3.0,1.071,5.0,13.0,6.82,5000.0,7500.0,5704,0.0,1.0,0.102,,,,20.0,20.0,17.96,1.0,1.0,0.895,24.0,24.0,24,260.0,310.0,254.85,600.0,600.0,600,2600.0,3200.0,2598.3,9.0,15.0,8.885,0.0,0.0,0,4700.0,4700.0,4700,9000.0,9000.0,9000,,,,1.0,1.0,0.615,,,,100.0,200.0,73.4,0.0,0.0,0,,,,100.0,100.0,100,24.0,24.0,24,,,,0.0,0.0,0.1,,,,5000.0,5000.0,5000,3.0,3.0,3,2.0,2.0,2,2.0,2.0,2,2.0,2.0,2,3.0,3.0,3,12.0,12.0,12,,,,0.0,1.0,0.08,0.0,1.0,0.256,0.0,0.0,0.049,,,,,,,12000.0,12000.0,12000,1500.0,1500.0,1500,0.0,3.0,1.023,0.0,1.0,0.33,0.0,1.0,0.341,0.0,1.0,0.329,,,,,,,,,
17,3.0,3.0,3,0.0,2.0,0.609,0.0,1.0,0.098,1.0,3.0,1.086,0.0,2.0,0.438,1.0,2.0,0.79,0.0,1.0,0.288,2.0,4.0,1.661,1.0,3.0,1.03,5.0,14.0,6.739,5000.0,7500.0,5662,0.0,1.0,0.075,,,,0.0,0.0,0,1.0,1.0,0.895,24.0,24.0,24,260.0,310.0,254.85,800.0,800.0,800,2700.0,3350.0,2709.65,9.0,18.0,9.8,0.0,0.0,0,4700.0,4700.0,4700,9000.0,9000.0,9000,,,,1.0,1.0,0.598,,,,100.0,200.0,72.6,150.0,150.0,138.75,,,,100.0,100.0,100,24.0,24.0,24,,,,0.0,0.0,0.18,,,,5000.0,5000.0,5000,3.0,3.0,3,2.0,2.0,2,2.0,2.0,2,2.0,2.0,2,3.0,3.0,3,12.0,12.0,12,,,,0.0,1.0,0.105,0.0,1.0,0.249,0.0,0.0,0.048,,,,,,,12000.0,12000.0,12000,1500.0,1500.0,1500,0.0,3.0,1.095,0.0,1.0,0.314,0.0,1.0,0.365,0.0,1.0,0.321,,,,,,,,,
18,3.0,3.0,3,0.0,2.0,0.613,0.0,1.0,0.129,1.0,3.0,1.022,0.0,2.0,0.442,1.0,2.0,0.795,0.0,1.0,0.26,2.0,4.0,1.677,1.0,3.0,1.062,5.0,14.0,7.002,6000.0,7500.0,5779,0.0,1.0,0.111,,,,30.0,30.0,26.67,1.0,1.0,0.895,24.0,24.0,24,290.0,340.0,281.52,1000.0,1000.0,1000,2650.0,3350.0,2679.85,12.0,18.0,10.398,0.0,0.0,0,4700.0,4700.0,4700,9000.0,9000.0,9000,,,,1.0,1.0,0.608,,,,100.0,200.0,70.2,0.0,0.0,0,,,,100.0,100.0,100,24.0,24.0,24,,,,0.0,0.0,0.38,,,,5000.0,5000.0,5000,3.0,3.0,3,2.0,2.0,2,2.0,2.0,2,2.0,2.0,2,3.0,3.0,3,12.0,12.0,12,,,,0.0,1.0,0.1,0.0,1.0,0.238,0.0,1.0,0.054,,,,,,,12000.0,12000.0,12000,1500.0,1500.0,1500,0.0,3.0,0.978,0.0,1.0,0.315,0.0,1.0,0.326,0.0,1.0,0.359,,,,,,,,,
19,3.0,3.0,3,0.0,2.0,0.595,0.0,1.0,0.109,1.0,3.0,1.045,0.0,2.0,0.454,1.0,2.0,0.81,0.0,1.0,0.284,2.0,4.0,1.633,1.0,3.0,1.07,5.0,14.0,6.854,6000.0,6000.0,5792,0.0,1.0,0.109,,,,0.0,0.0,0,1.0,1.0,0.895,24.0,24.0,24,290.0,340.0,281.52,1200.0,1200.0,1200,2800.0,3550.0,2831.85,12.0,18.0,10.666,0.0,0.0,0,4700.0,4700.0,4700,9000.0,9000.0,9000,,,,1.0,1.0,0.61,,,,100.0,200.0,73.8,200.0,200.0,178.2,,,,100.0,100.0,100,24.0,24.0,24,,,,0.0,0.0,0.74,,,,5000.0,5000.0,5000,3.0,3.0,3,2.0,2.0,2,2.0,2.0,2,2.0,2.0,2,3.0,3.0,3,12.0,12.0,12,,,,0.0,1.0,0.12,0.0,1.0,0.226,0.0,0.0,0.044,,,,,,,12000.0,12000.0,12000,1500.0,1500.0,1500,0.0,3.0,1.008,0.0,1.0,0.327,0.0,1.0,0.336,0.0,1.0,0.337,,,,,,,,,
20,3.0,3.0,3,0.0,2.0,0.589,0.0,1.0,0.095,1.0,3.0,1.081,0.0,2.0,0.477,1.0,2.0,0.831,0.0,1.0,0.269,1.0,3.0,1.58,1.0,3.0,1.078,5.0,13.0,6.87,5000.0,7500.0,5585.5,0.0,1.0,0.097,,,,40.0,40.0,36.12,1.0,1.0,0.895,24.0,24.0,24,330.0,380.0,317.64,1400.0,1400.0,1400,2800.0,3550.0,2806.45,12.0,18.0,10.767,0.0,0.0,0,4700.0,4700.0,4700,9000.0,9000.0,9000,,,,1.0,1.0,0.565,,,,100.0,200.0,74.6,0.0,0.0,0,,,,100.0,100.0,100,24.0,24.0,24,,,,0.0,0.0,0.88,,,,5000.0,5000.0,5000,3.0,3.0,3,2.0,2.0,2,2.0,2.0,2,2.0,2.0,2,3.0,3.0,3,12.0,12.0,12,,,,0.0,1.0,0.133,0.0,1.0,0.245,0.0,1.0,0.057,,,,,,,12000.0,12000.0,12000,1500.0,1500.0,1500,0.0,3.0,0.981,0.0,1.0,0.334,0.0,1.0,0.327,0.0,1.0,0.339,,,,,,,,,
21,3.0,3.0,3,0.0,2.0,0.583,0.0,1.0,0.128,1.0,3.0,1.097,0.0,2.0,0.397,1.0,2.0,0.793,0.0,1.0,0.275,2.0,3.0,1.605,1.0,3.0,1.122,11.0,19.0,11.999,5000.0,7500.0,5629,0.0,1.0,0.108,,,,0.0,0.0,0,1.0,1.0,0.895,24.0,24.0,24,330.0,380.0,317.64,0.0,0.0,0,3100.0,3802.4999999999977,3085.85,12.0,18.0,10.704,0.0,0.0,0,4700.0,4700.0,4700,9000.0,9000.0,9000,,,,1.0,1.0,0.6,,,,100.0,200.0,67.2,350.0,350.0,312.2,,,,100.0,100.0,100,24.0,24.0,24,,,,50.0,70.0,46.7,,,,5000.0,5000.0,5000,3.0,3.0,3,2.0,2.0,2,2.0,2.0,2,2.0,2.0,2,3.0,3.0,3,12.0,12.0,12,100.0,100.0,100,0.0,1.0,0.097,0.0,1.0,0.249,0.0,1.0,0.054,,,,50.0,50.0,44.6,12000.0,12000.0,12000,3000.0,3000.0,3000,3.0,6.0,2.037,1.0,2.0,0.621,1.0,2.0,0.679,1.0,2.0,0.7,,,,,,,,,
22,3.0,3.0,3,0.0,2.0,0.576,0.0,1.0,0.111,1.0,3.0,1.141,0.0,2.0,0.444,1.0,2.0,0.822,0.0,1.0,0.248,2.0,3.0,1.634,1.0,3.0,1.024,6.0,14.0,7.075,6000.0,7500.0,5992,0.0,1.0,0.081,,,,0.0,0.0,0,1.0,1.0,0.895,24.0,24.0,24,330.0,380.0,317.64,200.0,200.0,200,3150.0,3900.0,3146.95,12.0,18.0,10.762,0.0,0.0,0,4700.0,4700.0,4700,9000.0,9000.0,9000,,,,1.0,1.0,0.613,,,,100.0,200.0,69.2,100.0,100.0,91.9,,,,100.0,100.0,100,24.0,24.0,24,,,,0.0,0.0,0.92,,,,5000.0,5000.0,5000,3.0,3.0,3,2.0,2.0,2,2.0,2.0,2,2.0,2.0,2,3.0,3.0,3,12.0,12.0,12,,,,0.0,1.0,0.107,0.0,1.0,0.245,0.0,0.0,0.035,,,,,,,12000.0,12000.0,12000,1500.0,1500.0,1500,0.0,3.0,0.978,0.0,1.0,0.342,0.0,1.0,0.326,0.0,1.0,0.332,,,,,,,,,
23,3.0,3.0,3,0.0,2.0,0.566,0.0,1.0,0.093,1.0,3.0,1.102,0.0,2.0,0.423,1.0,2.0,0.775,0.0,1.0,0.263,2.0,3.0499999999999545,1.655,1.0,3.0,1.123,6.0,14.0,6.992,6000.0,7500.0,6037.5,0.0,1.0,0.086,,,,20.0,20.0,18.28,1.0,1.0,0.895,24.0,24.0,24,330.0,400.0,335.92,400.0,400.0,400,3125.0,3852.4999999999977,3115.55,12.0,18.0,10.482,0.0,0.0,0,4700.0,4700.0,4700,9000.0,9000.0,9000,,,,1.0,1.0,0.597,,,,100.0,200.0,68.6,0.0,0.0,0,,,,100.0,100.0,100,24.0,24.0,24,,,,0.0,20.0,1.24,,,,5000.0,5000.0,5000,3.0,3.0,3,2.0,2.0,2,2.0,2.0,2,2.0,2.0,2,3.0,3.0,3,12.0,12.0,12,,,,0.0,1.0,0.124,0.0,1.0,0.238,0.0,0.0,0.041,,,,,,,12000.0,12000.0,12000,1500.0,1500.0,1500,0.0,3.0,0.96,0.0,1.0,0.337,0.0,1.0,0.32,0.0,1.0,0.343,,,,,,,,,
24,3.0,3.0,3,0.0,2.0,0.605,0.0,1.0,0.106,1.0,3.0,1.08,0.0,2.0,0.457,1.0,2.0,0.787,0.0,1.0,0.276,2.0,3.0,1.584,1.0,3.0,1.105,6.0,14.0,7.065,6000.0,6000.0,5824.5,0.0,1.0,0.116,,,,0.0,0.0,0,1.0,1.0,0.895,24.0,24.0,24,330.0,400.0,335.92,600.0,600.0,600,3200.0,3950.0,3221.45,12.0,18.0,10.259,0.0,0.0,0,4700.0,4700.0,4700,9000.0,9000.0,9000,,,,1.0,1.0,0.603,,,,100.0,200.0,73.3,150.0,150.0,132.6,,,,100.0,100.0,100,24.0,24.0,24,,,,0.0,20.0,1.24,,,,5000.0,5000.0,5000,3.0,3.0,3,2.0,2.0,2,2.0,2.0,2,2.0,2.0,2,3.0,3.0,3,12.0,12.0,12,,,,0.0,1.0,0.092,0.0,1.0,0.249,0.0,1.0,0.056,,,,,,,12000.0,12000.0,12000,1500.0,1500.0,1500,0.0,3.0,1.017,0.0,1.0,0.34,0.0,1.0,0.339,0.0,1.0,0.321,,,,,,,,,
25,3.0,3.0,3,0.0,2.0,0.616,0.0,1.0,0.105,1.0,3.0,1.024,0.0,2.0,0.425,1.0,2.0,0.796,0.0,1.0,0.284,2.0,4.0,1.671,1.0,3.0,1.079,6.0,14.0,7.115,5000.0,6000.0,5432,0.0,1.0,0.089,,,,30.0,30.0,27.33,1.0,1.0,0.895,24.0,24.0,24,360.0,430.0,363.25,800.0,800.0,800,3200.0,3950.0,3192.35,10.0,18.0,10.007,0.0,0.0,0,4700.0,4700.0,4700,9000.0,9000.0,9000,,,,1.0,1.0,0.586,,,,100.0,200.0,70.9,0.0,0.0,0,,,,100.0,100.0,100,24.0,24.0,24,,,,0.0,20.0,1.2,,,,5000.0,5000.0,5000,3.0,3.0,3,2.0,2.0,2,2.0,2.0,2,2.0,2.0,2,3.0,3.0,3,12.0,12.0,12,,,,0.0,1.0,0.104,0.0,1.0,0.26,0.0,0.049999999999954525,0.05,,,,,,,12000.0,12000.0,12000,1500.0,1500.0,1500,0.0,3.0,0.948,0.0,1.0,0.343,0.0,1.0,0.316,0.0,1.0,0.341,,,,,,,,,
26,3.0,3.0,3,0.0,2.0,0.636,0.0,1.0,0.113,1.0,3.0,1.107,0.0,1.0,0.408,1.0,2.0,0.82,0.0,1.0,0.282,1.0,3.0,1.583,1.0,3.0,1.051,6.0,14.0,7.283,5000.0,7500.0,5242,0.0,1.0,0.095,,,,0.0,0.0,0,1.0,1.0,0.895,24.0,24.0,24,360.0,430.0,363.25,1000.0,1000.0,1000,3350.0,4150.0,3337.35,10.0,18.0,9.692,0.0,0.0,0,4700.0,4700.0,4700,9000.0,9000.0,9000,,,,1.0,1.0,0.594,,,,100.0,200.0,69,200.0,200.0,181,,,,100.0,100.0,100,24.0,24.0,24.004,,,,0.0,20.0,1.26,,,,5000.0,5000.0,5000,3.0,3.0,3,2.0,2.0,2,2.0,2.0,2,2.0,2.0,2,3.0,3.0,3,12.0,12.0,12,,,,0.0,1.0,0.079,0.0,1.0,0.278,0.0,0.0,0.049,,,,,,,12000.0,12000.0,12000,1500.0,1500.0,1500,0.0,3.0,0.945,0.0,1.0,0.331,0.0,1.0,0.315,0.0,1.0,0.354,0.0,0.0,5,,,,,,
27,3.0,3.0,3,0.0,2.0,0.585,0.0,1.0,0.112,1.0,3.0,1.076,0.0,2.0,0.415,1.0,2.0,0.852,0.0,1.0,0.266,2.0,4.0,1.64,1.0,3.0,1.054,6.0,14.0,7.19,5000.0,7500.0,5492,0.0,1.0,0.091,0.0,0.0,0.05,40.0,40.0,36.36,1.0,1.0,0.895,24.0,24.0,24.003,400.0,470.0,399.66,1200.0,1200.0,1199.25,3300.0,4100.0,3305.45,9.0,18.0,9.432,0.0,0.0,0,4700.0,4700.0,4700,9000.0,9000.0,9000,0.0,0.0,12.75,1.0,1.0,0.61,,,,100.0,200.0,68.1,0.0,0.0,0,,,,100.0,100.0,100,24.0,24.0,24.004,,,,0.0,20.0,1.34,,,,5000.0,5000.0,5000,3.0,3.0,3,2.0,2.0,2,2.0,2.0,2,2.0,2.0,2,3.0,3.0,3,12.0,12.0,12,,,,0.0,1.0,0.093,0.0,1.0,0.245,0.0,1.0,0.052,,,,,,,12000.0,12000.0,11988,1500.0,1500.0,1500,0.0,3.0,1.08,0.0,1.0,0.328,0.0,1.0,0.36,0.0,1.0,0.312,,,,,,,,,
28,3.0,3.0,3,0.0,2.0,0.607,0.0,1.0,0.086,1.0,3.0,1.034,0.0,2.0,0.441,1.0,2.0,0.799,0.0,1.0,0.273,2.0,4.0,1.664,1.0,3.0,1.096,10.0,19.0,11.337,5000.0,7500.0,5719,0.0,1.0,0.124,,,,0.0,0.0,0,1.0,1.0,0.895,24.0,24.0,24.004,400.0,470.0,399.66,1400.0,1400.0,1399.5,3600.0,4400.0,3563.45,9.0,18.0,9.253,0.0,0.0,0,4700.0,4700.0,4700,9000.0,9000.0,9000,0.0,0.0,4.25,1.0,1.0,0.586,,,,100.0,200.0,71.4,350.0,350.0,306.6,,,,100.0,100.0,100,24.0,24.0,24.02,,,,50.0,70.0,45.02,,,,5000.0,5000.0,5000,3.0,3.0,3,2.0,2.0,2,2.0,2.0,2,2.0,2.0,2,3.0,3.0,3,12.0,12.0,12,,,,0.0,1.0,0.107,0.0,1.0,0.257,0.0,0.049999999999954525,0.05,,,,50.0,50.0,43.8,12000.0,12000.0,11997,1500.0,1500.0,1498.5,0.0,3.0,1.041,0.0,1.0,0.356,0.0,1.0,0.347,0.0,1.0,0.296,0.0,0.0,20,,,,,,
29,3.0,3.0,3,0.0,2.0,0.59,0.0,1.0,0.114,1.0,3.0,1.083,0.0,2.0,0.456,1.0,2.0,0.803,0.0,1.0,0.273,1.0,3.0,1.582,1.0,3.0,1.099,6.0,15.0,7.508,6000.0,7500.0,5875.5,0.0,1.0,0.086,,,,0.0,0.0,0,1.0,1.0,0.895,24.0,24.0,24.016,400.0,470.0,399.66,0.0,0.0,4.1,3650.0,4500.0,3622.75,10.0,18.0,9.321,0.0,0.0,0,4700.0,4700.0,4700,9000.0,9000.0,9000,0.0,0.0,51,1.0,1.0,0.573,,,,100.0,200.0,72.9,100.0,100.0,91.4,,,,100.0,100.0,100,24.0,24.0,24.024,,,,0.0,20.0,2.02,,,,5000.0,5000.0,5000,3.0,3.0,3,2.0,2.0,2,2.0,2.0,2,2.0,2.0,2,3.0,3.0,3,12.0,12.0,12,100.0,100.0,99.9,0.0,1.0,0.096,0.0,1.0,0.282,0.0,0.0,0.049,,,,,,,12000.0,12000.0,11952,3000.0,3000.0,2992.5,3.0,6.0,2.088,1.0,2.0,0.623,1.0,2.0,0.696,1.0,2.0,0.676,0.0,0.0,5,,,,,,
30,3.0,3.0,3,0.0,2.0,0.564,0.0,1.0,0.144,1.0,3.0,1.103,0.0,2.0,0.465,1.0,2.0,0.835,0.0,1.0,0.235,1.0,3.0,1.578,1.0,3.0,1.073,6.0,15.049999999999955,7.345,6000.0,7500.0,5796.5,0.0,1.0,0.091,0.0,0.0,0.05,20.0,20.0,18.18,1.0,1.0,0.895,24.0,24.0,24.023,420.0,490.0,417.89,200.0,200.0,205.85,3600.0,4452.499999999997,3593.05,10.0,18.0,9.269,0.0,0.0,0,4700.0,4700.0,4700,9000.0,9000.0,9000,0.0,0.0,29.75,1.0,1.0,0.593,,,,100.0,200.0,70,0.0,0.0,0,,,,100.0,100.0,99.7,24.0,24.0,24.024,,,,0.0,20.0,1.06,,,,5000.0,5000.0,5000,3.0,3.0,3,2.0,2.0,1.994,2.0,2.0,2,2.0,2.0,2,3.0,3.0,3,12.0,12.0,11.994,,,,0.0,1.0,0.109,0.0,1.0,0.239,0.0,1.0,0.059,,,,,,,12000.0,12000.0,11976,1500.0,1500.0,1492.5,0.0,3.0,1.008,0.0,1.0,0.326,0.0,1.0,0.336,0.0,1.0,0.333,,,,,,,,,
31,3.0,3.0,3,0.0,2.0,0.625,0.0,1.0,0.116,1.0,3.0,1.065,0.0,2.0,0.458,1.0,2.0,0.769,0.0,1.0,0.266,1.0,4.0,1.609,1.0,3.0,1.092,6.0,14.0,7.139,5000.0,7500.0,5652.5,0.0,1.0,0.108,,,,0.0,0.0,0,1.0,1.0,0.895,24.0,24.0,24.024,420.0,490.0,417.89,400.0,400.0,404.6,3700.0,4550.0,3684.25,10.0,18.0,9.169,25.0,25.0,25,4700.0,4700.0,4700,9000.0,9000.0,9000,0.0,0.0,4.25,1.0,1.0,0.599,,,,100.0,200.0,72.4,150.0,150.0,133.8,,,,100.0,100.0,100,24.0,24.0,24.036,,,,0.0,20.0,1.18,25.0,25.0,25,5000.0,5000.0,5000,3.0,3.0,3,2.0,2.0,2,2.0,2.0,2,2.0,2.0,2,3.0,3.0,3,12.0,12.0,12,,,,0.0,1.0,0.111,0.0,1.0,0.253,0.0,0.0,0.037,,,,,,,12000.0,12000.0,11997,1500.0,1500.0,1500,0.0,3.0,1.08,0.0,1.0,0.323,0.0,1.0,0.36,0.0,1.0,0.317,0.0,0.0,15,,,,,,
32,3.0,3.0,3,0.0,2.0,0.602,0.0,1.0,0.107,1.0,3.0,1.176,0.0,2.0,0.419,1.0,2.0,0.793,0.0,1.0,0.278,2.0,3.0,1.575,1.0,3.0,1.049,6.0,14.0,7.081,5000.0,7500.0,5511,0.0,1.0,0.094,,,,30.0,30.0,27.18,1.0,1.0,0.893,24.0,24.0,24.033,450.0,520.0,445.07,600.0,600.0,598.85,3700.0,4550.0,3654.15,10.0,18.0,9.265,50.0,50.0,50,4700.0,4700.0,4700,9000.0,9000.0,9000,0.0,0.0,38.25,1.0,1.0,0.586,,,,100.0,200.0,69.7,0.0,0.0,0,,,,100.0,100.0,99.8,24.0,24.0,24.036,,,,0.0,0.0,0.84,25.0,25.0,25,5000.0,5000.0,5000,3.0,3.0,3,2.0,2.0,1.996,2.0,2.0,2,2.0,2.0,2,3.0,3.0,3,12.0,12.0,11.998,0.0,0.0,0.5,0.0,1.0,0.099,0.0,1.0,0.263,0.0,1.0,0.052,,,,,,,12000.0,12000.0,11964,1500.0,1500.0,1503,0.0,3.0,0.936,0.0,1.0,0.302,0.0,1.0,0.312,0.0,1.0,0.388,,,,,,,,,
33,3.0,3.0,3,0.0,2.0,0.595,0.0,1.0,0.107,1.0,3.0,1.082,0.0,2.0,0.421,1.0,2.0,0.796,0.0,1.0,0.275,2.0,3.0,1.607,1.0,3.0,1.117,5.0,14.0,7.03,5000.0,7500.0,5521,0.0,1.0,0.097,,,,0.0,0.0,0,1.0,1.0,0.893,24.0,24.0,24.036,450.0,520.0,445.07,800.0,800.0,794.95,3850.0,4650.0,3769.35,10.0,19.0,9.387,75.0,75.0,75,4700.0,4700.0,4700,9000.0,9000.0,9000,0.0,0.0,12.75,1.0,1.0,0.585,,,,100.0,200.0,69.6,200.0,200.0,180.6,,,,100.0,100.0,100,24.0,24.0,24.064,,,,0.0,0.0,0.82,25.0,25.0,25,5000.0,5000.0,5000,3.0,3.0,3,2.0,2.0,2,2.0,2.0,2,2.0,2.0,2,3.0,3.0,3,12.0,12.0,12,0.0,0.0,0.15,0.0,1.0,0.107,0.0,1.0,0.252,0.0,1.0,0.056,,,,,,,12000.0,12000.0,11991,1500.0,1500.0,1500,0.0,3.0,0.942,0.0,1.0,0.352,0.0,1.0,0.314,0.0,1.0,0.334,0.0,0.0,35,,,,,,
34,3.0,3.0,3,0.0,2.0,0.628,0.0,1.0,0.102,1.0,3.0,1.082,0.0,2.0,0.429,1.0,2.0,0.824,0.0,1.0,0.3,2.0,3.0,1.574,1.0,3.0,1.061,6.0,14.0,6.929,6000.0,7500.0,5750.5,0.0,1.0,0.105,0.0,0.0,0.05,40.0,40.0,35.8,1.0,1.0,0.889,24.0,24.0,24.057,480.0,560.0,480.92,1000.0,1000.0,989.7,3800.0,4650.0,3722.45,10.0,19.0,9.405,100.0,100.0,100,4700.0,4700.0,4700,9000.0,9000.0,9000,0.0,0.0,89.25,1.0,1.0,0.597,,,,100.0,200.0,72.9,0.0,0.0,0,,,,100.0,100.0,99.8,24.0,24.0,24.08,,,,0.0,0.0,0.9,25.0,25.0,25,5000.0,5000.0,5000,3.0,3.0,3,2.0,2.0,1.996,2.0,2.0,2,2.0,2.0,2,3.0,3.0,3,12.0,12.0,12,,,,0.0,1.0,0.1,0.0,1.0,0.249,0.0,1.0,0.054,,,,,,,12000.0,12000.0,11916,1500.0,1500.0,1500,0.0,3.0,0.918,0.0,1.0,0.344,0.0,1.0,0.306,0.0,1.0,0.35,0.0,0.0,20,,,,,,
35,3.0,3.0,3,0.0,2.0,0.616,0.0,1.0,0.097,1.0,3.0,1.114,0.0,2.0,0.409,1.0,2.0,0.835,0.0,1.0,0.243,2.0,3.0,1.603,1.0,3.0,1.083,10.0,18.0,11.473,6000.0,7500.0,5898,0.0,1.0,0.102,0.0,0.0,0.05,0.0,0.0,0,1.0,1.0,0.889,24.0,24.0,24.076,480.0,560.0,480.97,1200.0,1200.0,1188.45,4250.0,5050.0,4061.95,10.0,19.0,9.678,0.0,0.0,0,4700.0,4700.0,4700,9000.0,9000.0,9000,0.0,0.0,80.75,1.0,1.0,0.597,,,,0.0,200.0,65.2,350.0,350.0,314.3,,,,100.0,100.0,100,24.0,28.0,24.232,,,,50.0,50.0,45.68,25.0,25.0,25,5000.0,5000.0,5000,3.0,3.0,3,2.0,2.0,2,2.0,2.0,2,2.0,2.0,2,3.0,3.0,3,12.0,12.0,12,,,,0.0,1.0,0.103,0.0,1.0,0.256,0.0,0.0,0.044,250.0,250.0,250,50.0,50.0,44.9,12000.0,12000.0,11931,1500.0,1500.0,1489.5,0.0,3.0,1.053,0.0,1.0,0.312,0.0,1.0,0.351,0.0,1.0,0.33,0.0,0.0,190,,,,,,
36,3.0,3.0,3,0.0,2.0,0.569,0.0,1.0,0.11,1.0,3.0,1.071,0.0,2.0,0.43,1.0,2.0,0.826,0.0,1.0,0.249,2.0,3.0,1.645,1.0,3.0,1.1,6.0,14.0,7.122,6000.0,7500.0,5980,0.0,1.0,0.088,,,,0.0,0.0,0,1.0,1.0,0.889,24.0,27.0,24.194,480.0,560.0,480.97,1400.0,1400.0,1360.95,4150.0,4900.0,3541.05,10.0,19.0,9.955,25.0,25.0,25,4700.0,4700.0,4700,9000.0,9000.0,9000,0.0,0.0,501.5,1.0,1.0,0.595,,,,100.0,200.0,67.9,100.0,100.0,91.2,,,,100.0,100.0,100,24.0,28.0,24.696,,,,0.0,0.0,0.74,25.0,25.0,25,5000.0,5000.0,5000,3.0,3.0,3,2.0,2.0,2,2.0,2.0,2,2.0,2.0,2,3.0,3.0,3,12.0,12.0,12,,,,0.0,1.0,0.097,0.0,1.0,0.261,0.0,0.0,0.047,,,,,,,12000.0,12000.0,11532,1500.0,1500.0,1494,0.0,3.0,1.017,0.0,1.0,0.335,0.0,1.0,0.339,0.0,1.0,0.322,0.0,5000.0,580,,,,,,
37,3.0,3.0,3,0.0,2.0,0.565,0.0,1.0,0.108,1.0,3.0,1.06,0.0,2.0,0.408,1.0,2.0,0.831,0.0,1.0,0.296,2.0,3.0,1.634,1.0,3.0,1.08,6.0,14.0,7.157,6000.0,7500.0,5798.5,0.0,1.0,0.093,0.0,0.0,0.7,20.0,20.0,18.14,1.0,1.0,0.869,24.0,28.0,24.58,500.0,580.0,499.81,0.0,1052.4999999999977,150.25,4100.0,4850.0,3454.25,10.0,19.0,10.205,50.0,50.0,50,4700.0,4700.0,4700,9000.0,9000.0,9000,0.0,12750.0,1640.5,1.0,1.0,0.613,,,,100.0,200.0,70.4,0.0,0.0,0,,,,100.0,100.0,97.2,24.0,28.0,24.744,,,,0.0,20.0,1.58,25.0,25.0,25,5000.0,5000.0,5000,3.0,3.0,3,2.0,2.0,1.944,2.0,2.0,2,2.0,2.0,2,3.0,3.0,3,12.0,12.0,11.964,100.0,100.0,94.2,0.0,1.0,0.106,0.0,1.0,0.237,0.0,0.0,0.044,,,,,,,12000.0,12000.0,10494,3000.0,3000.0,2682,3.0,6.0,1.83,0.0,2.0,0.59,1.0,2.0,0.61,0.0,2.0,0.588,0.0,0.0,60,,,,,,
38,3.0,3.0,3,0.0,2.0,0.639,0.0,1.0,0.106,1.0,3.0,1.111,0.0,2.0,0.439,1.0,2.0,0.792,0.0,1.0,0.234,2.0,3.0,1.58,1.0,3.0,1.096,5.0,14.0,6.928,5000.0,7500.0,5567,0.0,1.0,0.088,0.0,0.0,0.1,0.0,0.0,0,1.0,1.0,0.867,24.0,28.0,24.732,500.0,580.0,499.91,200.0,1252.4999999999977,388.25,4100.0,4850.0,3363.75,10.0,19.0,10.362,50.0,50.0,50,4700.0,4700.0,4700,9000.0,9000.0,9000,0.0,4250.0,646,1.0,1.0,0.604,,,,100.0,200.0,67.3,150.0,150.0,136.8,,,,100.0,100.0,99.6,24.0,28.0,24.9,,,,0.0,0.0,0.74,,,,5000.0,5000.0,5000,3.0,3.0,3,2.0,2.0,1.992,2.0,2.0,2,2.0,2.0,2,3.0,3.0,3,12.0,12.0,11.994,,,,0.0,1.0,0.1,0.0,1.0,0.242,0.0,1.0,0.054,,,,,,,12000.0,12000.0,11508,1500.0,1500.0,1308,0.0,3.0,0.897,0.0,1.0,0.27,0.0,1.0,0.299,0.0,1.0,0.303,0.0,0.0,195,,,,,,
39,3.0,3.0,3,0.0,2.0,0.593,0.0,1.0,0.107,1.0,3.0,1.091,0.0,2.0,0.447,1.0,2.0,0.804,0.0,1.0,0.291,2.0,3.0,1.589,1.0,3.0,1.047,5.0,14.0,6.779,6000.0,7500.0,5686.5,0.0,1.0,0.108,0.0,0.0,0.15,30.0,30.0,26.76,1.0,1.0,0.857,24.0,28.0,24.861,530.0,610.0,526.82,400.0,1400.0,545.4,4050.0,4800.0,3301.15,10.0,19.0,10.488,50.0,50.0,50,4700.0,4700.0,4700,9000.0,9000.0,9000,0.0,4250.0,548.25,1.0,1.0,0.63,,,,100.0,200.0,73.8,0.0,0.0,0,,,,100.0,100.0,96.4,24.0,28.0,24.932,,,,0.0,0.0,0.9,,,,5000.0,5000.0,5000,3.0,3.0,3,2.0,2.0,1.928,2.0,2.0,2,2.0,2.0,2,3.0,3.0,3,12.0,12.0,11.938,0.0,0.0,0.1,0.0,1.0,0.103,0.0,1.0,0.212,0.0,1.0,0.055,,,,,,,12000.0,12000.0,11496,1500.0,1574.9999999999318,1498.5,0.0,3.0,1.026,0.0,1.0,0.33,0.0,1.0,0.342,0.0,1.0,0.327,0.0,0.0,40,,,,,,
40,3.0,3.0,3,0.0,2.0,0.608,0.0,1.0,0.099,1.0,3.0,1.077,0.0,2.0,0.428,1.0,2.0,0.819,0.0,1.0,0.224,2.0,4.0,1.662,1.0,3.0,1.076,6.0,14.0,7.12,6000.0,7500.0,5773,0.0,1.0,0.114,0.0,0.0,0.05,0.0,0.0,0,1.0,1.0,0.856,24.0,28.0,24.924,530.0,610.0,526.87,600.0,600.0,484.9,4100.0,4900.0,3179.3,10.0,19.0,10.459,50.0,50.0,50,4700.0,4700.0,4700,9000.0,9000.0,9000,0.0,0.0,267.75,1.0,1.0,0.577,,,,100.0,200.0,65.2,200.0,200.0,177.2,,,,100.0,100.0,99.25,24.0,28.0,25.144,,,,0.0,20.0,1.16,,,,5000.0,5000.0,5000,3.0,3.0,3,2.0,2.0,1.985,2.0,2.0,2,2.0,2.0,2,3.0,3.0,3,12.0,12.0,11.986,0.0,100.0,13.75,0.0,1.0,0.104,0.0,1.0,0.261,0.0,1.0,0.058,,,,,,,12000.0,12000.0,11787,1500.0,3000.0,1692,0.0,3.0,1.131,0.0,1.0,0.395,0.0,1.0,0.377,0.0,1.0,0.356,0.0,5000.0,265,,,,,,
41,3.0,3.0,3,0.0,2.0,0.556,0.0,1.0,0.114,1.0,3.0,1.083,0.0,2.0,0.42,1.0,2.0,0.758,0.0,1.0,0.27,2.0,4.0,1.655,1.0,3.0,1.111,6.0,14.0,7.098,6000.0,7500.0,5772.5,0.0,1.0,0.089,0.0,0.0,0.1,40.0,40.0,36.44,1.0,1.0,0.845,24.0,28.0,25.091,570.0,630.0,563.41,800.0,800.0,634.75,4050.0,4850.0,3092.15,10.0,19.0,10.374,50.0,50.0,50,4700.0,4700.0,4700,9000.0,9000.0,9000,0.0,12750.0,709.75,1.0,1.0,0.608,,,,100.0,200.0,69,0.0,0.0,0,,,,100.0,100.0,96.15,24.0,28.0,25.192,,,,0.0,0.9999999999990905,1,,,,5000.0,5000.0,5000,3.0,3.0,3,2.0,2.0,1.923,2.0,2.0,2,2.0,2.0,2,3.0,3.0,3,12.0,12.0,11.934,0.0,0.0,0.4,0.0,1.0,0.093,0.0,1.0,0.243,0.0,1.0,0.056,,,,,,,12000.0,12000.0,11340,1500.0,1500.0,1500,0.0,3.0,0.915,0.0,1.0,0.358,0.0,1.0,0.305,0.0,1.0,0.337,0.0,0.0,60,,,,,,
42,3.0,3.0,3,0.0,2.0,0.614,0.0,1.0,0.106,1.0,3.0,1.075,0.0,2.0,0.444,1.0,2.0,0.755,0.0,1.0,0.279,2.0,3.0,1.62,1.0,3.0,1.098,10.0,19.0,11.552,6000.0,7500.0,5816,0.0,1.0,0.097,0.0,0.0,0.1,0.0,0.0,0,1.0,1.0,0.845,24.0,28.0,25.18,570.0,630.0,563.51,1000.0,1000.0,839,3800.0,4900.0,2606.4,10.0,19.0,10.447,50.0,50.0,50,4700.0,4700.0,4700,9000.0,9000.0,9000,0.0,4250.0,378.25,1.0,1.0,0.574,,,,100.0,200.0,72.3,350.0,350.0,316.05,,,,100.0,100.0,99.1,24.0,28.0,25.812,,,,50.0,50.0,46.01,,,,5000.0,5000.0,5000,3.0,3.0,3,2.0,2.0,1.982,2.0,2.0,2,2.0,2.0,2,3.0,3.0,3,12.0,12.0,11.982,,,,0.0,1.0,0.102,0.0,1.0,0.264,0.0,1.0,0.06,,,,50.0,50.0,45.15,12000.0,12000.0,11697,1500.0,1500.0,1420.5,0.0,3.0,0.933,0.0,1.0,0.3,0.0,1.0,0.311,0.0,1.0,0.336,0.0,5000.0,775,,,,,,
43,3.0,3.0,3,0.0,2.0,0.556,0.0,1.0,0.108,1.0,3.0,1.119,0.0,2.0,0.446,1.0,2.0,0.806,0.0,1.0,0.25,2.0,4.0,1.624,1.0,3.0,1.089,6.0,14.0,7.095,5000.0,7500.0,5687,0.0,1.0,0.112,0.0,0.0,0.55,0.0,0.0,0,1.0,1.0,0.842,24.0,28.0,25.657,570.0,630.0,564.06,1200.0,1200.0,925.75,3450.0,4852.499999999997,2490.15,10.0,19.0,10.334,50.0,50.0,50,4700.0,4700.0,4700,9000.0,9000.0,9000,0.0,12750.0,2027.25,1.0,1.0,0.628,,,,100.0,200.0,69.6,100.0,100.0,88.8,,,,100.0,100.0,99.65,24.0,28.0,25.952,,,,0.0,20.0,1.16,,,,5000.0,5000.0,5000,3.0,3.0,3,2.0,2.0,1.993,2.0,2.0,2,2.0,2.0,2,3.0,3.0,3,12.0,12.0,11.996,,,,0.0,1.0,0.092,0.0,1.0,0.239,0.0,0.0,0.041,,,,,,,12000.0,12000.0,10104,1500.0,1500.0,1482,0.0,3.0,1.047,0.0,1.0,0.313,0.0,1.0,0.349,0.0,1.0,0.326,0.0,0.0,175,,,,,,
44,3.0,3.0,3,0.0,2.0,0.6,0.0,1.0,0.091,1.0,3.0,1.074,0.0,2.0,0.433,1.0,2.0,0.764,0.0,1.0,0.264,2.0,4.0,1.666,1.0,3.0,1.069,5.0,14.0,6.867,6000.0,7500.0,5746.5,0.0,1.0,0.112,0.0,0.0,0.45,20.0,20.0,17.76,1.0,1.0,0.821,24.0,28.0,25.917,580.0,650.0,582.27,1400.0,1400.0,1138.25,3250.0,4850.0,2429.8,10.0,19.0,10.3,50.0,50.0,50,4700.0,4700.0,4700,9000.0,9000.0,9000,0.0,4250.0,1105,1.0,1.0,0.583,,,,100.0,200.0,69.7,0.0,0.0,0,,,,100.0,100.0,95.05,24.0,28.0,25.98,,,,0.0,0.0,0.82,,,,5000.0,5000.0,5000,3.0,3.0,3,2.0,2.0,1.901,2.0,2.0,2,2.0,2.0,2,3.0,3.0,3,12.0,12.0,11.922,,,,0.0,1.0,0.109,0.0,1.0,0.254,0.0,1.0,0.054,,,,,,,12000.0,12000.0,11115,1500.0,1500.0,1267.5,0.0,3.0,0.786,0.0,1.0,0.288,0.0,1.0,0.262,0.0,1.0,0.295,0.0,0.0,35,,,,,,
45,3.0,3.0,3,0.0,2.0,0.587,0.0,1.0,0.121,1.0,3.0,1.105,0.0,2.0,0.472,1.0,2.0,0.783,0.0,1.0,0.27,2.0,3.0,1.613,1.0,3.0,1.038,6.0,14.0,7.293,6000.0,7500.0,5665.5,0.0,1.0,0.113,0.0,0.0,0.05,0.0,0.0,0,1.0,1.0,0.821,24.0,28.0,25.973,580.0,650.0,582.32,0.0,1104.9999999999955,533.05,1150.0,4900.0,2348.15,10.0,19.0,10.313,50.0,50.0,50,4700.0,4700.0,4700,9000.0,9000.0,9000,0.0,0.0,238,1.0,1.0,0.6,,,,100.0,200.0,74.2,150.0,150.0,133.05,,,,100.0,100.0,98.9,28.0,28.0,26.132,,,,0.0,20.0,1.46,,,,5000.0,5000.0,5000,3.0,3.0,3,2.0,2.0,1.978,2.0,2.0,2,2.0,2.0,2,3.0,3.0,3,12.0,12.0,11.978,100.0,100.0,51.2,0.0,1.0,0.099,0.0,1.0,0.26,0.0,0.0,0.041,,,,,,,12000.0,12000.0,11811,3000.0,3000.0,2205,0.0,6.0,1.473,0.0,1.0499999999999545,0.496,0.0,2.0,0.491,0.0,2.0,0.483,0.0,0.0,190,,,,,,
46,3.0,3.0,3,0.0,2.0,0.61,0.0,1.0,0.106,1.0,3.0,1.064,0.0,2.0,0.461,1.0,2.0,0.77,0.0,1.0,0.254,1.0,3.0,1.583,1.0,3.0,1.118,5.0,14.0,6.974,6000.0,7500.0,5837.5,0.0,1.0,0.1,0.0,0.0,0.25,30.0,30.0,27,1.0,1.0,0.806,27.0,28.0,26.094,610.0,680.0,609.57,950.0,1304.9999999999955,763.3,1100.0,4850.0,2263.8,10.0,19.0,10.255,50.0,50.0,50,4700.0,4700.0,4700,9000.0,9000.0,9000,0.0,0.0,514.25,1.0,1.0,0.615,,,,100.0,200.0,71.5,0.0,0.0,0,,,,100.0,100.0,95.85,28.0,28.0,26.18,,,,0.0,0.0,0.94,,,,5000.0,5000.0,5000,3.0,3.0,3,2.0,2.0,1.917,2.0,2.0,2,2.0,2.0,2,3.0,3.0,3,12.0,12.0,11.932,,,,0.0,1.0,0.088,0.0,1.0,0.25,0.0,0.0,0.047,,,,,,,12000.0,12000.0,11523,1500.0,1500.0,1432.5,0.0,3.0,0.882,0.0,1.0,0.314,0.0,1.0,0.294,0.0,1.0,0.347,0.0,0.0,60,,,,,,
47,3.0,3.0,3,0.0,2.0,0.555,0.0,1.0,0.103,1.0,3.0,1.104,0.0,2.0,0.458,1.0,2.0,0.805,0.0,1.0,0.268,2.0,3.0,1.609,1.0,3.0,1.096,6.0,14.0,7.261,6000.0,7500.0,5648.5,0.0,1.0,0.089,0.0,0.0,0.15,0.0,0.0,0,1.0,1.0,0.804,28.0,28.0,26.168,610.0,680.0,609.72,400.0,1400.0,460.8,1000.0,4850.0,2128.9,10.0,19.0,9.831,50.0,50.0,50,4700.0,4700.0,4700,9000.0,9000.0,9000,0.0,212.49999999980673,314.5,1.0,1.0,0.589,,,,100.0,200.0,72.6,200.0,200.0,182.2,,,,100.0,100.0,99.7,28.0,28.0,26.412,,,,0.0,20.0,1.78,,,,5000.0,5000.0,5000,3.0,3.0,3,2.0,2.0,1.994,2.0,2.0,2,2.0,2.0,2,3.0,3.0,3,12.0,12.0,11.996,0.0,4.9999999999954525,5,0.0,1.0,0.109,0.0,1.0,0.255,0.0,0.0,0.047,,,,,,,12000.0,12000.0,11742,1500.0,3000.0,1941,0.0,3.0,1.356,0.0,1.0,0.414,0.0,1.0,0.452,0.0,1.0,0.428,0.0,5000.0,290,,,,,,
48,3.0,3.0,3,0.0,2.0,0.594,0.0,1.0,0.105,1.0,3.0,1.042,0.0,2.0,0.419,1.0,2.0,0.818,0.0,1.0,0.278,2.0,3.0,1.616,1.0,3.0,1.111,5.0,14.0,6.947,6000.0,7500.0,5938.5,0.0,1.0,0.093,0.0,0.0,0.45,40.0,40.0,36.28,1.0,1.0,0.793,28.0,28.0,26.354,650.0,720.0,646.45,200.0,1350.0,386.5,950.0,4850.0,2065.85,10.0,19.0,9.846,50.0,50.0,50,4700.0,4700.0,4700,9000.0,9000.0,9000,0.0,12750.0,790.5,1.0,1.0,0.611,,,,100.0,200.0,69.7,0.0,0.0,0,,,,100.0,100.0,97.75,28.0,28.0,26.44,,,,0.0,20.0,1.14,,,,5000.0,5000.0,5000,3.0,3.0,3,2.0,2.0,1.955,2.0,2.0,2,2.0,2.0,2,3.0,3.0,3,12.0,12.0,11.966,0.0,100.0,19.3,0.0,1.0,0.102,0.0,1.0,0.226,0.0,1.0,0.061,,,,,,,12000.0,12000.0,11268,1500.0,3000.0,1696.5,0.0,3.0,1.155,0.0,1.0,0.362,0.0,1.0,0.385,0.0,1.0,0.384,0.0,0.0,35,,,,,,
49,3.0,3.0,3,0.0,2.0,0.627,0.0,1.0,0.105,1.0,3.0,1.095,0.0,2.0,0.44,1.0,2.0,0.812,0.0,1.0,0.243,2.0,3.0,1.653,1.0,3.0,1.023,10.0,19.0,11.608,6000.0,7500.0,5599.5,0.0,1.0,0.106,0.0,0.0,0.05,0.0,0.0,0,1.0,1.0,0.793,28.0,28.0,26.433,650.0,720.0,646.5,400.0,800.0,505.85,900.0,4850.0,1797.25,10.0,19.0,9.53,50.0,50.0,50,4700.0,4700.0,4700,9000.0,9000.0,9000,0.0,4250.0,335.75,1.0,1.0,0.591,,,,100.0,200.0,68.3,350.0,350.0,312.9,,,,100.0,100.0,99.8,28.0,28.0,26.88,,,,50.0,70.0,45.94,,,,5000.0,5000.0,5000,3.0,3.0,3,2.0,2.0,1.996,2.0,2.0,2,2.0,2.0,2,3.0,3.0,3,12.0,12.0,11.996,0.0,50.0,2.9,0.0,1.0,0.106,0.0,1.0,0.26,0.0,0.0,0.043,,,,50.0,50.0,44.7,12000.0,12000.0,11742,1500.0,1500.0,1500,0.0,3.0,0.924,0.0,1.0,0.326,0.0,1.0,0.308,0.0,1.0,0.366,0.0,5000.0,550,,,,,,
50,3.0,3.0,3,1.0,2.0,0.649,0.0,1.0,0.125,1.0,3.0,1.022,0.0,2.0,0.413,1.0,2.0,0.772,0.0,1.0,0.255,2.0,4.0,1.654,1.0,3.0,1.105,6.0,14.0,7.188,6000.0,7500.0,5858.5,0.0,1.0,0.108,0.0,0.0,0.6,0.0,0.0,0,1.0,1.0,0.791,28.0,28.0,26.77,650.0,720.0,647.1,600.0,1000.0,625.1,950.0,4850.0,1728.85,10.0,19.0,9.553,50.0,50.0,50,4700.0,4700.0,4700,9000.0,9000.0,9000,0.0,12750.0,1432.25,1.0,1.0,0.599,,,,100.0,200.0,66.8,100.0,100.0,89.2,,,,100.0,100.0,99.4,28.0,28.0,26.98,,,,0.0,20.0,1.06,,,,5000.0,5000.0,5000,3.0,3.0,3,2.0,2.0,1.988,2.0,2.0,2,2.0,2.0,2,3.0,3.0,3,12.0,12.0,11.99,,,,0.0,1.0,0.11,0.0,1.0,0.249,0.0,0.0,0.042,,,,,,,12000.0,12000.0,10659,1500.0,1500.0,1489.5,0.0,3.0,1.083,0.0,1.0,0.332,0.0,1.0,0.361,0.0,1.0,0.3,0.0,0.0,125,,,,,,
51,3.0,3.0,3,0.0,2.0,0.642,0.0,1.0,0.098,1.0,3.0,1.08,0.0,2.0,0.463,1.0,2.0,0.777,0.0,1.0,0.261,2.0,4.0,1.652,1.0,3.0,0.998,5.0,14.0,6.839,6000.0,7500.0,5650.5,0.0,1.0,0.098,0.0,0.0,0.25,20.0,20.0,18.04,1.0,1.0,0.773,28.0,28.0,26.955,670.0,740.0,665.39,800.0,1200.0,833.85,900.0,4800.0,1665.05,10.0,19.0,9.605,50.0,50.0,50,4700.0,4700.0,4700,9000.0,9000.0,9000,0.0,4250.0,786.25,1.0,1.0,0.603,,,,100.0,200.0,72.4,0.0,0.0,0,,,,100.0,100.0,96.2,28.0,28.0,27.012,,,,0.0,0.0,0.86,,,,5000.0,5000.0,5000,3.0,3.0,3,2.0,2.0,1.924,2.0,2.0,2,2.0,2.0,2,3.0,3.0,3,12.0,12.0,11.942,,,,0.0,1.0,0.099,0.0,1.0,0.247,0.0,1.0,0.051,,,,,,,12000.0,12000.0,11370,1500.0,1500.0,1335,0.0,3.0,0.912,0.0,1.0,0.292,0.0,1.0,0.304,0.0,1.0,0.294,0.0,0.0,40,,,,,,
52,3.0,3.0,3,0.0,2.0,0.593,0.0,1.0,0.114,1.0,3.0,1.039,0.0,2.0,0.453,1.0,2.0,0.81,0.0,1.0,0.261,2.0,4.0,1.672,1.0,3.0,1.055,6.0,14.0,7.012,5000.0,7500.0,5635,0.0,1.0,0.118,0.0,0.0,0.05,0.0,0.0,0,1.0,1.0,0.773,28.0,28.0,27.004,670.0,740.0,665.44,1000.0,1400.0,1034.1,900.0,4850.0,1619.05,8.0,19.0,9.431,50.0,50.0,50,4700.0,4700.0,4700,9000.0,9000.0,9000,0.0,0.0,208.25,1.0,1.0,0.633,,,,100.0,200.0,71.4,150.0,150.0,132.3,,,,100.0,100.0,99.7,28.0,28.0,27.132,,,,0.0,20.0,1.14,,,,5000.0,5000.0,5000,3.0,3.0,3,2.0,2.0,1.994,2.0,2.0,2,2.0,2.0,2,3.0,3.0,3,12.0,12.0,11.994,,,,0.0,1.0,0.098,0.0,1.0,0.225,0.0,0.0,0.044,,,,,,,12000.0,12000.0,11829,1500.0,1500.0,1462.5,0.0,3.0,0.966,0.0,1.0,0.347,0.0,1.0,0.322,0.0,1.0,0.306,0.0,0.0,150,,,,,,
53,3.0,3.0,3,0.0,2.0,0.573,0.0,1.0,0.116,1.0,3.0,1.055,0.0,2.0,0.403,1.0,2.0,0.795,0.0,1.0,0.282,2.0,4.0,1.69,1.0,3.0,1.059,6.0,14.0,7.163,5000.0,7500.0,5698,0.0,1.0,0.119,0.0,0.0,0.1,30.0,30.0,26.43,1.0,1.0,0.77,28.0,28.0,27.1,700.0,770.0,691.97,1100.0,1200.0,863.4,900.0,4800.0,1555.4,9.0,19.0,9.443,50.0,50.0,50,4700.0,4700.0,4700,9000.0,9000.0,9000,0.0,0.0,416.5,1.0,1.0,0.6,,,,0.0,200.0,68.5,0.0,0.0,0,,,,100.0,100.0,97.15,28.0,28.0,27.16,,,,0.0,20.0,1.18,,,,5000.0,5000.0,5000,3.0,3.0,3,2.0,2.0,1.943,2.0,2.0,2,2.0,2.0,2,3.0,3.0,3,12.0,12.0,11.946,0.0,100.0,24.7,0.0,1.0,0.105,0.0,1.0,0.245,0.0,0.049999999999954525,0.05,,,,,,,12000.0,12000.0,11616,1500.0,3000.0,1813.5,0.0,3.0,1.17,0.0,1.0,0.394,0.0,1.0,0.39,0.0,1.0,0.425,0.0,0.0,35,0.0,0.0,0.002,0.0,0.0,0.022
54,3.0,3.0,3,0.0,2.0,0.613,0.0,1.0,0.085,1.0,3.0,1.073,0.0,2.0,0.429,1.0,2.0,0.818,0.0,1.0,0.266,2.0,3.0,1.598,1.0,3.0,1.117,6.0,14.0,7.026,5000.0,7500.0,5531.5,0.0,1.0,0.107,0.0,0.0,0.1,0.0,0.0,0,1.0,1.0,0.768,28.0,28.0,27.148,700.0,770.0,692.07,1300.0,1400.0,1073.65,950.0,4800.0,1478.7,8.0,19.0,9.229,50.0,50.0,50,4700.0,4700.0,4700,9000.0,9000.0,9000,0.0,0.0,225.25,1.0,1.0,0.584,,,,100.0,200.0,69.5,200.0,200.0,178.6,,,,100.0,100.0,99.8,28.0,28.0,27.34,,,,0.0,20.0,1.27,,,,5000.0,5000.0,5000,3.0,3.0,3,2.0,2.0,1.996,2.0,2.0,2,2.0,2.0,2,3.0,3.0,3,12.0,12.0,11.998,,,,0.0,1.0,0.092,0.0,1.0,0.269,0.0,1.0,0.055,,,,,,,12000.0,12000.0,11820,1500.0,1500.0,1444.5,0.0,3.0,0.99,0.0,1.0,0.323,0.0,1.0,0.33,0.0,1.0,0.31,0.0,0.0,225,0.0,0.0,0.005,0.0,0.0,0.066
55,3.0,3.0,3,0.0,2.0,0.589,0.0,1.0,0.12,1.0,3.0,1.072,0.0,2.0,0.418,1.0,2.0,0.805,0.0,1.0,0.261,2.0,4.0,1.672,1.0,3.0,1.037,6.0,16.0,7.456,6000.0,7500.0,5703.5,0.0,1.0,0.103,0.0,0.0,0.3,40.0,40.0,35.88,1.0,1.0,0.757,28.0,28.0,27.29,730.0,810.0,728.25,0.0,1450.0,518.5,900.0,4750.0,1429.75,8.0,19.0,9.044,50.0,50.0,50,4700.0,4700.0,4700,9000.0,9000.0,9000,0.0,4250.0,624.75,1.0,1.0,0.594,,,,100.0,200.0,67.9,0.0,0.0,0,,,,100.0,100.0,96.85,28.0,28.0,27.356,,,,0.0,20.0,1.81,,,,5000.0,5000.0,5000,3.0,3.0,3,2.0,2.0,1.937,2.0,2.0,2,2.0,2.0,2,3.0,3.0,3,12.0,12.0,11.948,0.0,100.0,34.4,0.0,1.0,0.091,0.0,1.0,0.269,0.0,0.0,0.046,,,,,,,12000.0,12000.0,11421,3000.0,3000.0,2175,0.0,6.0,1.566,0.0,1.0,0.46,0.0,2.0,0.522,0.0,1.0,0.468,0.0,0.0,20,0.0,0.0,0.005,0.0,0.0,0.059
56,3.0,3.0,3,0.0,2.0,0.589,0.0,1.0,0.106,1.0,3.0,1.081,0.0,2.0,0.432,1.0,2.0,0.791,0.0,1.0,0.252,2.0,4.0,1.661,1.0,3.0,1.087,10.0,19.0,11.559,5000.0,7500.0,5548,0.0,1.0,0.123,,,,0.0,0.0,0,1.0,1.0,0.756,28.0,28.0,27.348,730.0,810.0,728.25,200.0,600.0,210.3,1100.0,4750.0,1440.25,8.0,19.0,8.963,50.0,50.0,50,4700.0,4700.0,4700,9000.0,9000.0,9000,0.0,212.49999999980673,255,1.0,1.0,0.59,,,,100.0,200.0,68.4,350.0,350.0,306.95,,,,100.0,100.0,99.85,28.0,28.0,27.568,,,,50.0,70.0,45.33,,,,5000.0,5000.0,5000,3.0,3.0,3,2.0,2.0,1.997,2.0,2.0,2,2.0,2.0,2,3.0,3.0,3,12.0,12.0,11.998,0.0,150.0,31.2,0.0,1.0,0.107,0.0,1.0,0.246,0.0,1.0,0.057,,,,50.0,50.0,43.85,12000.0,12000.0,11805,1500.0,3000.0,1917,0.0,3.0,1.377,0.0,1.0,0.384,0.0,1.0,0.459,0.0,1.0,0.435,0.0,5000.0,265,0.0,0.0,0.002,0.0,0.0,0.022
57,3.0,3.0,3,0.0,2.0,0.628,0.0,1.0,0.113,1.0,3.0,1.148,0.0,2.0,0.432,1.0,2.0,0.761,0.0,1.0,0.286,1.0,3.0,1.575,1.0,3.0,1.056,5.0,14.0,7.032,6000.0,7500.0,5778.5,0.0,1.0,0.099,0.0,0.0,0.2,0.0,0.0,0,1.0,1.0,0.751,28.0,28.0,27.494,730.0,810.0,728.45,400.0,800.0,364.35,1150.0,4650.0,1407.5,9.0,18.0,9.125,50.0,50.0,50,4700.0,4700.0,4700,9000.0,9000.0,9000,0.0,12750.0,701.25,1.0,1.0,0.585,,,,100.0,200.0,71.8,100.0,100.0,90.1,,,,100.0,100.0,99.65,28.0,28.0,27.644,,,,0.0,0.0,1.11,,,,5000.0,5000.0,5000,3.0,3.0,3,2.0,2.0,1.993,2.0,2.0,2,2.0,2.0,2,3.0,3.0,3,12.0,12.0,11.998,0.0,0.0,0.2,0.0,1.0,0.101,0.0,1.0,0.247,0.0,1.0,0.067,,,,,,,12000.0,12000.0,11346,1500.0,1500.0,1498.5,0.0,3.0,1.008,0.0,1.0,0.337,0.0,1.0,0.336,0.0,1.0,0.326,0.0,0.0,95,0.0,0.0,0.019,0.0,0.0,0.264
58,3.0,3.0,3,0.0,2.0,0.61,0.0,1.0,0.102,1.0,3.0,1.055,0.0,2.0,0.442,1.0,2.0,0.841,0.0,1.0,0.253,1.0,3.0,1.574,1.0,3.0,1.104,5.0,14.0,6.957,5000.0,7500.0,5657.5,0.0,1.0,0.114,0.0,0.0,0.15,20.0,20.0,17.72,1.0,1.0,0.74,28.0,28.0,27.599,750.0,830.0,746.32,600.0,1000.0,567.6,1100.0,4550.0,1364.45,9.0,18.0,9.35,50.0,50.0,50,4700.0,4700.0,4700,9000.0,9000.0,9000,0.0,4250.0,539.75,1.0,1.0,0.604,,,,100.0,200.0,69.5,0.0,0.0,0,,,,100.0,100.0,97.55,28.0,28.0,27.656,,,,0.0,0.0,0.94,,,,5000.0,5000.0,5000,3.0,3.0,3,2.0,2.0,1.951,2.0,2.0,2,2.0,2.0,2,3.0,3.0,3,12.0,12.0,11.962,,,,0.0,1.0,0.101,0.0,1.0,0.249,0.0,0.0,0.046,,,,,,,12000.0,12000.0,11544,1500.0,1500.0,1413,0.0,3.0,0.903,0.0,1.0,0.322,0.0,1.0,0.301,0.0,1.0,0.319,0.0,0.0,15,0.0,0.0,0.022,0.0,0.0,0.262
59,3.0,3.0,3,0.0,2.0,0.568,0.0,1.0,0.107,1.0,3.0,1.057,0.0,2.0,0.443,1.0,2.0,0.806,0.0,1.0,0.253,2.0,4.0,1.704,1.0,3.0,1.059,6.0,14.0,7.189,5000.0,7500.0,5633,0.0,1.0,0.097,0.0,0.0,0.1,0.0,0.0,0,1.0,1.0,0.739,28.0,28.0,27.586,750.0,830.0,746.42,800.0,1200.0,765.45,1200.0,4402.499999999998,1394.85,9.0,18.0,9.483,50.0,50.0,50,4700.0,4700.0,4700,9000.0,9000.0,9000,0.0,0.0,221,1.0,1.0,0.594,,,,100.0,200.0,69.6,150.0,150.0,135.45,,,,100.0,100.0,99.65,28.0,28.0,27.716,,,,0.0,20.0,1.62,,,,5000.0,5000.0,5000,3.0,3.0,3,2.0,2.0,1.993,2.0,2.0,2,2.0,2.0,2,3.0,3.0,3,12.0,12.0,11.994,0.0,0.0,0.15,0.0,1.0,0.108,0.0,1.0,0.248,0.0,0.049999999999954525,0.05,,,,,,,12000.0,12000.0,11820,1500.0,1500.0,1461,0.0,3.0,0.99,0.0,1.0,0.321,0.0,1.0,0.33,0.0,1.0,0.323,0.0,0.0,75,0.0,0.0,0.065,0.0,0.0,0.763
60,3.0,3.0,3,0.0,2.0,0.588,0.0,1.0,0.12,1.0,3.0,1.073,0.0,2.0,0.452,1.0,2.0,0.817,0.0,1.0,0.242,1.0,3.0,1.592,1.0,3.0,1.098,6.0,15.0,7.495,6000.0,7500.0,5895,0.0,1.0,0.09,0.0,0.0,0.2,30.0,30.0,27.3,1.0,1.0,0.736,28.0,28.0,27.592,780.0,850.0,773.92,1000.0,1400.0,932.35,1150.0,4400.0,1356.2,9.0,18.0,9.365,50.0,50.0,50,4700.0,4700.0,4700,9000.0,9000.0,9000,0.0,4250.0,463.25,1.0,1.0,0.59,,,,100.0,200.0,69.4,0.0,0.0,0,,,,100.0,100.0,98.05,28.0,28.0,27.724,,,,0.0,20.0,2.49,,,,5000.0,5000.0,5000,3.0,3.0,3,2.0,2.0,1.961,2.0,2.0,2,2.0,2.0,2,3.0,3.0,3,12.0,12.0,11.964,0.0,0.0,0.35,0.0,1.0,0.103,0.0,1.0,0.265,0.0,0.0,0.042,,,,,,,12000.0,12000.0,11598,1500.0,1500.0,1471.5,0.0,3.0,0.957,0.0,1.0,0.322,0.0,1.0,0.319,0.0,1.0,0.34,0.0,0.0,10,0.0,0.0,0.103,0.0,0.0,1.415
61,3.0,3.0,3,0.0,2.0,0.574,0.0,1.0,0.105,1.0,3.0,1.076,0.0,2.0,0.454,1.0,2.0,0.798,0.0,1.0,0.3,2.0,3.0,1.577,1.0,3.0,1.113,6.0,14.049999999999955,7.344,5000.0,7500.0,5597,0.0,1.0,0.089,0.0,0.0,0.5,0.0,0.0,0,1.0,1.0,0.736,28.0,28.0,27.599,780.0,850.4999999999995,774.42,1100.0,1200.0,1011.2,1300.0,4250.0,1454.1,9.0,18.0,9.472,75.0,75.0,75,4700.0,4700.0,4700,9000.0,9000.0,9000,0.0,4250.0,531.25,1.0,1.0,0.591,,,,100.0,200.0,75.4,200.0,200.0,182.2,,,,100.0,100.0,99.7,28.0,28.0,27.772,,,,0.0,20.0,2.48,25.0,25.0,25,5000.0,5000.0,5000,3.0,3.0,3,2.0,2.0,1.994,2.0,2.0,2,2.0,2.0,2,3.0,3.0,3,12.0,12.0,11.994,0.0,100.0,6.9,0.0,1.0,0.102,0.0,1.0,0.252,0.0,1.0,0.055,,,,,,,12000.0,12000.0,11550,1500.0,3000.0,1533,0.0,3.0,1.038,0.0,1.0,0.326,0.0,1.0,0.346,0.0,1.0,0.35,0.0,0.0,60,0.0,1.0,0.118,0.0,15.0,1.549
62,3.0,3.0,3,0.0,2.0,0.616,0.0,1.0,0.105,1.0,3.0,1.132,0.0,2.0,0.415,1.0,2.0,0.806,0.0,1.0,0.261,2.0,3.0499999999999545,1.6,1.0,3.0,1.063,6.0,15.0,7.491,6000.0,7500.0,6051.5,0.0,1.0,0.091,0.0,0.0,0.1,40.0,40.0,36.36,1.0,1.0,0.735,28.0,28.0,27.593,810.0,890.0,810.88,1300.0,1400.0,1159.75,1250.0,4202.499999999998,1416.95,9.0,18.0,9.507,100.0,100.0,100,4700.0,4700.0,4700,9000.0,9000.0,9000,0.0,4250.0,675.75,1.0,1.0,0.611,,,,100.0,200.0,67.6,0.0,0.0,0,,,,100.0,100.0,99.75,28.0,28.0,27.776,,,,0.0,20.0,3.2,25.0,25.0,25,5000.0,5000.0,5000,3.0,3.0,3,2.0,2.0,1.995,2.0,2.0,2,2.0,2.0,2,3.0,3.0,3,12.0,12.0,11.996,0.0,0.0,1.2,0.0,1.0,0.093,0.0,1.0,0.253,0.0,0.0,0.043,,,,,,,12000.0,12000.0,11424,1500.0,1500.0,1450.5,0.0,3.0,0.969,0.0,1.0,0.324,0.0,1.0,0.323,0.0,1.0,0.32,0.0,0.0,5,0.0,1.0,0.165,0.0,22.0,2.266
63,3.0,3.0,3,0.0,2.0,0.574,0.0,1.0,0.133,1.0,3.0,1.044,0.0,2.0,0.432,1.0,2.0,0.79,0.0,1.0,0.26,2.0,3.0,1.649,1.0,3.0,1.118,11.0,21.0,12.493,6000.0,7500.0,5747.5,0.0,1.0,0.09,0.0,0.0,0.35,0.0,0.0,0,1.0,1.0,0.733,28.0,28.0,27.554,815.0,890.0,811.23,0.0,1400.0,503.25,1750.0,3200.0,1814.75,9.0,19.0,9.85,0.0,0.0,0,4700.0,4700.0,4700,9000.0,9000.0,9000,0.0,4250.0,731,1.0,1.0,0.604,,,,100.0,200.0,69.2,350.0,350.0,318.5,,,,100.0,100.0,99.9,28.0,28.0,27.888,,,,50.0,70.0,49.04,25.0,25.0,25,5000.0,5000.0,5000,3.0,3.0,3,2.0,2.0,1.998,2.0,2.0,2,2.0,2.0,2,3.0,3.0,3,12.0,12.0,12,0.0,100.0,44.5,0.0,1.0,0.096,0.0,1.0,0.26,0.0,0.0,0.04,250.0,250.0,250,50.0,50.0,45.5,12000.0,12000.0,11382,3000.0,3000.0,2199,0.0,3.0,1.422,0.0,2.0,0.483,0.0,1.0,0.474,0.0,2.0,0.509,0.0,0.0,140,0.0,2.0,0.211,0.0,22.0,2.461
64,3.0,3.0,3,0.0,2.0,0.57,0.0,1.0,0.094,1.0,3.0,1.085,0.0,2.0,0.409,1.0,2.0,0.815,0.0,1.0,0.279,2.0,4.0,1.638,1.0,3.0,1.11,6.0,16.0,8.134,6000.0,7500.0,6006.5,0.0,1.0,0.103,0.0,0.0,0.55,0.0,0.0,0,1.0,1.0,0.733,28.0,28.0,27.323,820.0,890.0,811.78,200.0,1300.0,338,1750.0,3100.0,1798.25,11.0,19.0,10.171,25.0,25.0,25,4700.0,4700.0,4700,9000.0,9000.0,9000,0.0,12750.0,1253.75,1.0,1.0,0.593,,,,100.0,200.0,68.8,100.0,100.0,89.7,,,,100.0,100.0,100,28.0,28.0,27.948,,,,0.0,50.0,7.65,25.0,25.0,25,5000.0,5000.0,5000,3.0,3.0,3,2.0,2.0,2,2.0,2.0,2,2.0,2.0,2,3.0,3.0,3,12.0,12.0,12,0.0,100.0,26.5,0.0,1.0,0.109,0.0,1.0,0.243,0.0,1.0,0.055,,,,,,,12000.0,12000.0,10854,1500.0,3000.0,1731,0.0,3.0,1.131,0.0,1.0,0.373,0.0,1.0,0.377,0.0,1.0,0.404,0.0,0.0,75,0.0,3.0,0.526,0.0,44.0,6.84
65,3.0,3.0,3,0.0,2.0,0.619,0.0,1.0,0.107,1.0,3.0,1.133,0.0,2.0,0.406,1.0,2.0,0.764,0.0,1.0,0.268,1.0,3.0,1.575,1.0,3.0,1.122,6.0,16.0,7.897,6000.0,7500.0,5997.5,0.0,1.0,0.103,0.0,0.0,1.05,20.0,20.0,17.94,1.0,1.0,0.73,28.0,28.0,27.51,840.0,910.0,830.77,400.0,1250.0,564.15,1750.0,3100.0,1766.4,10.0,19.0,9.957,50.0,50.0,50,4700.0,4700.0,4700,9000.0,9000.0,9000,0.0,12750.0,2329,1.0,1.0,0.585,,,,100.0,200.0,67.4,0.0,0.0,0,,,,100.0,100.0,99.25,28.0,28.0,27.948,,,,0.0,20.0,5.28,25.0,25.0,25,5000.0,5000.0,5000,3.0,3.0,3,2.0,2.0,1.985,2.0,2.0,2,2.0,2.0,2,3.0,3.0,3,12.0,12.0,11.988,0.0,0.0,2.85,0.0,1.0,0.11,0.0,1.0,0.252,0.0,1.0,0.053,,,,,,,12000.0,12000.0,9900,1500.0,1500.0,1242,0.0,3.0,0.813,0.0,1.0,0.282,0.0,1.0,0.271,0.0,1.0,0.275,,,,0.0,2.0499999999999545,0.361,0.0,30.0,4.253
66,3.0,3.0,3,0.0,2.0,0.571,0.0,1.0,0.096,1.0,3.0,1.068,0.0,2.0,0.422,1.0,2.0,0.802,0.0,1.0,0.261,2.0,4.0,1.671,1.0,3.0,1.108,6.0,16.0,7.863,6000.0,7500.0,6098,0.0,1.0,0.106,0.0,0.0,0.45,0.0,0.0,0,1.0,1.0,0.73,28.0,28.0,27.562,840.0,910.0,831.22,600.0,1350.0,699.35,1850.0,3200.0,1863.9,10.0,19.0,9.868,75.0,75.0,75,4700.0,4700.0,4700,9000.0,9000.0,9000,0.0,12750.0,1734,1.0,1.0,0.604,,,,100.0,200.0,68.3,150.0,150.0,134.1,,,,100.0,100.0,99.9,28.0,28.0,27.952,,,,0.0,20.0,5.54,25.0,25.0,25,5000.0,5000.0,5000,3.0,3.0,3,2.0,2.0,1.998,2.0,2.0,2,2.0,2.0,2,3.0,3.0,3,12.0,12.0,11.998,0.0,0.0,3.3,0.0,1.0,0.096,0.0,1.0,0.238,0.0,1.0,0.062,,,,,,,12000.0,12000.0,10515,1500.0,1500.0,1312.5,0.0,3.0,0.861,0.0,1.0,0.307,0.0,1.0,0.287,0.0,1.0,0.281,0.0,0.0,5,0.0,2.0,0.356,0.0,30.0,4.59
67,3.0,3.0,3,0.0,2.0,0.634,0.0,1.0,0.104,1.0,3.0,1.052,0.0,2.0,0.414,1.0,2.0,0.789,0.0,1.0,0.241,2.0,4.0,1.679,1.0,3.0,1.086,6.0,15.0,7.837,6000.0,7500.0,6069.5,0.0,1.0,0.122,0.0,0.0,0.55,30.0,30.0,26.34,1.0,1.0,0.729,28.0,28.0,27.626,860.0,940.0,858.11,700.0,1350.0,674.45,1775.0,3200.0,1829.55,9.0,19.0,9.711,100.0,100.0,100,4700.0,4700.0,4700,9000.0,9000.0,9000,0.0,8712.499999999807,1547,1.0,1.0,0.604,,,,50.0,200.0,65.5,0.0,0.0,0,,,,100.0,100.0,99.85,28.0,28.0,27.952,,,,0.0,20.0,4.6,25.0,25.0,25,5000.0,5000.0,5000,3.0,3.0,3,2.0,2.0,1.997,2.0,2.0,2,2.0,2.0,2,3.0,3.0,3,12.0,12.0,11.998,0.0,50.0,9.9,0.0,1.0,0.098,0.0,1.0,0.259,0.0,0.0,0.039,,,,,,,12000.0,12000.0,10686,1500.0,3000.0,1482,0.0,3.0,0.966,0.0,1.0,0.355,0.0,1.0,0.322,0.0,1.0,0.311,,,,0.0,2.0,0.3,0.0,22.0,3.477
68,3.0,3.0,3,0.0,2.0,0.571,0.0,1.0,0.11,1.0,3.0,1.116,0.0,2.0,0.456,1.0,2.0,0.8,0.0,1.0,0.224,2.0,4.0,1.652,1.0,3.0,1.07,6.0,16.0,7.803,6000.0,7500.0,6182.5,0.0,1.0,0.107,0.0,0.0,0.45,0.0,0.0,0,1.0,1.0,0.729,28.0,28.0,27.652,860.0,940.0,858.56,600.0,1300.0,608.4,1900.0,3200.0,1936.25,9.0,19.0,9.494,100.0,100.0,100,4700.0,4700.0,4700,9000.0,9000.0,9000,0.0,8500.0,1296.25,1.0,1.0,0.6,,,,0.0,200.0,68,200.0,200.0,178.6,,,,100.0,100.0,99.9,28.0,28.0,27.984,,,,0.0,20.0,4.65,,,,5000.0,5000.0,5000,3.0,3.0,3,2.0,2.0,1.998,2.0,2.0,2,2.0,2.0,2,3.0,3.0,3,12.0,12.0,11.998,0.0,50.0,6.3,0.0,1.0,0.098,0.0,1.0,0.246,0.0,1.0,0.056,,,,,,,12000.0,12000.0,10917,1500.0,3000.0,1546.5,0.0,3.0,0.993,0.0,1.0,0.346,0.0,1.0,0.331,0.0,1.0,0.354,0.0,0.0,40,0.0,2.0,0.279,0.0,29.0,3.44
69,3.0,3.0,3,0.0,2.0,0.61,0.0,1.0,0.107,1.0,3.0,1.133,0.0,2.0,0.42,1.0,2.0,0.796,0.0,1.0,0.276,1.0,4.0,1.584,1.0,3.0,1.072,6.0,16.0,7.723,6000.0,7500.0,6156.5,0.0,1.0,0.103,0.0,0.0,0.25,40.0,40.0,35.88,1.0,1.0,0.726,28.0,28.0,27.686,900.0,980.0,894.69,700.0,1352.4999999999977,672.7,1900.0,3200.0,1906.2,9.0,19.0,9.557,100.0,100.0,100,4700.0,4700.0,4700,9000.0,9000.0,9000,0.0,8500.0,1270.75,1.0,1.0,0.585,,,,100.0,200.0,69.6,0.0,0.0,0,,,,100.0,100.0,99.65,28.0,28.0,27.984,,,,0.0,20.0,4.18,,,,5000.0,5000.0,5000,3.0,3.0,3,2.0,2.0,1.993,2.0,2.0,2,2.0,2.0,2,3.0,3.0,3,12.0,12.0,11.996,0.0,0.0,1.95,0.0,1.0,0.095,0.0,1.0,0.271,0.0,0.0,0.049,,,,,,,12000.0,12000.0,10932,1500.0,1500.0,1431,0.0,3.0,0.933,0.0,1.0,0.307,0.0,1.0,0.311,0.0,1.0,0.336,,,,0.0,2.0,0.265,0.0,29.0,3.31
70,3.0,3.0,3,0.0,2.0,0.559,0.0,1.0,0.109,1.0,3.0,1.081,0.0,2.0,0.417,1.0,2.0,0.885,0.0,1.0,0.269,2.0,3.0,1.586,1.0,3.0,1.094,11.0,20.0,12.202,6000.0,7500.0,6122,0.0,1.0,0.088,0.0,0.0,0.7,0.0,0.0,0,1.0,1.0,0.726,28.0,28.0,27.742,900.0,980.0,895.39,700.0,1400.0,746.45,2150.0,3500.0,2184,9.5,19.0,10.186,100.0,100.0,100,4700.0,4700.0,4700,9000.0,9000.0,9000,0.0,8500.0,1143.25,1.0,1.0,0.584,,,,100.0,200.0,68.6,350.0,350.0,319.2,,,,100.0,100.0,100,28.0,28.0,27.992,,,,50.0,70.0,48.66,,,,5000.0,5000.0,5000,3.0,3.0,3,2.0,2.0,2,2.0,2.0,2,2.0,2.0,2,3.0,3.0,3,12.0,12.0,12,0.0,52.499999999997726,7.5,0.0,1.0,0.118,0.0,1.0,0.256,0.0,0.0,0.042,,,,50.0,50.0,45.6,12000.0,12000.0,11016,1500.0,1500.0,1459.5,0.0,3.0,0.897,0.0,1.0,0.311,0.0,1.0,0.299,0.0,1.0,0.363,0.0,0.0,10,0.0,2.0,0.213,0.0,22.0,2.792
71,3.0,3.0,3,0.0,2.0,0.606,0.0,1.0,0.096,1.0,3.0,1.069,0.0,2.0,0.43,1.0,2.0,0.847,0.0,1.0,0.252,1.5,3.0,1.634,1.0,3.0,1.066,6.0,15.0,7.515,6000.0,7500.0,6284,0.0,1.0,0.091,0.0,0.0,0.3,0.0,0.0,0,1.0,1.0,0.726,28.0,28.0,27.757,900.0,980.0,895.69,800.0,1350.0,799.1,2250.0,3600.0,2243.1,10.0,19.0,9.725,100.0,100.0,100,4700.0,4700.0,4700,9000.0,9000.0,9000,0.0,8500.0,977.5,1.0,1.0,0.605,,,,100.0,200.0,68.2,100.0,100.0,90.9,,,,100.0,100.0,100,28.0,28.0,27.992,,,,0.0,20.0,4.18,,,,5000.0,5000.0,5000,3.0,3.0,3,2.0,2.0,2,2.0,2.0,2,2.0,2.0,2,3.0,3.0,3,12.0,12.0,12,0.0,100.0,11.35,0.0,1.0,0.089,0.0,1.0,0.24,0.0,1.0,0.066,,,,,,,12000.0,12000.0,11148,1500.0,3000.0,1510.5,0.0,3.0,0.996,0.0,1.0,0.335,0.0,1.0,0.332,0.0,1.0,0.34,,,,0.0,2.0,0.215,0.0,22.0,2.723
72,3.0,3.0,3,0.0,2.0,0.62,0.0,1.0,0.106,1.0,3.0,1.086,0.0,2.0,0.411,1.0,2.0,0.838,0.0,1.0,0.296,2.0,3.0,1.577,1.0,3.0,1.066,6.0,15.0,7.316,6000.0,7500.0,6209.5,0.0,1.0,0.098,0.0,0.0,0.3,20.0,20.0,18.04,1.0,1.0,0.726,28.0,28.0,27.877,920.0,990.0,914.03,1000.0,1350.0,861.5,2200.0,3550.0,2213.8,9.0,18.0,9.199,100.0,100.0,100,4700.0,4700.0,4700,9000.0,9000.0,9000,0.0,8500.0,913.75,1.0,1.0,0.598,,,,100.0,200.0,70.7,0.0,0.0,0,,,,100.0,100.0,100,28.0,28.0,27.992,,,,0.0,20.0,2.92,,,,5000.0,5000.0,5000,3.0,3.0,3,2.0,2.0,2,2.0,2.0,2,2.0,2.0,2,3.0,3.0,3,12.0,12.0,12,0.0,50.0,8.35,0.0,1.0,0.103,0.0,1.0,0.24,0.0,1.0,0.059,,,,,,,12000.0,12000.0,11175,1500.0,3000.0,1540.5,0.0,3.0,1.098,0.0,1.0,0.33,0.0,1.0,0.366,0.0,1.0,0.331,,,,0.0,0.0,0.095,0.0,0.0,1.296
73,3.0,3.0,3,0.0,2.0,0.589,0.0,1.0,0.101,1.0,3.0,1.053,0.0,2.0,0.433,1.0,2.0,0.817,0.0,1.0,0.253,2.0,4.0,1.655,1.0,3.0,1.099,6.0,14.0,7.038,6000.0,7500.0,6267,0.0,1.0,0.103,0.0,0.0,0.2,0.0,0.0,0,1.0,1.0,0.726,28.0,28.0,27.931,920.0,990.0,914.23,1000.0,1400.0,764.95,2300.0,3652.4999999999977,2316.95,9.0,18.0,9.247,100.0,100.0,100,4700.0,4700.0,4700,9000.0,9000.0,9000,0.0,4250.0,446.25,1.0,1.0,0.617,,,,100.0,200.0,68.6,150.0,150.0,134.55,,,,100.0,100.0,100,28.0,28.0,27.992,,,,0.0,20.0,1.65,,,,5000.0,5000.0,5000,3.0,3.0,3,2.0,2.0,2,2.0,2.0,2,2.0,2.0,2,3.0,3.0,3,12.0,12.0,12,0.0,50.0,6.3,0.0,1.0,0.094,0.0,1.0,0.226,0.0,1.0,0.063,,,,,,,12000.0,12000.0,11601,1500.0,3000.0,1743,0.0,3.0,1.092,0.0,1.0,0.406,0.0,1.0,0.364,0.0,1.0,0.392,,,,0.0,0.0,0.051,0.0,0.0,0.606
74,3.0,3.0,3,0.0,2.0,0.613,0.0,1.0,0.106,1.0,3.0,1.062,0.0,2.0,0.462,1.0,2.0,0.826,0.0,1.0,0.25,2.0,3.0,1.598,1.0,3.0,1.083,6.0,14.0,7.178,6000.0,7500.0,6259,0.0,1.0,0.115,0.0,0.0,0.1,30.0,30.0,26.55,1.0,1.0,0.726,28.0,28.0,27.951,940.0,1020.0,940.88,825.0,1450.0,741.95,2300.0,3650.0,2288.15,9.5,18.0,9.477,100.0,100.0,100,4700.0,4700.0,4700,9000.0,9000.0,9000,0.0,0.0,242.25,1.0,1.0,0.572,,,,100.0,200.0,71.2,0.0,0.0,0,,,,100.0,100.0,100,28.0,28.0,27.992,,,,0.0,20.0,1.25,,,,5000.0,5000.0,5000,3.0,3.0,3,2.0,2.0,2,2.0,2.0,2,2.0,2.0,2,3.0,3.0,3,12.0,12.0,12,0.0,100.0,9.25,0.0,1.0,0.101,0.0,1.0,0.273,0.0,1.0,0.054,,,,,,,12000.0,12000.0,11790,1500.0,3000.0,1681.5,0.0,3.0,1.014,0.0,1.0,0.4,0.0,1.0,0.338,0.0,1.0,0.383,,,,0.0,0.0,0.037,0.0,0.0,0.466
75,3.0,3.0,3,0.0,2.0,0.594,0.0,1.0,0.111,1.0,3.0,1.118,0.0,2.0,0.419,1.0,2.0,0.781,0.0,1.0,0.255,2.0,3.0499999999999545,1.647,1.0,3.0,1.075,6.0,14.0,7.175,6000.0,7500.0,6190.5,0.0,1.0,0.11,,,,0.0,0.0,0,1.0,1.0,0.726,28.0,28.0,27.983,940.0,1020.0,940.88,400.0,1400.0,568,2450.0,3800.0,2428.55,10.0,19.0,9.667,100.0,100.0,100,4700.0,4700.0,4700,9000.0,9000.0,9000,0.0,0.0,165.75,1.0,1.0,0.595,,,,100.0,200.0,67.4,200.0,200.0,178,,,,100.0,100.0,100,28.0,28.0,27.996,,,,0.0,20.0,1.12,,,,5000.0,5000.0,5000,3.0,3.0,3,2.0,2.0,2,2.0,2.0,2,2.0,2.0,2,3.0,3.0,3,12.0,12.0,12,0.0,150.0,23.7,0.0,1.0,0.097,0.0,1.0,0.255,0.0,1.0,0.053,,,,,,,12000.0,12000.0,11865,1500.0,3000.0,1819.5,0.0,3.0,1.23,0.0,1.0,0.42,0.0,1.0,0.41,0.0,1.0,0.383,0.0,0.0,5,0.0,0.0,0.007,0.0,0.0,0.08
76,3.0,3.0,3,0.0,2.0,0.609,0.0,1.0,0.111,1.0,3.0,1.058,0.0,2.0,0.418,1.0,2.0,0.815,0.0,1.0,0.244,2.0,4.0,1.661,1.0,3.0,1.084,5.0,14.0,6.977,6000.0,7500.0,6221,0.0,1.0,0.084,,,,40.0,40.0,36.64,1.0,1.0,0.725,28.0,28.0,27.987,980.0,1060.0,977.52,400.0,1400.0,463.35,2400.0,3800.0,2394.8,10.0,19.0,9.769,100.0,100.0,100,4700.0,4700.0,4700,9000.0,9000.0,9000,0.0,0.0,51,1.0,1.0,0.624,,,,0.0,200.0,66.2,0.0,0.0,0,,,,100.0,100.0,99.95,28.0,28.0,27.996,,,,0.0,20.0,1.2,,,,5000.0,5000.0,5000,3.0,3.0,3,2.0,2.0,1.999,2.0,2.0,2,2.0,2.0,2,3.0,3.0,3,12.0,12.0,12,0.0,100.0,18.15,0.0,1.0,0.095,0.0,1.0,0.212,0.0,1.0,0.069,,,,,,,12000.0,12000.0,11961,1500.0,3000.0,1774.5,0.0,3.0,1.191,0.0,1.0,0.396,0.0,1.0,0.397,0.0,1.0,0.39,,,,0.0,0.0,0.008,0.0,0.0,0.111
77,3.0,3.0,3,0.0,2.0,0.59,0.0,1.0,0.122,1.0,3.0,1.099,0.0,2.0,0.423,1.0,2.0,0.837,0.0,1.0,0.264,2.0,4.0,1.616,1.0,3.0,1.049,10.0,19.0,11.599,6000.0,7500.0,6216,0.0,1.0,0.114,,,,0.0,0.0,0,1.0,1.0,0.725,28.0,28.0,27.988,980.0,1060.0,977.52,600.0,1000.0,550.45,2675.0,4050.0,2668.6,10.0,19.0,9.755,100.0,100.0,100,4700.0,4700.0,4700,9000.0,9000.0,9000,0.0,0.0,38.25,1.0,1.0,0.604,,,,100.0,200.0,68.7,350.0,350.0,310.1,,,,100.0,100.0,100,28.0,28.0,28,,,,50.0,70.0,45.46,,,,5000.0,5000.0,5000,3.0,3.0,3,2.0,2.0,2,2.0,2.0,2,2.0,2.0,2,3.0,3.0,3,12.0,12.0,12,0.0,100.0,7.15,0.0,1.0,0.107,0.0,1.0,0.236,0.0,1.0,0.053,,,,50.0,50.0,44.3,12000.0,12000.0,11973,1500.0,3000.0,1594.5,0.0,3.0,1.029,0.0,1.0,0.339,0.0,1.0,0.343,0.0,1.0,0.381,0.0,0.0,5,0.0,0.0,0.008,0.0,0.0,0.117
78,3.0,3.0,3,0.0,2.0,0.562,0.0,1.0,0.107,1.0,3.0,1.061,0.0,1.0,0.393,1.0,2.0,0.825,0.0,1.0,0.282,2.0,3.0,1.636,1.0,3.0,1.134,6.0,14.0,7.189,6000.0,7500.0,6266.5,0.0,1.0,0.103,,,,0.0,0.0,0,1.0,1.0,0.725,28.0,28.0,27.99,980.0,1060.0,977.52,600.0,1200.0,701.45,2750.0,4052.4999999999977,2725.8,10.0,19.0,9.669,100.0,100.0,100,4700.0,4700.0,4700,9000.0,9000.0,9000,0.0,0.0,38.25,1.0,1.0,0.58,,,,100.0,200.0,67.5,100.0,100.0,89.7,,,,100.0,100.0,100,28.0,28.0,28,,,,0.0,20.0,1.27,,,,5000.0,5000.0,5000,3.0,3.0,3,2.0,2.0,2,2.0,2.0,2,2.0,2.0,2,3.0,3.0,3,12.0,12.0,12,0.0,0.0,3.25,0.0,1.0,0.12,0.0,1.0,0.252,0.0,0.0,0.048,,,,,,,12000.0,12000.0,11964,1500.0,1500.0,1543.5,0.0,3.0,1.095,0.0,1.0,0.338,0.0,1.0,0.365,0.0,1.0,0.326,,,,0.0,0.0,0.007,0.0,0.0,0.089
79,3.0,3.0,3,0.0,2.0,0.629,0.0,1.0,0.114,1.0,3.0,1.105,0.0,2.0,0.431,1.0,2.0,0.797,0.0,1.0,0.254,2.0,3.0,1.602,1.0,3.0,1.068,6.0,14.049999999999955,7.158,6000.0,7500.0,6234,0.0,1.0,0.089,0.0,0.0,0.05,20.0,20.0,18.22,1.0,1.0,0.725,28.0,28.0,28,1000.0,1080.0,995.79,800.0,1400.0,886.25,2700.0,4050.0,2694.3,9.5,18.0,9.468,100.0,100.0,100,4700.0,4700.0,4700,9000.0,9000.0,9000,0.0,0.0,42.5,1.0,1.0,0.614,,,,100.0,200.0,68.5,0.0,0.0,0,,,,100.0,100.0,100,28.0,28.0,28,,,,0.0,20.0,1.2,,,,5000.0,5000.0,5000,3.0,3.0,3,2.0,2.0,2,2.0,2.0,2,2.0,2.0,2,3.0,3.0,3,12.0,12.0,12,0.0,0.0,1.2,0.0,1.0,0.085,0.0,1.0,0.252,0.0,0.0,0.049,,,,,,,12000.0,12000.0,11964,1500.0,1500.0,1507.5,0.0,3.0,0.999,0.0,1.0,0.332,0.0,1.0,0.333,0.0,1.0,0.34,,,,,,,,,
80,3.0,3.0,3,0.0,2.0,0.57,0.0,1.0,0.099,1.0,3.0,1.068,0.0,2.0,0.434,1.0,2.0,0.837,0.0,1.0,0.26,2.0,3.0,1.65,1.0,3.0,1.082,5.0,14.0,7.128,6000.0,7500.0,6236.5,0.0,1.0,0.115,,,,0.0,0.0,0,1.0,1.0,0.725,28.0,28.0,28,1000.0,1080.0,995.79,1000.0,1400.0,928.45,2800.0,4152.499999999998,2796.45,9.0,18.0,9.38,100.0,100.0,100,4700.0,4700.0,4700,9000.0,9000.0,9000,,,,1.0,1.0,0.593,,,,100.0,200.0,69.4,150.0,150.0,132.75,,,,100.0,100.0,100,28.0,28.0,28,,,,0.0,20.0,1.12,,,,5000.0,5000.0,5000,3.0,3.0,3,2.0,2.0,2,2.0,2.0,2,2.0,2.0,2,3.0,3.0,3,12.0,12.0,12,0.0,100.0,9.3,0.0,1.0,0.102,0.0,1.0,0.264,0.0,0.0,0.041,,,,,,,12000.0,12000.0,12000,1500.0,3000.0,1648.5,0.0,3.0,1.032,0.0,1.0,0.364,0.0,1.0,0.344,0.0,1.0,0.391,,,,,,,,,
81,3.0,3.0,3,0.0,2.0,0.573,0.0,1.0,0.103,1.0,3.0,1.067,0.0,2.0,0.46,1.0,2.0,0.853,0.0,1.0,0.249,2.0,3.0499999999999545,1.602,1.0,3.0,1.093,6.0,13.049999999999955,7.132,6000.0,7500.0,6160.5,0.0,1.0,0.082,,,,30.0,30.0,27.54,1.0,1.0,0.725,28.0,28.0,27.999,1030.0,1110.0,1023.33,1000.0,1400.0,772.8,2750.0,4150.0,2767.35,9.0,18.0,9.35,100.0,100.0,100,4700.0,4700.0,4700,9000.0,9000.0,9000,,,,1.0,1.0,0.601,,,,100.0,200.0,70.9,0.0,0.0,0,,,,100.0,100.0,100,28.0,28.0,28,,,,0.0,20.0,1.32,,,,5000.0,5000.0,5000,3.0,3.0,3,2.0,2.0,2,2.0,2.0,2,2.0,2.0,2,3.0,3.0,3,12.0,12.0,12,0.0,100.0,21.15,0.0,1.0,0.092,0.0,1.0,0.252,0.0,1.0,0.055,,,,,,,12000.0,12000.0,12000,1500.0,3000.0,1834.5,0.0,3.0,1.275,0.0,1.0,0.415,0.0,1.0,0.425,0.0,1.0,0.383,,,,0.0,0.0,0.001,0.0,0.0,0.015
82,3.0,3.0,3,0.0,2.0,0.628,0.0,1.0,0.124,1.0,3.0,1.04,0.0,2.0,0.41,1.0,2.0,0.805,0.0,1.0,0.26,2.0,3.0,1.649,1.0,3.0,1.084,6.0,14.0,7.299,6000.0,7500.0,6211.5,0.0,1.0,0.087,,,,0.0,0.0,0,1.0,1.0,0.725,28.0,28.0,28,1030.0,1110.0,1023.33,800.0,1400.0,736.45,2900.0,4300.0,2916.95,9.0,18.0,9.34,100.0,100.0,100,4700.0,4700.0,4700,9000.0,9000.0,9000,0.0,0.0,4.25,1.0,1.0,0.59,,,,100.0,200.0,67,200.0,200.0,182.6,,,,100.0,100.0,100,28.0,28.0,28,,,,0.0,20.0,1.12,,,,5000.0,5000.0,5000,3.0,3.0,3,2.0,2.0,2,2.0,2.0,2,2.0,2.0,2,3.0,3.0,3,12.0,12.0,12,0.0,100.0,14.6,0.0,1.0,0.101,0.0,1.0,0.265,0.0,0.0,0.044,,,,,,,12000.0,12000.0,11997,1500.0,3000.0,1720.5,0.0,3.0,1.11,0.0,1.0,0.37,0.0,1.0,0.37,0.0,1.0,0.407,,,,,,,,,
83,3.0,3.0,3,0.0,2.0,0.619,0.0,1.0,0.099,1.0,3.0,1.09,0.0,2.0,0.456,1.0,2.0,0.826,0.0,1.0,0.263,2.0,3.0,1.608,1.0,3.0,1.039,5.0,14.0,7.009,6000.0,7500.0,6207.5,0.0,1.0,0.1,,,,40.0,40.0,36,1.0,1.0,0.725,28.0,28.0,28,1060.0,1150.0,1059.33,400.0,1400.0,563.35,2900.0,4250.0,2888.85,9.5,18.0,9.581,100.0,100.0,100,4700.0,4700.0,4700,9000.0,9000.0,9000,,,,1.0,1.0,0.59,,,,100.0,200.0,71.9,0.0,0.0,0,,,,100.0,100.0,100,28.0,28.0,28,,,,0.0,0.0,0.98,,,,5000.0,5000.0,5000,3.0,3.0,3,2.0,2.0,2,2.0,2.0,2,2.0,2.0,2,3.0,3.0,3,12.0,12.0,12,0.0,100.0,23.6,0.0,1.0,0.098,0.0,1.0,0.262,0.0,0.049999999999954525,0.05,,,,,,,12000.0,12000.0,12000,1500.0,3000.0,1849.5,0.0,3.0,1.221,0.0,1.0,0.385,0.0,1.0,0.407,0.0,1.0,0.441,,,,,,,,,
84,3.0,3.0,3,0.0,2.0,0.651,0.0,1.0,0.09,1.0,3.0,1.062,0.0,2.0,0.428,1.0,2.0,0.795,0.0,1.0,0.241,2.0,4.0,1.642,1.0,3.0,1.091,10.0,19.0,11.535,6000.0,7500.0,6271.5,0.0,1.0,0.107,,,,0.0,0.0,0,1.0,1.0,0.725,28.0,28.0,28,1060.0,1150.0,1059.33,400.0,1400.0,455.95,3200.0,4550.0,3168.3,10.0,18.0,9.487,100.0,100.0,100,4700.0,4700.0,4700,9000.0,9000.0,9000,,,,1.0,1.0,0.572,,,,50.0,200.0,66.9,350.0,350.0,312.55,,,,100.0,100.0,100,28.0,28.0,28,,,,50.0,70.0,45.95,,,,5000.0,5000.0,5000,3.0,3.0,3,2.0,2.0,2,2.0,2.0,2,2.0,2.0,2,3.0,3.0,3,12.0,12.0,12,0.0,100.0,19.4,0.0,1.0,0.112,0.0,1.0,0.269,0.0,0.0,0.047,,,,50.0,50.0,44.65,12000.0,12000.0,12000,1500.0,3000.0,1788,0.0,3.0,1.206,0.0,1.0,0.381,0.0,1.0,0.402,0.0,1.0,0.409,,,,,,,,,
85,3.0,3.0,3,1.0,2.0,0.627,0.0,1.0,0.121,1.0,3.0,1.094,0.0,2.0,0.461,1.0,2.0,0.769,0.0,1.0,0.284,1.0,3.0,1.55,1.0,3.0,1.094,5.0,14.0,7.026,6000.0,7500.0,6156.5,0.0,1.0,0.099,,,,0.0,0.0,0,1.0,1.0,0.725,28.0,28.0,28,1060.0,1150.0,1059.33,600.0,1000.0,550.35,3250.0,4652.499999999997,3232.9,10.0,19.0,9.546,100.0,100.0,100,4700.0,4700.0,4700,9000.0,9000.0,9000,,,,1.0,1.0,0.632,,,,100.0,200.0,74.5,100.0,100.0,90.1,,,,100.0,100.0,100,28.0,28.0,28,,,,0.0,0.9999999999990905,1,,,,5000.0,5000.0,5000,3.0,3.0,3,2.0,2.0,2,2.0,2.0,2,2.0,2.0,2,3.0,3.0,3,12.0,12.0,12,0.0,100.0,6.6,0.0,1.0,0.083,0.0,1.0,0.236,0.0,0.0,0.049,,,,,,,12000.0,12000.0,12000,1500.0,3000.0,1599,0.0,3.0,1.059,0.0,1.0,0.364,0.0,1.0,0.353,0.0,1.0,0.349,,,,,,,,,
86,3.0,3.0,3,0.0,2.0,0.619,0.0,1.0,0.107,1.0,3.0,1.103,0.0,2.0,0.469,1.0,2.0,0.82,0.0,1.0,0.236,2.0,4.0,1.62,1.0,3.0,1.026,6.0,15.0,7.217,6000.0,7500.0,6109.5,0.0,1.0,0.089,,,,20.0,20.0,18.22,1.0,1.0,0.725,28.0,28.0,27.999,1080.0,1170.0,1077.55,600.0,1200.0,705.55,3200.0,4602.499999999998,3203.4,9.0,19.0,9.324,100.0,100.0,100,4700.0,4700.0,4700,9000.0,9000.0,9000,,,,1.0,1.0,0.58,,,,100.0,200.0,70.5,0.0,0.0,0,,,,100.0,100.0,100,28.0,28.0,28,,,,0.0,20.0,1.24,,,,5000.0,5000.0,5000,3.0,3.0,3,2.0,2.0,2,2.0,2.0,2,2.0,2.0,2,3.0,3.0,3,12.0,12.0,12,0.0,0.0,2.8,0.0,1.0,0.093,0.0,1.0,0.275,0.0,1.0,0.052,,,,,,,12000.0,12000.0,12000,1500.0,1500.0,1542,0.0,3.0,0.996,0.0,1.0,0.337,0.0,1.0,0.332,0.0,1.0,0.359,,,,0.0,0.0,0.001,0.0,0.0,0.022
87,3.0,3.0,3,0.0,2.0,0.561,0.0,1.0,0.107,1.0,3.0,1.062,0.0,2.0,0.439,1.0,2.0,0.856,0.0,1.0,0.287,2.0,3.0,1.622,1.0,3.0,1.066,6.0,14.0,7.019,6000.0,7500.0,6196.5,0.0,1.0,0.117,,,,0.0,0.0,0,1.0,1.0,0.725,28.0,28.0,28,1080.0,1170.0,1077.55,800.0,1400.0,888.2,3300.0,4700.0,3308.45,9.0,19.0,9.44,100.0,100.0,100,4700.0,4700.0,4700,9000.0,9000.0,9000,0.0,0.0,4.25,1.0,1.0,0.605,,,,100.0,200.0,72.6,150.0,150.0,132.45,,,,100.0,100.0,100,28.0,28.0,28,,,,0.0,0.0,0.88,,,,5000.0,5000.0,5000,3.0,3.0,3,2.0,2.0,2,2.0,2.0,2,2.0,2.0,2,3.0,3.0,3,12.0,12.0,12,0.0,0.0,1.1,0.0,1.0,0.101,0.0,1.0,0.246,0.0,0.0,0.048,,,,,,,12000.0,12000.0,11997,1500.0,1500.0,1515,0.0,3.0,0.996,0.0,1.0,0.327,0.0,1.0,0.332,0.0,1.0,0.351,,,,,,,,,
88,3.0,3.0,3,1.0,2.0,0.645,0.0,1.0,0.098,1.0,3.0,1.103,0.0,2.0,0.422,1.0,2.0,0.812,0.0,1.0,0.267,1.0,3.0,1.562,1.0,3.0,1.091,5.0,14.0,6.9,6000.0,7500.0,6206,0.0,1.0,0.085,,,,30.0,30.0,27.45,1.0,1.0,0.725,28.0,28.0,27.999,1110.0,1200.0,1105,1000.0,1400.0,929.8,3300.0,4700.0,3277.35,9.0,19.0,9.57,100.0,100.0,100,4700.0,4700.0,4700,9000.0,9000.0,9000,,,,1.0,1.0,0.627,,,,100.0,200.0,68.9,0.0,0.0,0,,,,100.0,100.0,100,28.0,28.0,28,,,,0.0,20.0,1.02,,,,5000.0,5000.0,5000,3.0,3.0,3,2.0,2.0,2,2.0,2.0,2,2.0,2.0,2,3.0,3.0,3,12.0,12.0,12,0.0,100.0,9.9,0.0,1.0,0.083,0.0,1.0,0.239,0.0,1.0,0.051,,,,,,,12000.0,12000.0,12000,1500.0,3000.0,1648.5,0.0,3.0,1.128,0.0,1.0,0.358,0.0,1.0,0.376,0.0,1.0,0.365,,,,0.0,0.0,0.001,0.0,0.0,0.022
89,3.0,3.0,3,0.0,2.0,0.598,0.0,1.0,0.107,1.0,3.0,1.107,0.0,2.0,0.426,1.0,2.0,0.802,0.0,1.0,0.269,2.0,3.0,1.598,1.0,3.0,1.093,6.0,15.0,7.198,6000.0,7500.0,6176,0.0,1.0,0.102,,,,0.0,0.0,0,1.0,1.0,0.725,28.0,28.0,28,1110.0,1200.0,1105,1000.0,1400.0,771.7,3425.0,4850.0,3426.45,9.0,19.0,9.528,100.0,100.0,100,4700.0,4700.0,4700,9000.0,9000.0,9000,0.0,0.0,4.25,1.0,1.0,0.596,,,,100.0,200.0,69.5,200.0,200.0,179.6,,,,100.0,100.0,100,28.0,28.0,28,,,,0.0,20.0,1.32,,,,5000.0,5000.0,5000,3.0,3.0,3,2.0,2.0,2,2.0,2.0,2,2.0,2.0,2,3.0,3.0,3,12.0,12.0,12,0.0,100.0,22.35,0.0,1.0,0.1,0.0,1.0,0.261,0.0,0.0,0.043,,,,,,,12000.0,12000.0,11997,1500.0,3000.0,1834.5,0.0,3.0,1.278,0.0,1.0,0.385,0.0,1.0,0.426,0.0,1.0,0.412,,,,,,,,,
90,3.0,3.0,3,0.0,2.0,0.625,0.0,1.0,0.084,1.0,3.0,1.085,0.0,2.0,0.451,1.0,2.0,0.81,0.0,1.0,0.255,2.0,3.0,1.607,1.0,3.0,1.083,5.0,13.0,6.896,6000.0,7500.0,6129,0.0,1.0,0.097,,,,40.0,40.0,36.12,1.0,1.0,0.725,28.0,28.0,27.998,1150.0,1240.0,1141.12,800.0,1400.0,736.5,3400.0,4850.0,3397.05,10.0,19.0,9.749,100.0,100.0,100,4700.0,4700.0,4700,9000.0,9000.0,9000,,,,1.0,1.0,0.586,,,,100.0,200.0,70.6,0.0,0.0,0,,,,100.0,100.0,100,28.0,28.0,28,,,,0.0,0.0,0.96,,,,5000.0,5000.0,5000,3.0,3.0,3,2.0,2.0,2,2.0,2.0,2,2.0,2.0,2,3.0,3.0,3,12.0,12.0,12,0.0,100.0,14.7,0.0,1.0,0.105,0.0,1.0,0.263,0.0,0.0,0.046,,,,,,,12000.0,12000.0,12000,1500.0,3000.0,1720.5,0.0,3.0,1.137,0.0,1.0,0.381,0.0,1.0,0.379,0.0,1.0,0.387,,,,0.0,0.0,0.002,0.0,0.0,0.044
