day,ad_views_p50,ad_views_p95,ad_views_mean,board_consolation_p50,board_consolation_p95,board_consolation_mean,board_decor_kept_cat_tree_p50,board_decor_kept_cat_tree_p95,board_decor_kept_cat_tree_mean,board_decor_kept_cherry_tree_p50,board_decor_kept_cherry_tree_p95,board_decor_kept_cherry_tree_mean,board_reward_cat_can_pack_x3_p50,board_reward_cat_can_pack_x3_p95,board_reward_cat_can_pack_x3_mean,board_reward_cat_can_x1_p50,board_reward_cat_can_x1_p95,board_reward_cat_can_x1_mean,board_reward_cat_tree_x1_p50,board_reward_cat_tree_x1_p95,board_reward_cat_tree_x1_mean,board_reward_cat_wand_x1_p50,board_reward_cat_wand_x1_p95,board_reward_cat_wand_x1_mean,board_reward_cherry_tree_x1_p50,board_reward_cherry_tree_x1_p95,board_reward_cherry_tree_x1_mean,board_reward_fish_treat_x1_p50,board_reward_fish_treat_x1_p95,board_reward_fish_treat_x1_mean,board_reward_yarn_ball_x1_p50,board_reward_yarn_ball_x1_p95,board_reward_yarn_ball_x1_mean,cat_affection_gain_p50,cat_affection_gain_p95,cat_affection_gain_mean,cat_xp_gain_p50,cat_xp_gain_p95,cat_xp_gain_mean,checkin_missed_p50,checkin_missed_p95,checkin_missed_mean,diamonds_in_checkin_p50,diamonds_in_checkin_p95,diamonds_in_checkin_mean,diamonds_in_monthly_card_p50,diamonds_in_monthly_card_p95,diamonds_in_monthly_card_mean,end_board_tickets_p50,end_board_tickets_p95,end_board_tickets_mean,end_cat_count_p50,end_cat_count_p95,end_cat_count_mean,end_diamonds_p50,end_diamonds_p95,end_diamonds_mean,end_energy_pool_p50,end_energy_pool_p95,end_energy_pool_mean,end_gold_p50,end_gold_p95,end_gold_mean,end_love_petals_p50,end_love_petals_p95,end_love_petals_mean,end_spring_petals_p50,end_spring_petals_p95,end_spring_petals_mean,energy_from_steps_p50,energy_from_steps_p95,energy_from_steps_mean,energy_out_hatching_p50,energy_out_hatching_p95,energy_out_hatching_mean,exploration_postcard_p50,exploration_postcard_p95,exploration_postcard_mean,gold_in_achievement_p50,gold_in_achievement_p95,gold_in_achievement_mean,gold_in_b6_conversion_p50,gold_in_b6_conversion_p95,gold_in_b6_conversion_mean,gold_in_checkin_p50,gold_in_checkin_p95,gold_in_checkin_mean,gold_in_monthly_card_p50,gold_in_monthly_card_p95,gold_in_monthly_card_mean,gold_in_newbie_goal_p50,gold_in_newbie_goal_p95,gold_in_newbie_goal_mean,gold_in_step_chest_p50,gold_in_step_chest_p95,gold_in_step_chest_mean,gold_out_ticket_purchase_p50,gold_out_ticket_purchase_p95,gold_out_ticket_purchase_mean,inventory_capacity_p50,inventory_capacity_p95,inventory_capacity_mean,love_petals_in_monthly_card_p50,love_petals_in_monthly_card_p95,love_petals_in_monthly_card_mean,love_petals_out_shop_p50,love_petals_out_shop_p95,love_petals_out_shop_mean,spring_petals_in_event_p50,spring_petals_in_event_p95,spring_petals_in_event_mean,step_chests_opened_p50,step_chests_opened_p95,step_chests_opened_mean,steps_raw_p50,steps_raw_p95,steps_raw_mean,tickets_in_gold_p50,tickets_in_gold_p95,tickets_in_gold_mean,tickets_in_interaction_p50,tickets_in_interaction_p95,tickets_in_interaction_mean,tickets_in_login_p50,tickets_in_login_p95,tickets_in_login_mean,tickets_in_steps_p50,tickets_in_steps_p95,tickets_in_steps_mean,tickets_out_board_p50,tickets_out_board_p95,tickets_out_board_mean,workshop_box_opened_p50,workshop_box_opened_p95,workshop_box_opened_mean,workshop_gift_accessory_p50,workshop_gift_accessory_p95,workshop_gift_accessory_mean,workshop_gift_flower_p50,workshop_gift_flower_p95,workshop_gift_flower_mean,diamonds_in_achievement_p50,diamonds_in_achievement_p95,diamonds_in_achievement_mean,exploration_decoration_fragment_p50,exploration_decoration_fragment_p95,exploration_decoration_fragment_mean,exploration_food_fragment_p50,exploration_food_fragment_p95,exploration_food_fragment_mean,exploration_hidden_item_p50,exploration_hidden_item_p95,exploration_hidden_item_mean,love_petals_in_workshop_dupe_p50,love_petals_in_workshop_dupe_p95,love_petals_in_workshop_dupe_mean,diamonds_in_board_milestone_p50,diamonds_in_board_milestone_p95,diamonds_in_board_milestone_mean,gold_in_spring_conversion_p50,gold_in_spring_conversion_p95,gold_in_spring_conversion_mean,love_petals_in_checkin_chest_p50,love_petals_in_checkin_chest_p95,love_petals_in_checkin_chest_mean,cats_out_adoption_p50,cats_out_adoption_p95,cats_out_adoption_mean,gold_in_adoption_fallback_p50,gold_in_adoption_fallback_p95,gold_in_adoption_fallback_mean,gold_out_capacity_expansion_p50,gold_out_capacity_expansion_p95,gold_out_capacity_expansion_mean,bond_points_gain_p50,bond_points_gain_p95,bond_points_gain_mean
1,0.0,0.0,0,0.0,1.0,0.26,1.0,3.0,0.9,0.0,1.0,0.4,0.0,1.0,0.34,2.0,4.0,2.12,1.0,3.0,0.9,1.0,4.0,1.3,0.0,2.0,0.48,3.0,5.0,2.84,1.5,4.0,1.76,14.0,22.0,16.08,4500.0,4500.0,4500,0.0,1.0,0.1,0.0,0.0,0,20.0,20.0,20,0.0,0.0,0,3.0,3.0,3,20.0,20.0,20,1940.0,1940.0,1940,460.0,510.0,454,0.0,0.0,0,25.0,25.0,25,5940.0,5940.0,5940,4000.0,4000.0,4000,1.0,1.0,1,300.0,300.0,300,0.0,50.0,4,100.0,100.0,90,100.0,100.0,100,50.0,50.0,50,10.0,10.0,10,100.0,100.0,100,24.0,24.0,24,20.0,20.0,20,20.0,20.0,20,25.0,25.0,25,1.0,1.0,1,5000.0,5000.0,5000,2.0,2.0,2,2.0,2.0,2,3.0,3.0,3,3.0,3.0,3,10.0,10.0,10,1.0,1.0,1,1.0,1.0,0.74,0.0,1.0,0.26,,,,,,,,,,,,,,,,,,,,,,,,,,,,,,,,,,,,
2,0.0,0.0,0,0.0,1.0,0.38,1.0,2.0,0.76,0.0,1.0,0.3,0.0,2.0,0.48,2.0,4.0,1.9,1.0,3.0,0.94,2.0,4.0,1.68,0.0,2.0,0.64,2.0,4.0,2.18,2.0,3.549999999999997,1.8,17.0,28.549999999999997,18.28,4500.0,4500.0,4500,0.0,0.5499999999999972,0.06,20.0,20.0,18.8,20.0,20.0,20,0.0,0.0,0,5.0,5.0,5,60.0,90.0,62.4,130.0,130.0,130,720.0,847.4999999999998,740,0.0,10.0,1.9,50.0,50.0,50,5940.0,5940.0,5940,7750.0,7750.0,7750,1.0,1.0,0.6,200.0,200.0,200,0.0,127.49999999999986,26,0.0,0.0,0,100.0,100.0,100,50.0,50.0,50,10.0,10.0,10,100.0,100.0,100,24.0,24.0,24,20.0,20.0,20,20.0,20.0,20,25.0,25.0,25,1.0,1.0,1,5000.0,5000.0,5000,2.0,2.0,2,2.0,2.0,2,3.0,3.0,3,3.0,3.0,3,10.0,10.0,10,2.0,2.0,2,1.0,2.0,1.2,1.0,2.0,0.64,0.0,30.0,3.6,0.0,0.5499999999999972,0.06,0.0,1.0,0.28,0.0,0.5499999999999972,0.06,0.0,10.0,1.9,,,,,,,,,,,,,,,,,,,,,
3,0.0,0.0,0,1.0,2.0,0.72,0.5,2.549999999999997,0.78,0.0,1.0,0.2,0.0,1.0,0.32,2.0,4.549999999999997,2.04,1.0,3.0,1.32,1.0,3.549999999999997,1.16,1.0,2.549999999999997,0.8,2.0,3.0,1.82,2.0,4.0,1.82,15.0,23.549999999999997,16.02,4500.0,4500.0,4500,0.0,1.0,0.2,0.0,0.0,0,20.0,20.0,20,0.0,0.0,0,6.0,6.0,6,110.0,140.0,116.6,1820.0,1820.0,1820,980.0,1130.0,977,0.0,20.0,6.6,75.0,75.0,75,5940.0,5940.0,5940,4250.0,4250.0,4250,1.0,1.0,0.56,,,,50.0,150.0,57,150.0,150.0,120,100.0,100.0,100,50.0,50.0,50,10.0,10.0,10,100.0,100.0,100,24.0,24.0,24,20.0,20.0,20,20.0,20.0,20,25.0,25.0,25,1.0,1.0,1,5000.0,5000.0,5000,2.0,2.0,2,2.0,2.0,2,3.0,3.0,3,3.0,3.0,3,10.0,10.0,10,2.0,2.0,2,1.0,2.0,1.02,0.0,2.0,0.54,0.0,30.0,4.2,0.0,1.0,0.14,0.0,1.0,0.26,0.0,0.0,0.04,0.0,15.499999999999972,4.7,30.0,30.0,30,,,,,,,,,,,,,,,,,,
4,0.0,0.0,0,0.0,1.5499999999999972,0.52,0.0,1.0,0.3,0.0,0.5499999999999972,0.06,0.0,2.0,0.48,2.0,5.0,2.5,1.0,3.0,1.1,1.0,3.549999999999997,1.26,1.0,2.549999999999997,0.76,2.0,3.0,1.9,1.0,3.0,1.48,18.0,30.0,18.16,4500.0,4500.0,4500,0.0,1.0,0.12,30.0,30.0,26.4,20.0,20.0,20,0.0,0.0,0,7.0,7.0,7,160.0,190.0,166,3510.0,3510.0,3510,1390.0,1567.4999999999998,1412,10.0,20.0,7.4,100.0,100.0,100,5940.0,5940.0,5940,4250.0,4250.0,4250,0.5,1.0,0.5,300.0,300.0,300,75.0,150.0,75,0.0,0.0,0,100.0,100.0,100,50.0,50.0,50,10.0,10.0,10,100.0,100.0,100,24.0,24.0,24,20.0,20.0,20,20.0,20.0,21.6,25.0,25.0,25,1.0,1.0,1,5000.0,5000.0,5000,2.0,2.0,2,2.0,2.0,2,3.0,3.0,3,3.0,3.0,3,10.0,10.0,10,1.0,1.0,1,1.0,1.0,0.52,0.0,1.0,0.34,0.0,30.0,3,0.0,1.0,0.1,0.0,1.0,0.32,0.0,1.0,0.08,0.0,10.0,2.4,,,,,,,,,,,,,,,,,,,,,
5,0.0,0.0,0,0.0,2.0,0.42,0.0,1.0,0.18,0.0,0.0,0.04,0.0,2.0,0.44,2.0,4.549999999999997,2.3,1.0,3.0,1.1,1.0,3.0,1.24,1.0,3.0,1.12,2.0,4.0,1.74,2.0,3.0,1.64,14.5,29.549999999999997,16.98,4500.0,4500.0,4500,0.0,1.0,0.1,0.0,0.0,0,20.0,20.0,20,0.0,0.0,0,9.0,9.0,9,210.0,210.0,199.2,950.0,950.0,950,1775.0,1900.0,1752,10.0,20.0,9.1,125.0,125.0,125,5940.0,5940.0,5940,8500.0,8500.0,8500,1.0,1.0,0.66,,,,100.0,200.0,100,200.0,200.0,180,100.0,100.0,100,50.0,50.0,50,10.0,10.0,10,100.0,100.0,100,24.0,24.0,24,20.0,20.0,20,20.0,50.0,25.4,25.0,25.0,25,1.0,1.0,1,5000.0,5000.0,5000,2.0,2.0,2,2.0,2.0,2,3.0,3.0,3,3.0,3.0,3,10.0,10.0,10,2.0,2.0,2,1.0,2.0,0.88,0.0,1.0,0.44,0.0,30.0,12,0.0,1.0,0.08,0.0,1.0,0.22,0.0,0.0,0.04,10.0,20.0,7.1,0.0,0.0,1.2,,,,,,,,,,,,,,,,,,
6,0.0,0.0,0,0.0,1.5499999999999972,0.46,0.0,0.0,0.02,,,,0.0,1.5499999999999972,0.5,2.0,4.0,2.34,1.0,3.0,1.24,1.0,3.549999999999997,1.32,1.0,2.549999999999997,0.82,1.5,3.549999999999997,1.56,2.0,4.0,1.76,14.5,27.549999999999997,17.28,4500.0,4500.0,4500,0.0,0.0,0.04,40.0,40.0,38.4,20.0,20.0,20,0.0,0.0,0,10.0,10.0,10,300.0,300.0,290,2640.0,2640.0,2640,1935.0,2137.5,1914,10.0,20.0,9.8,150.0,150.0,150,5940.0,5940.0,5940,4250.0,4250.0,4250,1.0,1.0,0.68,,,,100.0,200.0,102,0.0,0.0,0,100.0,100.0,100,50.0,50.0,50,10.0,10.0,10,100.0,100.0,100,24.0,24.0,24,20.0,20.0,20,20.0,50.0,27.6,25.0,25.0,25,1.0,1.0,1,5000.0,5000.0,5000,2.0,2.0,2,2.0,2.0,2,3.0,3.0,3,3.0,3.0,3,10.0,10.0,10,2.0,2.0,2,1.0,2.0,0.82,0.0,1.0,0.48,0.0,30.0,3.6,0.0,1.0,0.12,0.0,1.0,0.14,0.0,0.5499999999999972,0.06,10.0,20.0,8.3,30.0,30.0,28.8,,,,,,,,,,,,,,,,,,
7,0.0,0.0,0,0.0,1.0,0.46,0.0,0.0,0.04,,,,0.0,1.0,0.42,2.0,4.549999999999997,2.34,2.0,3.0,1.46,1.0,2.0,1.06,0.5,2.549999999999997,0.76,2.0,4.549999999999997,1.84,2.0,3.0,1.66,20.0,28.64999999999999,20.78,4500.0,4500.0,4500,0.0,1.0,0.18,0.0,0.0,0,20.0,20.0,20,0.0,0.0,0,12.0,12.0,12,320.0,320.0,312.4,80.0,80.0,80,2720.0,3047.5,2720,10.0,20.0,11.6,0.0,0.0,0,5940.0,5940.0,5940,8500.0,8500.0,8500,1.0,1.0,0.6,,,,100.0,200.0,109,350.0,350.0,287,100.0,100.0,100,50.0,50.0,50,10.0,10.0,10,100.0,100.0,100,24.0,24.0,24,20.0,20.0,20,70.0,70.0,61.6,25.0,25.0,25,1.0,1.0,1,5000.0,5000.0,5000,2.0,2.0,2,2.0,2.0,2,3.0,3.0,3,3.0,3.0,3,10.0,10.0,10,1.0,1.0,1,0.0,1.0,0.46,0.0,1.0,0.3,0.0,30.0,2.4,0.0,1.0,0.18,0.0,1.0,0.2,0.0,0.0,0.02,0.0,10.0,2.4,,,,350.0,350.0,350,50.0,50.0,41,,,,,,,,,,,,
8,0.0,0.0,0,0.0,2.0,0.5,0.0,0.0,0.02,,,,0.0,1.0,0.24,2.0,4.0,1.88,1.0,4.0,1.3,1.0,3.0,1.08,1.0,2.0,0.76,1.0,3.0,1.46,2.0,3.549999999999997,1.78,13.5,21.549999999999997,14.66,4500.0,4500.0,4500,0.0,1.0,0.12,0.0,0.0,0,20.0,20.0,20,0.0,0.0,0,13.0,13.0,13,340.0,340.0,333.6,780.0,780.0,780,2980.0,3280.0,2970,10.0,20.0,11.6,0.0,0.0,0,4950.0,4950.0,4950,4250.0,4250.0,4250,1.0,1.0,0.66,,,,100.0,177.49999999999986,102,100.0,100.0,88,100.0,100.0,100,50.0,50.0,50,10.0,10.0,10,100.0,100.0,100,24.0,24.0,24,20.0,20.0,20,20.0,50.0,31,,,,1.0,1.0,1,5000.0,5000.0,5000,2.0,2.0,2,2.0,2.0,2,2.0,2.0,2,3.0,3.0,3,9.0,9.0,9,2.0,2.0,2,0.0,2.0,0.58,0.0,2.0,0.48,0.0,0.0,1.2,0.0,1.0,0.08,0.0,1.0,0.22,0.0,0.0,0.04,10.0,28.249999999999957,11,,,,,,,,,,,,,,,,,,,,,
9,0.0,0.0,0,0.0,1.0,0.42,,,,,,,0.0,1.0,0.36,2.0,4.0,2.26,1.0,2.0,0.8,1.0,2.549999999999997,1.1,1.0,2.0,0.88,1.5,4.0,1.64,1.0,3.0,1.54,15.5,25.549999999999997,16.18,4500.0,4500.0,4500,0.0,0.5499999999999972,0.06,20.0,20.0,18.8,20.0,20.0,20,0.0,0.0,0,14.0,14.0,14,410.0,410.0,402.4,1480.0,1480.0,1480,3140.0,3467.5,3114,10.0,20.0,12.5,0.0,0.0,0,4950.0,4950.0,4950,4250.0,4250.0,4250,1.0,1.0,0.64,,,,100.0,150.0,84,0.0,0.0,0,100.0,100.0,100,50.0,50.0,50,10.0,10.0,10,100.0,100.0,100,24.0,24.0,24,20.0,20.0,20,20.0,50.0,31,,,,1.0,1.0,1,5000.0,5000.0,5000,2.0,2.0,2,2.0,2.0,2,2.0,2.0,2,3.0,3.0,3,9.0,9.0,9,2.0,2.0,2,0.5,2.0,0.58,0.0,2.0,0.48,30.0,30.0,30,0.0,1.0,0.1,0.0,1.0,0.24,0.0,0.0,0.02,10.0,25.0,11.9,,,,,,,,,,,,,,,,,,,,,
10,0.0,0.0,0,0.0,1.5499999999999972,0.52,,,,,,,0.0,1.5499999999999972,0.4,2.0,4.549999999999997,2.08,1.0,3.0,1.06,1.0,3.0,1.26,1.0,2.0,0.82,1.0,3.0,1.52,1.0,3.0,1.34,16.0,25.549999999999997,16.1,4500.0,4500.0,4500,0.0,1.0,0.16,0.0,0.0,0,20.0,20.0,20,0.0,0.0,0,15.0,15.0,15,430.0,430.0,424.4,2180.0,2180.0,2180,3400.0,3777.5,3394,12.5,20.0,11.1,0.0,0.0,0,4950.0,4950.0,4950,4250.0,4250.0,4250,1.0,1.0,0.64,,,,100.0,200.0,94,150.0,150.0,126,100.0,100.0,100,50.0,50.0,50,10.0,10.0,10,100.0,100.0,100,24.0,24.0,24,20.0,20.0,20,20.0,50.0,26.6,,,,1.0,1.0,1,5000.0,5000.0,5000,2.0,2.0,2,2.0,2.0,2,2.0,2.0,2,3.0,3.0,3,9.0,9.0,9,1.0,1.0,1,0.0,1.0,0.24,0.0,1.0,0.3,0.0,0.0,2,0.0,0.5499999999999972,0.06,0.0,1.0,0.26,0.0,0.0,0.04,0.0,10.0,5.2,,,,,,,,,,,,,,,,,,,,,
11,0.0,0.0,0,0.0,2.0,0.5,,,,,,,0.0,1.5499999999999972,0.38,2.0,4.0,2.2,1.0,2.549999999999997,0.96,1.0,2.549999999999997,1.14,0.0,2.0,0.7,1.0,3.0,1.44,2.0,4.0,1.68,16.0,26.099999999999994,16.58,4500.0,4500.0,4500,0.0,1.0,0.12,30.0,30.0,26.4,20.0,20.0,20,0.0,0.0,0,16.0,16.0,16,480.0,516.5,473.8,2880.0,2880.0,2880,3535.0,3887.5,3537,12.5,25.0,13.5,0.0,0.0,0,4950.0,4950.0,4950,4250.0,4250.0,4250,1.0,1.0,0.6,,,,100.0,200.0,83,0.0,0.0,0,100.0,100.0,100,50.0,50.0,50,10.0,10.0,10,100.0,100.0,100,24.0,24.0,24,20.0,20.0,20,20.0,50.0,28.4,,,,1.0,1.0,1,5000.0,5000.0,5000,2.0,2.0,2,2.0,2.0,2,2.0,2.0,2,3.0,3.0,3,9.0,9.0,9,2.0,2.0,2,0.0,1.5499999999999972,0.4,1.0,1.5499999999999972,0.58,0.0,27.499999999999858,3,0.0,0.0,0.04,0.0,1.0,0.34,0.0,0.0,0.02,10.0,20.0,10.8,,,,,,,,,,,,,,,,,,,,,
12,0.0,0.0,0,0.0,1.0,0.32,,,,,,,0.0,1.5499999999999972,0.42,2.0,4.549999999999997,2.12,1.0,3.549999999999997,1.22,1.0,3.0,1.3,0.5,2.0,0.72,1.0,3.0,1.5,1.0,3.0,1.4,16.5,26.749999999999986,16.6,4500.0,4500.0,4500,0.0,0.5499999999999972,0.06,0.0,0.0,0,20.0,20.0,20,0.0,0.0,0,17.0,17.0,17,500.0,536.4999999999999,495.8,3580.0,3580.0,3580,3920.0,4347.5,3882,10.0,25.0,12.1,0.0,0.0,0,4950.0,4950.0,4950,4250.0,4250.0,4250,1.0,1.0,0.7,,,,100.0,227.49999999999986,97,200.0,200.0,188,100.0,100.0,100,50.0,50.0,50,10.0,10.0,10,100.0,100.0,100,24.0,24.0,24,20.0,20.0,20,20.0,50.0,33.8,,,,1.0,1.0,1,5000.0,5000.0,5000,2.0,2.0,2,2.0,2.0,2,2.0,2.0,2,3.0,3.0,3,9.0,9.0,9,2.0,2.0,2,0.0,2.0,0.58,1.0,2.0,0.64,0.0,0.0,2,0.0,0.0,0.02,0.0,1.0,0.28,,,,10.0,30.49999999999997,12.4,,,,,,,,,,,,,,,,,,,,,
13,0.0,0.0,0,0.0,1.0,0.38,,,,,,,0.0,1.0,0.4,2.0,3.549999999999997,1.74,1.0,2.0,0.84,1.0,3.0,1.32,1.0,2.549999999999997,0.96,2.0,3.549999999999997,1.8,1.0,3.0,1.56,16.5,25.0,16.72,4500.0,4500.0,4500,0.0,1.0,0.08,40.0,40.0,36.8,20.0,20.0,20,0.0,0.0,0,19.0,19.0,19,560.0,610.0,553.6,30.0,30.0,30,4080.0,4507.5,4032,10.0,25.0,11.4,0.0,0.0,0,4950.0,4950.0,4950,8500.0,8500.0,8500,1.0,1.0,0.52,,,,100.0,200.0,90,0.0,0.0,0,100.0,100.0,100,50.0,50.0,50,10.0,10.0,10,100.0,100.0,100,24.0,24.0,24,20.0,20.0,20,20.0,50.0,25.2,,,,1.0,1.0,1,5000.0,5000.0,5000,2.0,2.0,2,2.0,2.0,2,2.0,2.0,2,3.0,3.0,3,9.0,9.0,9,1.0,1.0,1,0.0,1.0,0.26,0.0,1.0,0.42,0.0,0.0,1,0.0,1.0,0.12,0.0,1.0,0.32,0.0,0.0,0.04,0.0,10.0,4.5,,,,,,,,,,,,,,,,,,,,,
14,0.0,0.0,0,0.0,2.0,0.52,,,,,,,0.0,2.0,0.68,2.0,4.0,2.38,1.0,2.549999999999997,0.94,1.0,3.0,1,1.0,3.0,0.82,1.0,3.0,1.44,1.0,3.0,1.22,22.0,35.55,22.46,4500.0,4500.0,4500,0.0,1.0,0.14,0.0,0.0,0,20.0,20.0,20,0.0,0.0,0,20.0,20.0,20,580.0,630.0,576.6,480.0,480.0,480,4515.0,4995.0,4481,25.0,40.0,24.2,0.0,0.0,0,4950.0,4950.0,4950,4500.0,4500.0,4500,1.0,1.0,0.68,,,,100.0,200.0,88,350.0,350.0,301,100.0,100.0,100,50.0,50.0,50,10.0,10.0,10,100.0,100.0,100,24.0,24.0,24,20.0,20.0,20,70.0,70.0,64.8,,,,1.0,1.0,1,5000.0,5000.0,5000,2.0,2.0,2,2.0,2.0,2,2.0,2.0,2,3.0,3.0,3,9.0,9.0,9,2.0,2.0,2,0.0,1.5499999999999972,0.38,0.0,2.0,0.48,0.0,27.499999999999858,3,0.0,1.0,0.1,0.0,1.0,0.2,0.0,0.0,0.02,10.0,35.0,14.6,,,,,,,50.0,50.0,43,,,,,,,,,,,,
15,0.0,0.0,0,0.0,2.0,0.5,,,,,,,0.0,2.0,0.52,2.0,4.0,2.02,1.0,3.0,1.04,1.0,3.0,1.06,0.0,2.0,0.72,1.5,3.0,1.58,1.5,3.0,1.56,17.0,30.0,18,4500.0,4500.0,4500,0.0,1.0,0.1,0.0,0.0,0,20.0,20.0,20,0.0,0.0,0,21.0,21.0,21,600.0,650.0,596.6,930.0,930.0,930,4675.0,5200.0,4669,10.0,30.49999999999997,12.6,0.0,0.0,0,4950.0,4950.0,4950,4500.0,4500.0,4500,1.0,1.0,0.66,,,,100.0,200.0,88,100.0,100.0,90,100.0,100.0,100,,,,10.0,10.0,10,100.0,100.0,100,24.0,24.0,24,20.0,20.0,20,50.0,70.0,48.4,,,,1.0,1.0,1,5000.0,5000.0,5000,2.0,2.0,2,2.0,2.0,2,2.0,2.0,2,3.0,3.0,3,9.0,9.0,9,2.0,2.0,2,0.0,1.0,0.24,1.0,2.0,0.64,,,,0.0,0.5499999999999972,0.06,0.0,1.0,0.2,0.0,1.0,0.08,10.0,35.0,16.8,,,,,,,,,,,,,,,,,,,,,
16,0.0,0.0,0,0.0,2.0,0.64,,,,,,,0.0,1.0,0.36,2.0,4.0,1.88,1.0,2.0,0.98,1.0,3.0,1.32,1.0,3.0,1.06,1.0,4.0,1.38,1.0,3.0,1.38,15.0,25.0,15.8,4500.0,4500.0,4500,0.0,1.0,0.12,20.0,20.0,17.6,20.0,20.0,20,0.0,0.0,0,22.0,22.0,22,640.0,690.0,636.2,1380.0,1380.0,1380,4810.0,5337.5,4781,10.0,25.0,11.9,0.0,0.0,0,4950.0,4950.0,4950,4500.0,4500.0,4500,1.0,1.0,0.58,,,,100.0,200.0,102,0.0,0.0,0,100.0,100.0,100,,,,10.0,10.0,10,100.0,100.0,100,24.0,24.0,24,20.0,20.0,20,20.0,70.0,28.2,,,,1.0,1.0,1,5000.0,5000.0,5000,2.0,2.0,2,2.0,2.0,2,2.0,2.0,2,3.0,3.0,3,9.0,9.0,9,1.0,1.0,1,0.0,1.0,0.12,0.0,1.0,0.26,0.0,0.0,2,0.0,1.0,0.1,0.0,1.0,0.24,0.0,1.0,0.08,10.0,10.0,7.5,,,,,,,,,,,,,,,,,,,,,
17,0.0,0.0,0,0.0,1.5499999999999972,0.4,,,,,,,0.0,1.0,0.36,2.0,5.0,2.16,1.0,2.549999999999997,0.82,1.0,3.0,1.22,1.0,2.0,0.86,2.0,4.0,1.7,1.0,3.549999999999997,1.48,17.0,23.099999999999994,16.5,4500.0,4500.0,4500,0.0,1.0,0.1,0.0,0.0,0,20.0,20.0,20,0.0,0.0,0,23.0,23.0,23,660.0,710.0,656.2,1830.0,1830.0,1830,5045.0,5547.5,5010,15.0,25.0,13.4,0.0,0.0,0,4950.0,4950.0,4950,4500.0,4500.0,4500,1.0,1.0,0.54,,,,100.0,200.0,84,150.0,150.0,135,100.0,100.0,100,,,,10.0,10.0,10,100.0,100.0,100,24.0,24.0,24,20.0,20.0,20,20.0,70.0,35.8,,,,1.0,1.0,1,5000.0,5000.0,5000,2.0,2.0,2,2.0,2.0,2,2.0,2.0,2,3.0,3.0,3,9.0,9.0,9,2.0,2.0,2,0.0,1.0,0.26,0.0,2.0,0.54,,,,0.0,1.0,0.14,0.0,1.0,0.24,0.0,1.0,0.08,10.0,43.24999999999996,17.3,,,,,,,,,,,,,,,,,,,,,
18,0.0,0.0,0,0.0,1.0,0.44,,,,,,,0.0,1.0,0.36,2.0,4.0,2.08,1.0,2.549999999999997,1.2,1.0,3.0,1.22,1.0,2.0,0.76,1.0,3.549999999999997,1.28,2.0,3.549999999999997,1.66,16.5,25.549999999999997,16.38,4500.0,4500.0,4500,0.0,1.0,0.14,30.0,30.0,25.8,20.0,20.0,20,0.0,0.0,0,24.0,24.0,24,710.0,760.0,705,2280.0,2280.0,2280,5105.0,5657.5,5118,10.0,25.0,11.5,0.0,0.0,0,4950.0,4950.0,4950,4500.0,4500.0,4500,1.0,1.0,0.68,,,,100.0,200.0,98,0.0,0.0,0,100.0,100.0,100,,,,10.0,10.0,10,100.0,100.0,100,24.0,24.0,24,20.0,20.0,20,50.0,70.0,38.8,,,,1.0,1.0,1,5000.0,5000.0,5000,2.0,2.0,2,2.0,2.0,2,2.0,2.0,2,3.0,3.0,3,9.0,9.0,9,2.0,2.0,2,0.0,1.0,0.26,1.0,2.0,0.66,0.0,27.499999999999858,3,0.0,0.0,0.04,0.0,1.0,0.22,0.0,0.5499999999999972,0.06,10.0,60.0,16.9,,,,,,,,,,,,,,,,,,,,,
19,0.0,0.0,0,0.0,1.5499999999999972,0.38,,,,,,,0.0,2.0,0.56,2.0,4.549999999999997,2.22,1.0,3.0,1.08,1.0,3.0,1.16,1.0,2.549999999999997,0.9,1.0,3.0,1.18,1.0,3.0,1.52,17.0,29.099999999999994,17.92,4500.0,4500.0,4500,0.0,0.5499999999999972,0.06,0.0,0.0,0,20.0,20.0,20,0.0,0.0,0,24.0,24.0,24,730.0,780.0,727,2730.0,2730.0,2730,5440.0,6022.5,5465,10.0,25.0,11.1,0.0,0.0,0,4950.0,4950.0,4950,4500.0,4500.0,4500,0.0,1.0,0.48,,,,100.0,200.0,99,200.0,200.0,188,100.0,100.0,100,,,,10.0,10.0,10,100.0,100.0,100,24.0,24.0,24,20.0,20.0,20,20.0,50.0,27.4,,,,1.0,1.0,1,5000.0,5000.0,5000,2.0,2.0,2,2.0,2.0,2,2.0,2.0,2,3.0,3.0,3,9.0,9.0,9,1.0,1.0,1,0.0,1.0,0.1,0.0,1.0,0.32,0.0,0.0,2,0.0,1.0,0.12,0.0,1.0,0.32,0.0,1.0,0.08,10.0,25.0,7,,,,,,,,,,1.0,1.0,1,50.0,50.0,50,,,,,,
20,0.0,0.0,0,0.0,1.5499999999999972,0.5,,,,,,,0.0,2.0,0.48,2.0,4.0,2.14,1.0,2.0,0.96,1.0,3.0,0.92,1.0,2.0,0.86,1.0,3.0,1.36,2.0,4.0,1.78,16.0,29.0,17.22,4500.0,4500.0,4500,0.0,0.0,0.02,40.0,40.0,39.2,20.0,20.0,20,0.0,0.0,0,24.0,24.0,24,790.0,840.0,786.2,3180.0,3180.0,3180,5575.0,6177.5,5616,10.0,25.0,11.9,0.0,0.0,0,4950.0,4950.0,4950,4500.0,4500.0,4500,0.5,1.0,0.5,,,,100.0,150.0,91,0.0,0.0,0,100.0,100.0,100,,,,10.0,10.0,10,100.0,100.0,100,24.0,24.0,24,20.0,20.0,20,20.0,70.0,35,,,,1.0,1.0,1,5000.0,5000.0,5000,2.0,2.0,2,2.0,2.0,2,2.0,2.0,2,3.0,3.0,3,9.0,9.0,9,2.0,2.0,2,0.0,1.0,0.2,1.0,2.0,0.8,,,,0.0,1.0,0.18,0.0,1.0,0.22,0.0,1.0,0.1,10.0,60.0,15.8,,,,,,,,,,1.0,1.0,1,50.0,50.0,50,,,,,,
21,0.0,0.0,0,0.0,2.0,0.42,,,,,,,0.0,1.0,0.36,2.0,4.0,2.08,1.0,2.0,0.94,1.0,3.0,1.32,1.0,2.0,0.78,1.0,4.0,1.4,2.0,3.0,1.7,19.0,28.64999999999999,20.14,4500.0,4500.0,4500,0.0,1.0,0.1,0.0,0.0,0,20.0,20.0,20,0.0,0.0,0,24.0,24.0,24,810.0,860.0,808.2,3630.0,3630.0,3630,5960.0,6687.5,6077,25.0,50.0,26.8,0.0,0.0,0,4950.0,4950.0,4950,4500.0,4500.0,4500,1.0,1.0,0.6,,,,100.0,177.49999999999986,86,350.0,350.0,315,100.0,100.0,100,,,,10.0,10.0,10,100.0,100.0,100,24.0,24.0,24,20.0,20.0,20,70.0,70.0,70.4,,,,1.0,1.0,1,5000.0,5000.0,5000,2.0,2.0,2,2.0,2.0,2,2.0,2.0,2,3.0,3.0,3,9.0,9.0,9,2.0,2.0,2,0.0,1.0,0.16,0.0,2.0,0.5,0.0,0.0,2,0.0,1.0,0.14,0.0,1.0,0.2,0.0,0.5499999999999972,0.06,20.0,55.49999999999997,20.3,,,,,,,50.0,50.0,45,1.0,1.0,1,50.0,50.0,50,,,,,,
22,0.0,0.0,0,0.0,1.5499999999999972,0.42,,,,,,,0.0,2.0,0.52,2.0,4.0,1.9,1.0,2.549999999999997,1.06,1.0,3.549999999999997,1.4,1.0,2.0,0.8,1.0,3.549999999999997,1.34,1.5,3.0,1.54,17.0,30.299999999999983,18.16,4500.0,4500.0,4500,0.0,0.0,0.02,0.0,0.0,0,20.0,20.0,20,0.0,0.0,0,24.0,24.0,24,830.0,896.4999999999999,835.6,4080.0,4080.0,4080,6195.0,6920.0,5909,5.0,25.0,8.6,0.0,0.0,0,4950.0,4950.0,4950,4500.0,4500.0,4500,1.0,1.0,0.64,,,,100.0,150.0,93,100.0,100.0,98,100.0,100.0,100,,,,10.0,10.0,10,100.0,100.0,99,24.0,26.19999999999999,24.24,20.0,20.0,20,50.0,70.0,45.4,,,,1.0,1.0,1,5000.0,5000.0,5000,2.0,2.0,1.98,2.0,2.0,2,2.0,2.0,2,3.0,3.0,3,9.0,9.0,8.98,1.0,1.0,1,0.0,1.0,0.08,0.0,1.0,0.36,0.0,0.0,1,0.0,1.0,0.1,0.0,1.0,0.24,0.0,0.0,0.02,10.0,18.249999999999957,7.2,0.0,80.0,6.4,,,,,,,1.0,1.0,1,50.0,50.0,50,0.0,3849.99999999998,420,,,
23,0.0,0.0,0,0.0,1.0,0.42,,,,,,,0.0,1.0,0.38,2.0,4.0,2.2,1.0,3.0,0.98,1.0,3.0,1.28,1.0,2.0,0.64,1.0,4.0,1.56,1.0,3.0,1.44,17.0,25.549999999999997,17.3,4500.0,4500.0,4500,0.0,1.0,0.12,20.0,20.0,17.6,20.0,20.0,20,0.0,0.0,0,24.0,24.549999999999997,24.06,950.0,1000.0,937.2,4530.0,4530.0,4530,6255.0,6880.0,5352,15.0,25.0,13.3,0.0,0.0,0,4950.0,4950.0,4950,4500.0,4500.0,4500,0.0,1.0,0.48,,,,100.0,177.49999999999986,81,0.0,0.0,0,100.0,100.0,100,,,,10.0,10.0,10,100.0,100.0,95,24.0,28.0,24.64,20.0,20.0,20,20.0,70.0,36.2,,,,1.0,1.0,1,5000.0,5000.0,5000,2.0,2.0,1.9,2.0,2.0,2,2.0,2.0,2,3.0,3.0,3,9.0,9.0,8.9,2.0,2.0,2,0.0,1.0,0.16,1.0,1.0,0.56,,,,0.0,1.0,0.12,0.0,1.0,0.38,0.0,0.0,0.02,10.0,54.2499999999999,20.9,80.0,80.0,64,,,,,,,1.0,1.0,0.94,50.0,50.0,47,0.0,7000.0,700,,,
24,0.0,0.0,0,0.0,1.0,0.22,,,,,,,0.0,1.0,0.32,2.0,4.0,2.06,1.0,2.0,0.84,1.0,3.0,1.18,1.0,2.0,0.8,2.0,3.0,1.74,2.0,3.549999999999997,1.66,14.0,26.549999999999997,16.22,4500.0,4500.0,4500,0.0,1.0,0.16,0.0,0.0,0,20.0,20.0,20,0.0,0.0,0,24.0,25.549999999999997,24.22,970.0,1020.0,967.8,4730.0,4730.0,4730,6365.0,6767.5,4221,10.0,25.0,11.2,0.0,0.0,0,4950.0,4950.0,4950,4750.0,4750.0,4750,1.0,1.0,0.68,,,,50.0,177.49999999999986,82,150.0,150.0,126,100.0,100.0,100,,,,10.0,10.0,10,100.0,100.0,91,24.0,28.0,25.44,20.0,20.0,20,50.0,70.0,38,,,,1.0,1.0,1,5000.0,5000.0,5000,2.0,2.0,1.82,2.0,2.0,2,2.0,2.0,2,3.0,3.0,3,9.0,9.0,8.82,2.0,2.0,2,0.0,1.5499999999999972,0.3,0.0,2.0,0.5,0.0,0.0,1,0.0,1.0,0.08,0.0,1.0,0.22,0.0,0.0,0.02,10.0,43.24999999999996,15.9,0.0,80.0,9.6,,,,,,,1.0,1.0,0.84,50.0,50.0,42,0.0,7000.0,1400,,,
25,0.0,0.0,0,0.0,2.0,0.66,,,,,,,0.0,2.0,0.36,2.0,4.0,1.92,1.0,2.0,0.96,1.0,3.549999999999997,1.12,0.0,2.0,0.64,1.5,3.549999999999997,1.54,1.5,4.0,1.72,13.5,28.549999999999997,16.14,4500.0,4500.0,4500,0.0,1.0,0.14,30.0,30.0,25.8,20.0,20.0,20,0.0,0.0,0,24.0,27.549999999999997,24.98,1020.0,1070.0,1014.6,180.0,180.0,180,6350.0,6900.0,3957,15.0,25.0,13.3,0.0,0.0,0,4950.0,4950.0,4950,9500.0,9500.0,9500,1.0,1.0,0.62,,,,50.0,200.0,80,0.0,0.0,0,100.0,100.0,100,,,,10.0,10.0,10,100.0,100.0,96,24.0,28.0,25.68,20.0,20.0,20,20.0,60.99999999999994,29,,,,1.0,1.0,1,5000.0,5000.0,5000,2.0,2.0,1.92,2.0,2.0,2,2.0,2.0,2,3.0,3.0,3,9.0,9.0,8.92,1.0,1.0,1,0.0,1.0,0.08,0.0,1.0,0.22,0.0,0.0,1,0.0,0.5499999999999972,0.06,0.0,1.0,0.26,0.0,0.5499999999999972,0.06,10.0,25.0,11.1,,,,,,,,,,2.0,2.0,1.24,100.0,100.0,62,0.0,3849.99999999998,420,,,
26,0.0,0.0,0,0.0,2.0,0.44,,,,,,,0.0,1.5499999999999972,0.46,2.0,4.0,2.04,1.0,2.0,0.74,1.0,3.0,1.34,1.0,2.0,0.76,2.0,4.0,1.64,1.0,3.0,1.34,18.0,28.64999999999999,18,4500.0,4500.0,4500,0.0,1.0,0.12,0.0,0.0,0,20.0,20.0,20,0.0,0.0,0,24.0,28.0,25.34,1040.0,1090.0,1037.6,380.0,380.0,380,460.0,6810.0,1742,5.0,25.0,9.6,0.0,0.0,0,4950.0,4950.0,4950,4750.0,4750.0,4750,1.0,1.0,0.6,,,,50.0,177.49999999999986,75,200.0,200.0,176,100.0,100.0,100,,,,10.0,10.0,10,100.0,100.0,88,28.0,28.0,27.12,20.0,20.0,20,20.0,70.0,38,,,,1.0,1.0,1,5000.0,5000.0,5000,2.0,2.0,1.76,2.0,2.0,2,2.0,2.0,2,3.0,3.0,3,9.0,9.0,8.76,2.0,2.0,2,0.0,1.0,0.28,1.0,2.0,0.72,0.0,27.499999999999858,3,0.0,0.5499999999999972,0.06,0.0,1.0,0.32,0.0,0.0,0.02,10.0,35.0,14.3,,,,,,,,,,1.0,1.0,0.64,50.0,50.0,32,0.0,7000.0,2520,,,
27,0.0,0.0,0,0.0,2.0,0.52,,,,,,,0.0,1.0,0.36,2.5,4.0,2.34,1.0,3.0,1,1.0,3.0,1.12,1.0,2.0,0.7,2.0,3.0,1.52,1.0,3.0,1.42,16.0,25.0,16.14,4500.0,4500.0,4500,0.0,0.5499999999999972,0.06,40.0,40.0,37.6,20.0,20.0,20,0.0,0.0,0,25.0,28.0,25.96,1100.0,1150.0,1095.2,580.0,580.0,580,395.0,6820.0,1297,15.0,25.0,14.2,0.0,0.0,0,4950.0,4950.0,4950,4750.0,4750.0,4750,1.0,1.0,0.56,,,,75.0,200.0,85,0.0,0.0,0,100.0,100.0,100,,,,10.0,10.0,10,100.0,100.0,99,28.0,28.0,27.44,20.0,20.0,20,20.0,70.0,33.4,,,,1.0,1.0,1,5000.0,5000.0,5000,2.0,2.0,1.98,2.0,2.0,2,2.0,2.0,2,3.0,3.0,3,9.0,9.0,8.98,2.0,2.0,2,0.0,1.0,0.24,0.5,1.5499999999999972,0.56,,,,0.0,1.0,0.12,0.0,1.0,0.2,0.0,1.0,0.12,10.0,48.74999999999993,18,,,,,,,,,,0.0,1.0,0.38,0.0,50.0,19,0.0,7000.0,560,,,
28,0.0,0.0,0,0.0,1.5499999999999972,0.44,,,,,,,0.0,1.5499999999999972,0.44,2.0,4.0,2.08,1.0,3.0,1.06,1.0,3.549999999999997,1.16,1.0,2.0,0.7,1.0,4.0,1.62,1.5,3.0,1.46,18.0,31.549999999999997,20.88,4500.0,4500.0,4500,0.0,1.0,0.08,0.0,0.0,0,20.0,20.0,20,0.0,0.0,0,26.0,28.0,26.46,1120.0,1170.0,1121.2,780.0,780.0,780,730.0,1407.4999999999998,904,20.0,45.49999999999997,21.3,0.0,0.0,0,4950.0,4950.0,4950,4750.0,4750.0,4750,1.0,1.0,0.6,,,,100.0,200.0,88,350.0,350.0,322,100.0,100.0,100,,,,10.0,10.0,10,100.0,100.0,98,28.0,28.0,27.92,20.0,20.0,20,70.0,70.0,66.6,,,,1.0,1.0,1,5000.0,5000.0,5000,2.0,2.0,1.96,2.0,2.0,2,2.0,2.0,2,3.0,3.0,3,9.0,9.0,8.96,1.0,1.0,1,0.0,0.0,0.04,0.0,1.0,0.28,0.0,50.0,6,0.0,1.0,0.1,0.0,1.0,0.2,0.0,1.0,0.1,10.0,18.249999999999957,7.7,,,,,,,50.0,50.0,46,0.5,1.0,0.5,25.0,50.0,25,0.0,7000.0,840,,,
29,0.0,0.0,0,0.0,1.5499999999999972,0.4,,,,,,,0.0,1.5499999999999972,0.4,2.0,4.549999999999997,1.98,1.0,2.0,0.92,1.0,3.0,1.38,1.0,2.0,0.78,1.0,3.0,1.5,2.0,3.0,1.64,16.5,29.549999999999997,17.7,4500.0,4500.0,4500,0.0,0.5499999999999972,0.06,0.0,0.0,0,20.0,20.0,20,0.0,0.0,0,27.0,28.0,27.04,1140.0,1190.0,1141.2,980.0,980.0,980,890.0,1617.5,974,10.0,25.0,11.8,0.0,0.0,0,4950.0,4950.0,4950,4750.0,4750.0,4750,1.0,1.0,0.58,,,,100.0,200.0,85,100.0,100.0,94,100.0,100.0,100,,,,10.0,10.0,10,100.0,100.0,100,28.0,28.0,28,20.0,20.0,20,50.0,70.0,50.4,,,,1.0,1.0,1,5000.0,5000.0,5000,2.0,2.0,2,2.0,2.0,2,2.0,2.0,2,3.0,3.0,3,9.0,9.0,9,2.0,2.0,2,0.0,1.0,0.08,0.0,2.0,0.6,,,,0.0,1.0,0.12,0.0,1.0,0.3,,,,20.0,35.0,20.9,,,,,,,,,,0.0,1.0,0.42,0.0,50.0,21,0.0,0.0,140,,,
30,0.0,0.0,0,0.0,2.0,0.54,,,,,,,0.0,1.0,0.46,2.0,4.0,2,1.0,2.549999999999997,0.86,1.0,3.0,1.2,1.0,2.0,0.84,1.0,3.0,1.5,1.5,3.549999999999997,1.6,18.0,24.299999999999983,17.04,4500.0,4500.0,4500,0.0,1.0,0.14,20.0,20.0,17.2,20.0,20.0,20,0.0,0.0,0,28.0,28.0,27.62,1185.0,1230.0,1179.4,1180.0,1180.0,1180,1025.0,1750.0,1090,10.0,25.0,11.8,0.0,0.0,0,4950.0,4950.0,4950,4750.0,4750.0,4750,1.0,1.0,0.64,,,,100.0,177.49999999999986,85,0.0,0.0,0,100.0,100.0,100,,,,10.0,10.0,10,100.0,100.0,100,28.0,28.0,28,20.0,20.0,20,50.0,70.0,40.2,,,,1.0,1.0,1,5000.0,5000.0,5000,2.0,2.0,2,2.0,2.0,2,2.0,2.0,2,3.0,3.0,3,9.0,9.0,9,2.0,2.0,2,0.0,1.0,0.12,1.0,2.0,0.62,0.0,0.0,1,0.0,1.0,0.1,0.0,1.0,0.18,0.0,1.0,0.08,15.0,65.49999999999997,20.2,,,,,,,,,,0.0,1.0,0.42,0.0,50.0,21,,,,,,
31,0.0,0.0,0,0.0,2.0,0.62,,,,,,,0.0,1.5499999999999972,0.46,2.0,4.0,1.86,1.0,3.0,0.96,1.0,3.0,1.04,1.0,2.0,0.8,1.0,3.549999999999997,1.74,1.0,3.549999999999997,1.52,14.5,31.299999999999983,16.6,4500.0,4500.0,4500,0.0,1.0,0.12,0.0,0.0,0,20.0,20.0,20,0.0,0.0,0,28.0,28.0,27.84,1205.0,1250.0,1199.4,1380.0,1380.0,1380,1310.0,2037.4999999999998,1359,10.0,25.0,13,25.0,25.0,25,4950.0,4950.0,4950,4750.0,4750.0,4750,1.0,1.0,0.68,,,,50.0,200.0,88,150.0,150.0,132,100.0,100.0,100,,,,10.0,10.0,10,100.0,100.0,100,28.0,28.0,28,20.0,20.0,20,20.0,60.99999999999994,27.8,25.0,25.0,25,1.0,1.0,1,5000.0,5000.0,5000,2.0,2.0,2,2.0,2.0,2,2.0,2.0,2,3.0,3.0,3,9.0,9.0,9,1.0,1.0,1,0.0,1.0,0.08,0.0,1.0,0.24,,,,0.0,0.5499999999999972,0.06,0.0,1.0,0.2,0.0,0.5499999999999972,0.06,10.0,25.0,9,,,,,,,,,,1.0,1.0,0.78,50.0,50.0,39,,,,,,
32,0.0,0.0,0,0.0,1.0,0.44,,,,,,,0.0,1.5499999999999972,0.38,2.0,4.0,2.2,1.0,2.0,0.88,1.0,2.549999999999997,1.12,1.0,2.0,0.9,1.0,3.549999999999997,1.52,1.0,3.0,1.56,16.0,28.0,17.42,4500.0,4500.0,4500,0.0,1.0,0.1,30.0,30.0,27,20.0,20.0,20,0.0,0.0,0,28.0,28.0,27.98,1260.0,1300.0,1250.4,1580.0,1580.0,1580,1470.0,2120.0,1501,10.0,25.0,11.2,50.0,50.0,50,4950.0,4950.0,4950,4750.0,4750.0,4750,0.0,1.0,0.48,,,,100.0,177.49999999999986,89,0.0,0.0,0,100.0,100.0,100,,,,10.0,10.0,10,100.0,100.0,100,28.0,28.0,28,20.0,20.0,20,50.0,70.0,41.4,25.0,25.0,25,1.0,1.0,1,5000.0,5000.0,5000,2.0,2.0,2,2.0,2.0,2,2.0,2.0,2,3.0,3.0,3,9.0,9.0,9,2.0,2.0,2,0.0,1.0,0.3,0.0,1.0,0.5,0.0,50.0,4,0.0,1.0,0.14,0.0,1.0,0.32,0.0,0.5499999999999972,0.06,20.0,60.0,19.6,,,,,,,,,,1.0,1.0,0.86,50.0,50.0,43,,,,,,
33,0.0,0.0,0,0.0,2.0,0.5,,,,,,,0.0,1.5499999999999972,0.36,2.0,4.549999999999997,2.28,1.0,2.0,0.8,1.0,3.0,1.18,1.0,2.0,0.74,1.5,3.0,1.54,1.0,4.0,1.6,15.0,28.19999999999999,16.54,4500.0,4500.0,4500,0.0,1.0,0.12,0.0,0.0,0,20.0,20.0,20,0.0,0.0,0,28.0,28.0,28,1280.0,1320.0,1272.4,1530.0,1530.0,1530,1780.0,2530.0,1813,10.0,33.24999999999996,12.7,75.0,75.0,75,4950.0,4950.0,4950,5000.0,5000.0,5000,1.0,1.0,0.52,,,,100.0,150.0,77,200.0,200.0,176,100.0,100.0,100,,,,10.0,10.0,10,100.0,100.0,100,28.0,28.0,28,20.0,20.0,20,50.0,70.0,37.2,25.0,25.0,25,1.0,1.0,1,5000.0,5000.0,5000,2.0,2.0,2,2.0,2.0,2,2.0,2.0,2,3.0,3.0,3,9.0,9.0,9,2.0,2.0,2,0.0,0.5499999999999972,0.06,1.0,2.0,0.68,0.0,0.0,2,0.0,1.0,0.18,0.0,1.0,0.26,0.0,0.0,0.04,10.0,70.0,18.7,,,,,,,,,,1.0,1.0,0.98,50.0,50.0,49,,,,,,
34,0.0,0.0,0,0.0,1.0,0.4,,,,,,,0.0,2.0,0.42,2.0,3.0,2.02,1.0,2.0,0.9,1.0,3.0,1.16,1.0,2.0,0.86,2.0,4.0,1.6,2.0,3.549999999999997,1.64,17.0,27.0,17.1,1500.0,1500.0,1500,0.0,1.0,0.1,40.0,40.0,36,20.0,20.0,20,0.0,0.0,0,28.0,28.0,28,1345.0,1416.5,1339.4,1480.0,1480.0,1480,1940.0,2667.5,1961,15.0,25.0,13,100.0,100.0,100,4950.0,4950.0,4950,5000.0,5000.0,5000,1.0,1.0,0.66,,,,100.0,200.0,88,0.0,0.0,0,100.0,100.0,100,,,,10.0,10.0,10,100.0,100.0,100,28.0,28.0,28,20.0,20.0,20,20.0,70.0,29.4,25.0,25.0,25,1.0,1.0,1,5000.0,5000.0,5000,2.0,2.0,2,2.0,2.0,2,2.0,2.0,2,3.0,3.0,3,9.0,9.0,9,1.0,1.0,1,0.0,0.0,0.04,0.0,1.0,0.28,,,,0.0,0.0,0.04,0.0,1.0,0.3,,,,10.0,25.0,9.7,0.0,50.0,11,,,,,,,1.0,1.0,1,50.0,50.0,50,,,,3.0,3.0,3
35,0.0,0.0,0,0.0,1.0,0.44,,,,,,,0.0,1.5499999999999972,0.42,2.0,5.0,2.46,1.0,3.0,1.06,1.0,3.0,1.16,0.5,2.0,0.66,1.0,4.0,1.52,1.0,3.549999999999997,1.28,21.0,31.099999999999994,21.2,0.0,0.0,0,0.0,1.0,0.12,0.0,0.0,0,20.0,20.0,20,0.0,0.0,0,28.0,28.0,28,1400.0,1450.0,1393.4,1430.0,1430.0,1430,2650.0,3405.0,2665,25.0,55.49999999999997,28,0.0,0.0,0,4950.0,4950.0,4950,5000.0,5000.0,5000,1.0,1.0,0.58,,,,100.0,177.49999999999986,86,350.0,350.0,308,100.0,100.0,100,,,,10.0,10.0,10,100.0,100.0,100,28.0,28.0,28,20.0,20.0,20,70.0,70.0,71.4,25.0,25.0,25,1.0,1.0,1,5000.0,5000.0,5000,2.0,2.0,2,2.0,2.0,2,2.0,2.0,2,3.0,3.0,3,9.0,9.0,9,2.0,2.0,2,0.0,1.0,0.1,1.0,1.5499999999999972,0.58,0.0,0.0,1,0.0,0.5499999999999972,0.06,0.0,1.0,0.3,0.0,0.5499999999999972,0.06,20.0,65.49999999999997,22.4,50.0,50.0,33,250.0,250.0,250,50.0,50.0,44,1.0,1.0,1,50.0,50.0,50,,,,4.0,4.0,4
36,0.0,0.0,0,0.0,2.0,0.48,,,,,,,0.0,2.0,0.52,2.0,4.0,1.96,1.0,2.0,0.8,1.0,3.0,1.26,0.0,2.0,0.78,1.0,4.0,1.72,1.0,3.549999999999997,1.48,19.0,33.55,19.8,0.0,0.0,0,0.0,1.0,0.1,0.0,0.0,0,20.0,20.0,20,0.0,0.0,0,28.0,28.0,28,1425.0,1470.0,1419.4,1380.0,1380.0,1380,2885.0,3637.5,2894,10.0,40.0,14.6,25.0,25.0,25,4950.0,4950.0,4950,5000.0,5000.0,5000,1.0,1.0,0.64,,,,50.0,150.0,79,100.0,100.0,90,100.0,100.0,100,,,,10.0,10.0,10,100.0,100.0,100,28.0,28.0,28,20.0,20.0,20,50.0,70.0,56.8,25.0,25.0,25,1.0,1.0,1,5000.0,5000.0,5000,2.0,2.0,2,2.0,2.0,2,2.0,2.0,2,3.0,3.0,3,9.0,9.0,9,2.0,2.0,2,0.0,1.0,0.14,0.0,2.0,0.56,,,,0.0,0.0,0.04,0.0,1.0,0.26,0.0,0.5499999999999972,0.06,20.0,70.0,23.4,0.0,50.0,6,,,,,,,1.0,1.0,1,50.0,50.0,50,,,,4.0,4.0,4
37,0.0,0.0,0,0.0,2.0,0.4,,,,,,,0.0,2.0,0.46,2.0,4.549999999999997,2.22,1.0,3.0,1.12,1.0,3.0,1.08,1.0,2.0,0.66,1.0,3.0,1.42,1.5,4.0,1.64,16.0,32.55,17,0.0,0.0,0,0.0,0.5499999999999972,0.06,20.0,20.0,18.8,20.0,20.0,20,0.0,0.0,0,28.0,28.0,28,1465.0,1510.0,1458.2,1330.0,1330.0,1330,3020.0,3797.5,3043,7.5,20.0,9,50.0,50.0,50,4950.0,4950.0,4950,5000.0,5000.0,5000,1.0,1.0,0.6,,,,100.0,177.49999999999986,89,0.0,0.0,0,100.0,100.0,100,,,,10.0,10.0,10,100.0,100.0,100,28.0,28.0,28,20.0,20.0,20,20.0,70.0,34.8,25.0,25.0,25,1.0,1.0,1,5000.0,5000.0,5000,2.0,2.0,2,2.0,2.0,2,2.0,2.0,2,3.0,3.0,3,9.0,9.0,9,1.0,1.0,1,0.0,0.5499999999999972,0.06,0.0,1.0,0.26,,,,0.0,1.0,0.12,0.0,1.0,0.16,0.0,1.0,0.12,10.0,25.0,9.2,,,,,,,,,,1.0,1.0,1,50.0,50.0,50,,,,4.0,4.0,4
38,0.0,0.0,0,0.0,1.0,0.36,,,,,,,0.0,1.0,0.42,2.0,4.0,2.12,1.0,2.0,1.1,1.0,2.0,1,1.0,2.0,0.92,2.0,3.0,1.46,1.5,3.549999999999997,1.62,16.5,25.0,17.08,0.0,0.0,0,0.0,1.0,0.18,0.0,0.0,0,20.0,20.0,20,0.0,0.0,0,28.0,28.0,28,1490.0,1530.0,1479.2,1280.0,1280.0,1280,3330.0,4034.9999999999995,3327,10.0,25.0,11.7,50.0,50.0,50,4950.0,4950.0,4950,5000.0,5000.0,5000,1.0,1.0,0.68,,,,100.0,200.0,101,150.0,150.0,123,100.0,100.0,100,,,,10.0,10.0,10,100.0,100.0,100,28.0,28.0,28,20.0,20.0,20,20.0,70.0,36.4,,,,1.0,1.0,1,5000.0,5000.0,5000,2.0,2.0,2,2.0,2.0,2,2.0,2.0,2,3.0,3.0,3,9.0,9.0,9,2.0,2.0,2,0.0,1.0,0.14,1.0,2.0,0.7,0.0,0.0,1,0.0,0.5499999999999972,0.06,0.0,1.0,0.26,,,,10.0,55.49999999999997,19.1,,,,,,,,,,1.0,1.0,1,50.0,50.0,50,,,,4.0,4.0,4
39,0.0,0.0,0,0.0,2.0,0.5,,,,,,,0.0,2.0,0.44,2.0,4.0,2.22,1.0,3.0,1,1.0,3.0,1.28,1.0,2.0,0.68,2.0,4.0,1.58,1.0,3.0,1.3,16.0,29.0,17.34,0.0,0.0,0,0.0,1.0,0.14,30.0,30.0,25.8,20.0,20.0,20,0.0,0.0,0,28.0,28.0,28,1540.0,1580.0,1526,1230.0,1230.0,1230,3490.0,4140.0,3471,10.0,25.0,10.8,50.0,50.0,50,4950.0,4950.0,4950,5000.0,5000.0,5000,1.0,1.0,0.58,,,,100.0,200.0,84,0.0,0.0,0,100.0,100.0,100,,,,10.0,10.0,10,100.0,100.0,100,28.0,28.0,28,20.0,20.0,20,50.0,70.0,40.2,,,,1.0,1.0,1,5000.0,5000.0,5000,2.0,2.0,2,2.0,2.0,2,2.0,2.0,2,3.0,3.0,3,9.0,9.0,9,2.0,2.0,2,0.0,1.0,0.14,0.0,2.0,0.56,0.0,0.0,1,0.0,0.5499999999999972,0.06,0.0,1.0,0.26,0.0,1.0,0.1,20.0,48.74999999999993,19.3,,,,,,,,,,1.0,1.0,1,50.0,50.0,50,,,,4.0,4.0,4
40,0.0,0.0,0,0.0,1.0,0.48,,,,,,,0.0,1.0,0.34,2.0,4.549999999999997,1.98,1.0,2.0,1.02,1.0,3.0,1.12,1.0,2.0,0.64,2.0,4.0,1.66,2.0,4.0,1.76,13.0,24.0,15.88,0.0,0.0,0,0.0,1.0,0.1,0.0,0.0,0,20.0,20.0,20,0.0,0.0,0,28.0,28.0,28,1560.0,1600.0,1547,1180.0,1180.0,1180,3800.0,4477.5,3794,10.0,25.0,11,50.0,50.0,50,4950.0,4950.0,4950,5000.0,5000.0,5000,1.0,1.0,0.68,,,,100.0,150.0,83,200.0,200.0,180,100.0,100.0,100,,,,10.0,10.0,10,100.0,100.0,100,28.0,28.0,28,20.0,20.0,20,20.0,70.0,31.2,,,,1.0,1.0,1,5000.0,5000.0,5000,2.0,2.0,2,2.0,2.0,2,2.0,2.0,2,3.0,3.0,3,9.0,9.0,9,1.0,1.0,1,0.0,1.0,0.08,0.0,1.0,0.24,0.0,0.0,1,0.0,1.0,0.1,0.0,1.0,0.18,0.0,0.0,0.04,10.0,60.0,11.4,,,,,,,,,,1.0,1.0,1,50.0,50.0,50,,,,4.0,4.0,4
41,0.0,0.0,0,0.0,1.0,0.38,,,,,,,0.0,1.5499999999999972,0.4,2.0,4.0,2,1.0,3.0,1.08,1.0,2.549999999999997,1.18,0.5,2.0,0.68,2.0,4.0,1.8,1.5,3.0,1.48,16.5,27.099999999999994,17.36,0.0,0.0,0,0.0,0.0,0.02,40.0,40.0,39.2,20.0,20.0,20,0.0,0.0,0,28.0,28.0,28,1620.0,1660.0,1606.2,1130.0,1130.0,1130,3960.0,4587.5,3942,15.0,32.749999999999986,15.3,50.0,50.0,50,4950.0,4950.0,4950,5000.0,5000.0,5000,1.0,1.0,0.54,,,,100.0,177.49999999999986,88,0.0,0.0,0,100.0,100.0,100,,,,10.0,10.0,10,100.0,100.0,100,28.0,28.0,28,20.0,20.0,20,20.0,70.0,36.8,,,,1.0,1.0,1,5000.0,5000.0,5000,2.0,2.0,2,2.0,2.0,2,2.0,2.0,2,3.0,3.0,3,9.0,9.0,9,2.0,2.0,2,0.0,1.0,0.14,1.0,2.0,0.64,,,,0.0,1.0,0.08,0.0,1.0,0.28,0.0,1.0,0.1,15.0,70.0,21.1,,,,,,,,,,1.0,1.0,1,50.0,50.0,50,,,,4.0,4.0,4
42,0.0,0.0,0,0.0,1.5499999999999972,0.52,,,,,,,0.0,1.0,0.36,2.0,4.0,2,1.0,2.0,0.84,1.0,3.0,1.22,1.0,2.0,0.78,2.0,4.0,1.74,1.0,3.0,1.54,18.0,31.0,20.44,0.0,0.0,0,0.0,0.5499999999999972,0.06,0.0,0.0,0,20.0,20.0,20,0.0,0.0,0,28.0,28.0,28,1640.0,1680.0,1626.2,1080.0,1080.0,1080,4420.0,5047.5,4412,32.5,70.49999999999997,30.6,50.0,50.0,50,4950.0,4950.0,4950,5000.0,5000.0,5000,1.0,1.0,0.62,,,,50.0,200.0,81,350.0,350.0,329,100.0,100.0,100,,,,10.0,10.0,10,100.0,100.0,100,28.0,28.0,28,20.0,20.0,20,70.0,70.0,71.8,,,,1.0,1.0,1,5000.0,5000.0,5000,2.0,2.0,2,2.0,2.0,2,2.0,2.0,2,3.0,3.0,3,9.0,9.0,9,2.0,2.0,2,0.0,1.0,0.1,1.0,2.0,0.7,,,,0.0,1.0,0.14,0.0,1.0,0.22,0.0,0.0,0.02,10.0,60.0,20.1,,,,,,,50.0,50.0,47,1.0,1.0,1,50.0,50.0,50,,,,4.0,4.0,4
43,0.0,0.0,0,0.0,2.0,0.42,,,,,,,0.0,1.5499999999999972,0.42,1.5,4.0,1.74,1.0,2.0,0.94,1.0,4.0,1.4,1.0,2.0,0.76,2.0,3.549999999999997,1.6,2.0,4.0,1.72,17.0,29.64999999999999,17.64,0.0,0.0,0,0.0,1.0,0.14,0.0,0.0,0,20.0,20.0,20,0.0,0.0,0,28.0,28.0,28,1660.0,1700.0,1646.2,780.0,780.0,780,4705.0,5307.5,4643,12.5,25.0,13.1,50.0,50.0,50,4950.0,4950.0,4950,5250.0,5250.0,5250,1.0,1.0,0.66,,,,100.0,200.0,85,100.0,100.0,86,100.0,100.0,100,,,,10.0,10.0,10,100.0,100.0,100,28.0,28.0,28,20.0,20.0,20,50.0,70.0,45,,,,1.0,1.0,1,5000.0,5000.0,5000,2.0,2.0,2,2.0,2.0,2,2.0,2.0,2,3.0,3.0,3,9.0,9.0,9,1.0,1.0,1,0.0,0.0,0.04,0.0,1.0,0.36,,,,0.0,1.0,0.1,0.0,1.0,0.22,0.0,0.0,0.02,10.0,25.0,7.5,,,,,,,,,,1.0,1.0,1,50.0,50.0,50,,,,4.0,4.0,4
44,0.0,0.0,0,0.0,1.0,0.3,,,,,,,0.0,1.0,0.44,2.0,4.549999999999997,1.92,1.0,2.549999999999997,1.06,1.0,3.0,1.24,1.0,2.549999999999997,0.96,2.0,3.0,1.54,1.0,3.0,1.54,18.0,25.0,17.1,0.0,0.0,0,0.0,1.0,0.12,20.0,20.0,17.6,20.0,20.0,20,0.0,0.0,0,28.0,28.0,28,1700.0,1740.0,1684.8,480.0,480.0,480,4890.0,5417.5,4804,15.0,33.24999999999996,14.1,50.0,50.0,50,4950.0,4950.0,4950,5250.0,5250.0,5250,1.0,1.0,0.64,,,,100.0,200.0,101,0.0,0.0,0,100.0,100.0,100,,,,10.0,10.0,10,100.0,100.0,100,28.0,28.0,28,20.0,20.0,20,50.0,70.0,40.8,,,,1.0,1.0,1,5000.0,5000.0,5000,2.0,2.0,2,2.0,2.0,2,2.0,2.0,2,3.0,3.0,3,9.0,9.0,9,2.0,2.0,2,0.0,1.0,0.14,0.0,1.0,0.4,0.0,0.0,1,0.0,1.0,0.18,0.0,1.0,0.18,,,,20.0,54.2499999999999,21.8,,,,,,,,,,1.0,1.0,1,50.0,50.0,50,,,,4.0,4.0,4
45,0.0,0.0,0,0.0,2.0,0.46,,,,,,,0.0,1.0,0.34,2.0,4.0,1.74,1.0,3.0,0.9,1.0,3.0,1.26,1.0,2.0,0.74,2.0,3.549999999999997,1.8,2.0,3.0,1.76,17.0,26.549999999999997,17.02,0.0,0.0,0,0.0,1.0,0.08,0.0,0.0,0,20.0,20.0,20,0.0,0.0,0,28.0,28.0,28,1720.0,1760.0,1706.8,180.0,180.0,180,5150.0,5755.0,5084,12.5,25.0,12.8,50.0,50.0,50,4950.0,4950.0,4950,5250.0,5250.0,5250,1.0,1.0,0.54,,,,100.0,177.49999999999986,82,150.0,150.0,138,100.0,100.0,100,,,,10.0,10.0,10,100.0,100.0,100,28.0,28.0,28,20.0,20.0,20,50.0,70.0,40,,,,1.0,1.0,1,5000.0,5000.0,5000,2.0,2.0,2,2.0,2.0,2,2.0,2.0,2,3.0,3.0,3,9.0,9.0,9,2.0,2.0,2,0.0,1.0,0.08,0.0,2.0,0.58,,,,0.0,1.0,0.08,0.0,1.0,0.32,0.0,0.5499999999999972,0.06,20.0,43.24999999999996,18.7,0.0,0.0,2,,,,,,,1.0,1.0,1,50.0,50.0,50,,,,4.0,4.0,4
46,0.0,0.0,0,0.0,2.0,0.58,,,,,,,0.0,1.5499999999999972,0.44,2.0,4.0,2.12,1.0,2.0,1.06,1.0,3.0,1.04,1.0,2.0,0.76,2.0,3.549999999999997,1.72,1.0,3.0,1.28,15.5,26.099999999999994,16.22,0.0,0.0,0,0.0,1.0,0.08,30.0,30.0,27.6,20.0,20.0,20,0.0,0.0,0,28.0,28.0,28,1780.0,1840.0,1775.4,5130.0,5130.0,5130,5235.0,5815.0,5185,15.0,25.0,14.8,50.0,50.0,50,4950.0,4950.0,4950,,,,1.0,1.0,0.74,,,,100.0,200.0,91,0.0,0.0,0,100.0,100.0,100,,,,10.0,10.0,10,100.0,100.0,100,28.0,28.0,28,20.0,20.0,20,20.0,60.99999999999994,30.4,,,,1.0,1.0,1,5000.0,5000.0,5000,2.0,2.0,2,2.0,2.0,2,2.0,2.0,2,3.0,3.0,3,9.0,9.0,9,1.0,1.0,1,0.0,0.5499999999999972,0.06,0.0,1.0,0.3,,,,0.0,0.5499999999999972,0.06,0.0,1.0,0.16,0.0,0.0,0.04,10.0,44.2499999999999,12.4,0.0,50.0,21,,,,,,,,,,,,,,,,4.0,4.0,4
47,0.0,0.0,0,0.0,2.0,0.6,,,,,,,0.0,1.0,0.38,2.0,4.0,2.2,1.0,2.549999999999997,0.88,1.0,3.0,1.18,0.5,2.0,0.6,1.0,4.0,1.62,1.0,4.0,1.54,17.0,23.64999999999999,16.36,0.0,0.0,0,0.0,1.0,0.1,0.0,0.0,0,20.0,20.0,20,0.0,0.0,0,28.0,28.0,28,1830.0,1880.0,1821.4,4830.0,4830.0,4830,5545.0,6175.0,5499,10.0,25.0,11,50.0,50.0,50,4950.0,4950.0,4950,5250.0,5250.0,5250,1.0,1.0,0.7,,,,50.0,200.0,74,200.0,200.0,180,100.0,100.0,100,,,,10.0,10.0,10,100.0,100.0,100,28.0,28.0,28,20.0,20.0,20,50.0,70.0,43,,,,1.0,1.0,1,5000.0,5000.0,5000,2.0,2.0,2,2.0,2.0,2,2.0,2.0,2,3.0,3.0,3,9.0,9.0,9,2.0,2.0,2,0.0,1.0,0.08,0.0,1.0,0.52,,,,0.0,1.0,0.1,0.0,1.0,0.12,0.0,1.0,0.08,20.0,35.0,19.2,50.0,50.0,26,,,,,,,1.0,1.0,1,50.0,50.0,50,,,,4.0,4.0,4
48,0.0,0.0,0,0.0,1.0,0.5,,,,,,,0.0,2.0,0.38,2.0,4.0,2.1,1.0,3.0,1.3,1.0,3.0,1.12,0.0,2.0,0.62,1.0,3.0,1.44,1.0,4.0,1.54,17.0,27.549999999999997,17.72,0.0,0.0,0,0.0,0.0,0.02,40.0,40.0,39.2,20.0,20.0,20,0.0,0.0,0,28.0,28.0,28,1890.0,1940.0,1881.6,4530.0,4530.0,4530,5655.0,6307.5,5655,10.0,25.0,13.1,50.0,50.0,50,4950.0,4950.0,4950,5250.0,5250.0,5250,0.0,1.0,0.48,,,,100.0,200.0,96,0.0,0.0,0,100.0,100.0,100,,,,10.0,10.0,10,100.0,100.0,100,28.0,28.0,28,20.0,20.0,20,50.0,70.0,44,,,,1.0,1.0,1,5000.0,5000.0,5000,2.0,2.0,2,2.0,2.0,2,2.0,2.0,2,3.0,3.0,3,9.0,9.0,9,2.0,2.0,2,0.0,0.0,0.02,1.0,1.0,0.6,,,,0.0,1.0,0.08,0.0,1.0,0.38,0.0,0.5499999999999972,0.06,20.0,70.0,26.1,0.0,0.0,1,,,,,,,1.0,1.0,1,50.0,50.0,50,,,,4.0,4.0,4
49,0.0,0.0,0,0.0,2.0,0.54,,,,,,,0.0,2.0,0.62,2.0,4.549999999999997,1.92,1.0,2.0,0.84,1.0,2.549999999999997,1.2,0.0,2.0,0.58,1.0,3.0,1.38,2.0,4.0,1.92,21.5,34.55,22.5,0.0,0.0,0,0.0,1.0,0.14,0.0,0.0,0,20.0,20.0,20,0.0,0.0,0,28.0,28.0,28,1910.0,1960.0,1901.6,4230.0,4230.0,4230,6140.0,6790.0,6087,20.0,35.0,17.5,50.0,50.0,50,4950.0,4950.0,4950,5250.0,5250.0,5250,1.0,1.0,0.54,,,,50.0,200.0,71,350.0,350.0,301,100.0,100.0,100,,,,10.0,10.0,10,100.0,100.0,100,28.0,28.0,28,20.0,20.0,20,70.0,70.0,68.4,,,,1.0,1.0,1,5000.0,5000.0,5000,2.0,2.0,2,2.0,2.0,2,2.0,2.0,2,3.0,3.0,3,9.0,9.0,9,1.0,1.0,1,0.0,1.0,0.08,0.0,1.0,0.32,,,,0.0,1.0,0.1,0.0,1.0,0.26,0.0,1.0,0.1,10.0,25.0,9.8,,,,,,,50.0,50.0,43,1.0,1.0,1,50.0,50.0,50,,,,4.0,4.0,4
50,0.0,0.0,0,0.0,1.0,0.42,,,,,,,0.0,2.549999999999997,0.56,2.0,4.549999999999997,1.92,1.0,2.0,0.92,0.5,3.549999999999997,0.92,1.0,2.549999999999997,0.86,2.0,3.549999999999997,1.9,1.0,4.0,1.5,16.5,34.19999999999999,18.18,0.0,0.0,0,0.0,1.0,0.2,0.0,0.0,0,20.0,20.0,20,0.0,0.0,0,28.0,28.0,28,1930.0,1980.0,1921.6,3930.0,3930.0,3930,6375.0,7000.0,6316,10.0,25.0,11.2,50.0,50.0,50,4950.0,4950.0,4950,5250.0,5250.0,5250,1.0,1.0,0.72,,,,100.0,250.0,89,100.0,100.0,80,100.0,100.0,100,,,,10.0,10.0,10,100.0,100.0,100,28.0,28.0,28,20.0,20.0,20,50.0,70.0,46.8,,,,1.0,1.0,1,5000.0,5000.0,5000,2.0,2.0,2,2.0,2.0,2,2.0,2.0,2,3.0,3.0,3,9.0,9.0,9,2.0,2.0,2,0.0,1.0,0.08,1.0,1.0,0.58,,,,0.0,0.0,0.04,0.0,1.0,0.16,0.0,1.0,0.08,15.0,35.0,20.5,,,,,,,,,,1.0,1.0,1,50.0,50.0,50,,,,4.0,4.0,4
51,0.0,0.0,0,0.0,1.0,0.32,,,,,,,0.0,1.5499999999999972,0.4,2.0,4.0,2.16,1.0,3.0,1.12,1.0,3.0,1.32,0.0,2.0,0.6,1.0,3.549999999999997,1.42,2.0,4.0,1.66,17.0,30.299999999999983,17.76,0.0,0.0,0,0.0,1.0,0.12,20.0,20.0,17.6,20.0,20.0,20,0.0,0.0,0,28.0,28.0,28,1970.0,2020.0,1959.2,3630.0,3630.0,3630,6485.0,7187.5,6462,10.0,44.2499999999999,15.1,50.0,50.0,50,4950.0,4950.0,4950,5250.0,5250.0,5250,0.0,1.0,0.48,,,,100.0,200.0,86,0.0,0.0,0,100.0,100.0,100,,,,10.0,10.0,10,100.0,100.0,100,28.0,28.0,28,20.0,20.0,20,50.0,70.0,43.8,,,,1.0,1.0,1,5000.0,5000.0,5000,2.0,2.0,2,2.0,2.0,2,2.0,2.0,2,3.0,3.0,3,9.0,9.0,9,2.0,2.0,2,0.0,0.0,0.04,0.0,2.0,0.58,,,,0.0,1.0,0.12,0.0,1.0,0.3,0.0,1.0,0.1,20.0,104.2499999999999,27.7,,,,,,,,,,1.0,1.0,1,50.0,50.0,50,,,,4.0,4.0,4
52,0.0,0.0,0,0.0,1.5499999999999972,0.38,,,,,,,0.0,1.0,0.34,2.0,4.0,1.98,1.0,3.0,1.12,1.0,2.549999999999997,0.98,1.0,2.0,0.8,1.5,3.0,1.52,2.0,4.0,1.88,15.5,26.549999999999997,16.82,0.0,0.0,0,0.0,1.0,0.14,0.0,0.0,0,20.0,20.0,20,0.0,0.0,0,28.0,28.0,28,1990.0,2040.0,1979.2,3330.0,3330.0,3330,6820.0,7429.999999999999,6747,15.0,27.749999999999986,14.5,50.0,50.0,50,4950.0,4950.0,4950,5250.0,5250.0,5250,1.0,1.0,0.54,,,,100.0,200.0,96,150.0,150.0,129,100.0,100.0,100,,,,10.0,10.0,10,100.0,100.0,100,28.0,28.0,28,20.0,20.0,20,20.0,70.0,32.2,,,,1.0,1.0,1,5000.0,5000.0,5000,2.0,2.0,2,2.0,2.0,2,2.0,2.0,2,3.0,3.0,3,9.0,9.0,9,1.0,1.0,1,0.0,0.0,0.04,0.0,1.0,0.22,,,,0.0,0.0,0.04,0.0,1.0,0.32,0.0,1.0,0.1,10.0,44.2499999999999,11.6,,,,,,,,,,1.0,1.0,1,50.0,50.0,50,,,,4.0,4.0,4
53,0.0,0.0,0,0.0,1.5499999999999972,0.5,,,,,,,0.5,2.0,0.7,2.0,4.0,1.88,1.0,3.0,1.22,1.0,2.549999999999997,1.12,1.0,2.0,0.8,1.0,3.549999999999997,1.44,1.0,3.0,1.34,19.0,29.099999999999994,19.58,0.0,0.0,0,0.0,1.0,0.08,30.0,30.0,27.6,20.0,20.0,20,0.0,0.0,0,28.0,28.0,28,2040.0,2090.0,2028.8,3030.0,3030.0,3030,7030.0,7585.0,6908,10.0,25.0,12.5,50.0,50.0,50,4950.0,4950.0,4950,5250.0,5250.0,5250,1.0,1.0,0.56,,,,100.0,227.49999999999986,101,0.0,0.0,0,100.0,100.0,100,,,,10.0,10.0,10,100.0,100.0,100,28.0,28.0,28,20.0,20.0,20,50.0,70.0,47.2,,,,1.0,1.0,1,5000.0,5000.0,5000,2.0,2.0,2,2.0,2.0,2,2.0,2.0,2,3.0,3.0,3,9.0,9.0,9,2.0,2.0,2,0.0,1.0,0.08,0.0,2.0,0.58,0.0,0.0,2,0.0,1.0,0.16,0.0,1.0,0.26,0.0,0.0,0.02,20.0,70.0,25.2,,,,,,,,,,1.0,1.0,1,50.0,50.0,50,,,,4.0,4.0,4
54,0.0,0.0,0,0.0,2.0,0.4,,,,,,,0.0,2.0,0.48,2.0,4.549999999999997,2.2,1.0,3.0,1.26,1.0,2.0,1.14,1.0,2.0,0.62,1.0,3.0,1.46,1.0,3.549999999999997,1.44,17.0,30.099999999999994,17.86,0.0,0.0,0,0.0,1.0,0.1,0.0,0.0,0,20.0,20.0,20,0.0,0.0,0,28.0,28.0,28,2060.0,2110.0,2048.8,2480.0,2480.0,2480,7390.0,7872.5,7242,10.0,32.749999999999986,12.5,50.0,50.0,50,4950.0,4950.0,4950,5500.0,5500.0,5500,1.0,1.0,0.6,,,,100.0,200.0,94,200.0,200.0,180,100.0,100.0,100,,,,10.0,10.0,10,100.0,100.0,100,28.0,28.0,28,20.0,20.0,20,50.0,70.0,43.6,,,,1.0,1.0,1,5000.0,5000.0,5000,2.0,2.0,2,2.0,2.0,2,2.0,2.0,2,3.0,3.0,3,9.0,9.0,9,2.0,2.0,2,0.0,0.0,0.02,1.0,2.0,0.7,,,,0.0,1.0,0.14,0.0,1.0,0.24,0.0,0.0,0.02,20.0,70.0,23.6,,,,,,,,,,1.0,1.0,1,50.0,50.0,50,,,,4.0,4.0,4
55,0.0,0.0,0,1.0,2.0,0.66,,,,,,,0.0,1.5499999999999972,0.32,2.0,4.549999999999997,2.32,1.0,2.0,0.78,1.0,2.0,1.02,1.0,2.0,0.94,1.0,3.0,1.58,1.0,3.0,1.38,16.0,29.549999999999997,16.78,0.0,0.0,0,0.0,1.0,0.1,40.0,40.0,36,20.0,20.0,20,0.0,0.0,0,28.0,28.0,28,2120.0,2170.0,2104.8,1930.0,1930.0,1930,7525.0,8060.0,7388,7.5,22.749999999999986,8.9,50.0,50.0,50,4950.0,4950.0,4950,5500.0,5500.0,5500,1.0,1.0,0.6,,,,100.0,177.49999999999986,86,0.0,0.0,0,100.0,100.0,100,,,,10.0,10.0,10,100.0,100.0,100,28.0,28.0,28,20.0,20.0,20,35.0,70.0,39,,,,1.0,1.0,1,5000.0,5000.0,5000,2.0,2.0,2,2.0,2.0,2,2.0,2.0,2,3.0,3.0,3,9.0,9.0,9,1.0,1.0,1,0.0,0.0,0.02,0.0,1.0,0.38,,,,0.0,1.0,0.08,0.0,1.0,0.32,,,,10.0,60.0,15.4,,,,,,,,,,1.0,1.0,1,50.0,50.0,50,,,,4.0,4.0,4
56,0.0,0.0,0,0.0,2.0,0.42,,,,,,,0.0,1.0,0.38,2.0,4.0,2.04,1.0,2.0,0.86,1.0,3.0,1.38,1.0,3.0,1.02,1.0,3.0,1.38,1.0,4.0,1.52,18.0,30.549999999999997,20.14,0.0,0.0,0,0.0,0.5499999999999972,0.06,0.0,0.0,0,20.0,20.0,20,0.0,0.0,0,28.0,28.0,28,2140.0,2190.0,2124.8,1380.0,1380.0,1380,7960.0,8537.5,7871,20.0,57.749999999999986,23.4,50.0,50.0,50,4950.0,4950.0,4950,5500.0,5500.0,5500,1.0,1.0,0.72,,,,100.0,200.0,94,350.0,350.0,329,100.0,100.0,100,,,,10.0,10.0,10,100.0,100.0,100,28.0,28.0,28,20.0,20.0,20,70.0,113.99999999999977,73.4,,,,1.0,1.0,1,5000.0,5000.0,5000,2.0,2.0,2,2.0,2.0,2,2.0,2.0,2,3.0,3.0,3,9.0,9.0,9,2.0,2.0,2,0.0,1.0,0.1,0.5,2.0,0.6,,,,0.0,1.0,0.08,0.0,1.0,0.18,0.0,0.0,0.02,10.0,70.0,20.9,,,,,,,50.0,50.0,47,1.0,1.0,1,50.0,50.0,50,,,,4.0,4.0,4
57,0.0,0.0,0,0.0,2.0,0.5,,,,,,,0.0,1.0,0.3,2.0,4.0,2.22,1.0,3.0,1.18,1.0,3.0,1.3,1.0,2.0,0.76,1.0,3.0,1.42,1.0,3.0,1.32,16.0,26.099999999999994,16.86,0.0,0.0,0,0.0,0.5499999999999972,0.06,0.0,0.0,0,20.0,20.0,20,0.0,0.0,0,28.0,28.0,28,2160.0,2215.5,2150.8,830.0,830.0,830,8220.0,8775.0,8122,10.0,27.749999999999986,12.4,50.0,50.0,50,4950.0,4950.0,4950,5500.0,5500.0,5500,0.5,1.0,0.5,,,,100.0,200.0,97,100.0,100.0,94,100.0,100.0,100,,,,10.0,10.0,10,100.0,100.0,100,28.0,28.0,28,20.0,20.0,20,50.0,70.0,49,,,,1.0,1.0,1,5000.0,5000.0,5000,2.0,2.0,2,2.0,2.0,2,2.0,2.0,2,3.0,3.0,3,9.0,9.0,9,2.0,2.0,2,,,,1.0,2.0,0.66,,,,0.0,1.0,0.14,0.0,1.0,0.3,0.0,0.5499999999999972,0.06,15.0,35.0,18,0.0,50.0,6,,,,,,,1.0,1.0,1,50.0,50.0,50,,,,4.0,4.0,4
58,0.0,0.0,0,0.0,2.0,0.5,,,,,,,0.0,1.0,0.36,2.0,4.0,2.02,1.0,2.0,1,1.0,3.0,1.16,1.0,2.549999999999997,0.86,1.0,3.549999999999997,1.52,1.0,4.0,1.58,16.5,25.0,16.12,0.0,0.0,0,0.0,1.0,0.12,20.0,20.0,17.6,20.0,20.0,20,0.0,0.0,0,28.0,28.0,28,2225.0,2280.0,2213.4,280.0,280.0,280,8355.0,8907.5,8275,12.5,25.0,13.4,50.0,50.0,50,4950.0,4950.0,4950,5500.0,5500.0,5500,1.0,1.0,0.62,,,,100.0,200.0,93,0.0,0.0,0,100.0,100.0,100,,,,10.0,10.0,10,100.0,100.0,100,28.0,28.0,28,20.0,20.0,20,20.0,70.0,30.6,,,,1.0,1.0,1,5000.0,5000.0,5000,2.0,2.0,2,2.0,2.0,2,2.0,2.0,2,3.0,3.0,3,9.0,9.0,9,1.0,1.0,1,0.0,0.0,0.04,0.0,1.0,0.24,,,,0.0,0.0,0.04,0.0,1.0,0.24,0.0,1.0,0.1,10.0,25.0,11.6,25.0,50.0,25,,,,,,,1.0,1.0,1,50.0,50.0,50,,,,4.0,4.0,4
59,0.0,0.0,0,0.5,2.0,0.62,,,,,,,0.0,1.0,0.34,2.0,4.0,2.02,1.0,2.0,0.92,1.0,3.0,1.04,1.0,2.0,0.8,1.5,3.0,1.5,2.0,4.0,1.76,17.0,26.549999999999997,17.78,0.0,0.0,0,0.0,1.0,0.12,0.0,0.0,0,20.0,20.0,20,0.0,0.0,0,28.0,28.0,28,2270.0,2320.0,2251.4,5230.0,5230.0,5230,8615.0,9167.5,8503,15.0,32.749999999999986,14.4,50.0,50.0,50,4950.0,4950.0,4950,,,,1.0,1.0,0.56,,,,100.0,177.49999999999986,86,150.0,150.0,132,100.0,100.0,100,,,,10.0,10.0,10,100.0,100.0,100,28.0,28.0,28,20.0,20.0,20,50.0,70.0,46.8,,,,1.0,1.0,1,5000.0,5000.0,5000,2.0,2.0,2,2.0,2.0,2,2.0,2.0,2,3.0,3.0,3,9.0,9.0,9,2.0,2.0,2,0.0,0.0,0.04,0.0,1.0,0.44,,,,0.0,0.0,0.02,0.0,1.0,0.4,0.0,0.0,0.02,20.0,70.0,27.8,0.0,50.0,18,,,,,,,,,,,,,,,,4.0,4.0,4
60,0.0,0.0,0,0.0,2.0,0.48,,,,,,,0.0,1.0,0.32,2.0,4.0,1.94,1.0,2.0,0.78,1.0,3.0,1.26,1.0,2.0,0.84,1.0,3.549999999999997,1.5,2.0,3.0,1.88,17.0,27.549999999999997,17.36,0.0,0.0,0,0.0,1.0,0.12,30.0,30.0,26.4,20.0,20.0,20,0.0,0.0,0,28.0,28.0,28,2320.0,2370.0,2298.8,4680.0,4680.0,4680,8800.0,9377.5,8644,15.0,25.0,16,50.0,50.0,50,4950.0,4950.0,4950,5500.0,5500.0,5500,0.5,1.0,0.5,,,,100.0,200.0,81,0.0,0.0,0,100.0,100.0,100,,,,10.0,10.0,10,100.0,100.0,100,28.0,28.0,28,20.0,20.0,20,50.0,70.0,42.6,,,,1.0,1.0,1,5000.0,5000.0,5000,2.0,2.0,2,2.0,2.0,2,2.0,2.0,2,3.0,3.0,3,9.0,9.0,9,2.0,2.0,2,0.0,0.0,0.04,0.5,2.0,0.6,,,,0.0,0.5499999999999972,0.06,0.0,1.0,0.36,0.0,1.0,0.08,20.0,70.0,24.2,0.0,0.0,1,,,,,,,1.0,1.0,1,50.0,50.0,50,,,,4.0,4.0,4
61,0.0,0.0,0,0.0,1.0,0.38,,,,,,,0.0,1.0,0.26,2.0,5.0,2.32,1.0,2.549999999999997,1,1.0,3.0,1.36,1.0,2.0,0.72,1.0,3.0,1.42,1.0,3.0,1.54,16.0,24.0,15.88,0.0,0.0,0,0.0,1.0,0.14,0.0,0.0,0,20.0,20.0,20,0.0,0.0,0,28.0,28.0,28,2340.0,2390.0,2319.8,4130.0,4130.0,4130,9010.0,9710.0,8962,10.0,25.0,12.5,75.0,75.0,75,4950.0,4950.0,4950,5500.0,5500.0,5500,1.0,1.0,0.54,,,,50.0,177.49999999999986,86,200.0,200.0,172,100.0,100.0,100,,,,10.0,10.0,10,100.0,100.0,100,28.0,28.0,28,20.0,20.0,20,20.0,60.99999999999994,33.2,25.0,25.0,25,1.0,1.0,1,5000.0,5000.0,5000,2.0,2.0,2,2.0,2.0,2,2.0,2.0,2,3.0,3.0,3,9.0,9.0,9,1.0,1.0,1,0.0,0.0,0.02,0.0,1.0,0.32,0.0,0.0,1,0.0,1.0,0.1,0.0,1.0,0.32,0.0,0.0,0.04,10.0,25.0,9.7,,,,,,,,,,1.0,1.0,1,50.0,50.0,50,,,,4.0,4.0,4
62,0.0,0.0,0,0.0,1.5499999999999972,0.48,,,,,,,0.0,1.0,0.26,2.0,4.0,1.9,1.0,3.0,1.2,1.0,3.0,1.06,1.0,3.0,0.92,1.0,3.549999999999997,1.5,1.5,3.0,1.64,15.5,24.099999999999994,15.64,0.0,0.0,0,0.0,1.0,0.12,40.0,40.0,35.2,20.0,20.0,20,0.0,0.0,0,28.0,28.0,28,2395.0,2441.0,2375,3580.0,3580.0,3580,9120.0,9770.0,8930,10.0,27.749999999999986,10.8,100.0,100.0,100,4950.0,4950.0,4950,5500.0,5500.0,5500,1.0,1.0,0.56,,,,100.0,250.0,106,0.0,0.0,0,100.0,100.0,100,,,,10.0,10.0,10,100.0,100.0,98,28.0,28.0,28.08,20.0,20.0,20,50.0,70.0,40.8,25.0,25.0,25,1.0,1.0,1,5000.0,5000.0,5000,2.0,2.0,1.96,2.0,2.0,2,2.0,2.0,2,3.0,3.0,3,9.0,9.0,8.96,2.0,2.0,2,0.0,1.0,0.14,1.0,1.5499999999999972,0.62,,,,0.0,1.0,0.12,0.0,1.0,0.3,0.0,0.0,0.02,10.0,65.49999999999997,19.1,,,,,,,,,,1.0,1.0,1,50.0,50.0,50,0.0,0.0,200,4.0,4.0,4
63,0.0,0.0,0,0.0,2.0,0.5,,,,,,,0.0,2.0,0.42,2.0,4.549999999999997,1.9,1.0,2.0,0.82,1.0,3.0,1.32,1.0,2.0,0.72,2.0,3.549999999999997,1.66,2.0,3.0,1.58,18.0,32.55,20.94,0.0,0.0,0,0.0,1.0,0.14,0.0,0.0,0,20.0,20.0,20,0.0,0.0,0,28.0,28.0,28.02,2415.0,2461.0,2395,3030.0,3030.0,3030,9455.0,10080.0,6821,25.0,47.749999999999986,26,0.0,0.0,0,4950.0,4950.0,4950,5500.0,5500.0,5500,1.0,1.0,0.56,,,,50.0,150.0,77,350.0,350.0,301,100.0,100.0,100,,,,10.0,10.0,10,100.0,100.0,96,28.0,32.0,29.2,20.0,20.0,20,70.0,70.0,66.8,25.0,25.0,25,1.0,1.0,1,5000.0,5000.0,5000,2.0,2.0,1.92,2.0,2.0,2,2.0,2.0,2,3.0,3.0,3,9.0,9.0,8.92,2.0,2.0,2,0.0,0.5499999999999972,0.06,0.0,1.0,0.44,,,,0.0,1.0,0.14,0.0,1.0,0.28,0.0,0.0,0.02,20.0,35.0,19,,,,250.0,250.0,250,50.0,50.0,43,1.0,1.0,0.98,50.0,50.0,49,0.0,10000.0,2800,4.0,4.0,4
64,0.0,0.0,0,0.0,1.0,0.38,,,,,,,0.0,2.0,0.46,2.0,4.0,1.96,1.0,2.0,0.94,1.0,3.0,1.32,1.0,2.0,0.78,1.0,3.0,1.34,2.0,3.0,1.6,16.0,29.549999999999997,17.66,0.0,0.0,0,0.0,0.0,0.04,0.0,0.0,0,20.0,20.0,20,0.0,0.0,0,28.0,29.0,28.32,2435.0,2481.0,2415,2480.0,2480.0,2480,740.0,9940.0,4259,10.0,25.0,12.2,25.0,25.0,25,4950.0,4950.0,4950,5500.0,5500.0,5500,1.0,1.0,0.54,,,,75.0,177.49999999999986,86,100.0,100.0,96,100.0,100.0,100,,,,10.0,10.0,10,100.0,100.0,89,32.0,32.0,30.32,20.0,20.0,20,50.0,70.0,45.6,25.0,25.0,25,1.0,1.0,1,5000.0,5000.0,5000,2.0,2.0,1.78,2.0,2.0,2,2.0,2.0,2,3.0,3.0,3,9.0,9.0,8.78,1.0,1.0,1,0.0,0.0,0.02,0.0,1.0,0.24,,,,0.0,1.0,0.12,0.0,1.0,0.26,0.0,1.0,0.08,10.0,25.0,11.8,,,,,,,,,,1.0,1.0,0.7,50.0,50.0,35,0.0,10000.0,2800,4.0,4.0,4
65,0.0,0.0,0,0.0,1.0,0.46,,,,,,,0.0,1.0,0.38,2.0,4.549999999999997,2.32,1.0,3.0,0.92,1.0,3.0,1.2,1.0,2.0,0.8,1.0,3.549999999999997,1.52,1.0,3.0,1.3,17.0,26.0,17.16,0.0,0.0,0,0.0,0.0,0.04,20.0,20.0,19.2,20.0,20.0,20,0.0,0.0,0,29.0,30.0,28.9,2475.0,2521.0,2455.2,1680.0,1680.0,1680,700.0,9877.5,3181,15.0,32.749999999999986,15.9,50.0,50.0,50,4950.0,4950.0,4950,5750.0,5750.0,5750,1.0,1.0,0.76,,,,100.0,200.0,86,0.0,0.0,0,100.0,100.0,100,,,,10.0,10.0,10,100.0,100.0,95,32.0,32.0,30.8,20.0,20.0,20,20.0,70.0,40.8,25.0,25.0,25,1.0,1.0,1,5000.0,5000.0,5000,2.0,2.0,1.9,2.0,2.0,2,2.0,2.0,2,3.0,3.0,3,9.0,9.0,8.9,2.0,2.0,2,0.0,0.5499999999999972,0.06,0.5,2.0,0.6,0.0,0.0,1,0.0,0.0,0.04,0.0,1.0,0.16,0.0,0.0,0.04,20.0,70.0,24.5,,,,,,,,,,0.0,1.0,0.42,0.0,50.0,21,0.0,10000.0,1200,4.0,4.0,4
66,0.0,0.0,0,0.0,1.0,0.32,,,,,,,0.5,2.0,0.58,2.0,4.0,2.12,1.0,3.0,1.04,1.0,3.0,1.16,1.0,2.0,0.66,1.0,3.0,1.3,2.0,3.549999999999997,1.76,19.5,30.549999999999997,19.76,0.0,0.0,0,0.0,1.0,0.16,0.0,0.0,0,20.0,20.0,20,0.0,0.0,0,30.0,31.0,29.6,2495.0,2541.0,2475.2,880.0,880.0,880,735.0,9760.0,2220,15.0,32.749999999999986,16.3,75.0,75.0,75,4950.0,4950.0,4950,5750.0,5750.0,5750,0.5,1.0,0.5,,,,100.0,177.49999999999986,85,150.0,150.0,126,100.0,100.0,100,,,,10.0,10.0,10,100.0,100.0,97,32.0,32.0,31.28,20.0,20.0,20,50.0,70.0,43.2,25.0,25.0,25,1.0,1.0,1,5000.0,5000.0,5000,2.0,2.0,1.94,2.0,2.0,2,2.0,2.0,2,3.0,3.0,3,9.0,9.0,8.94,2.0,2.0,2,0.0,1.0,0.08,0.0,2.0,0.56,,,,0.0,0.5499999999999972,0.06,0.0,1.0,0.38,0.0,0.5499999999999972,0.06,20.0,70.0,23.6,,,,,,,,,,0.0,1.0,0.3,0.0,50.0,15,0.0,10000.0,1200,4.0,4.0,4
67,0.0,0.0,0,0.0,1.0,0.36,,,,,,,0.0,1.5499999999999972,0.36,1.0,3.549999999999997,1.66,1.0,2.549999999999997,1.08,1.0,2.549999999999997,1.18,0.5,2.0,0.74,1.0,4.549999999999997,1.62,2.0,4.0,1.96,15.0,27.64999999999999,16.46,0.0,0.0,0,0.0,0.5499999999999972,0.06,30.0,30.0,28.2,20.0,20.0,20,0.0,0.0,0,31.0,32.0,30.4,2535.0,2591.0,2523.4,80.0,80.0,80,770.0,9625.0,1933,10.0,25.0,11.7,100.0,100.0,100,4950.0,4950.0,4950,5750.0,5750.0,5750,1.0,1.0,0.62,,,,100.0,177.49999999999986,91,0.0,0.0,0,100.0,100.0,100,,,,10.0,10.0,10,100.0,100.0,98,32.0,32.0,31.44,20.0,20.0,20,20.0,70.0,35.8,25.0,25.0,25,1.0,1.0,1,5000.0,5000.0,5000,2.0,2.0,1.96,2.0,2.0,2,2.0,2.0,2,3.0,3.0,3,9.0,9.0,8.96,1.0,1.0,1,0.0,0.0,0.02,0.0,1.0,0.24,,,,0.0,1.0,0.12,0.0,1.0,0.26,,,,10.0,25.0,11.2,,,,,,,,,,0.0,1.0,0.2,0.0,50.0,10,0.0,0.0,400,4.0,4.0,4
68,0.0,0.0,0,0.0,2.0,0.48,,,,,,,0.0,1.0,0.42,2.0,4.549999999999997,2.14,1.0,3.0,0.9,1.0,2.549999999999997,1.1,1.0,2.0,0.9,1.0,3.549999999999997,1.52,2.0,3.0,1.54,17.0,25.549999999999997,17.38,0.0,0.0,0,0.0,0.0,0.04,0.0,0.0,0,20.0,20.0,20,0.0,0.0,0,31.0,32.0,30.4,2555.0,2611.0,2543.4,5030.0,5030.0,5030,1080.0,9762.5,2025,10.0,30.0,13.2,100.0,100.0,100,4950.0,4950.0,4950,,,,1.0,1.0,0.72,,,,100.0,200.0,90,200.0,200.0,192,100.0,100.0,100,,,,10.0,10.0,10,100.0,100.0,100,32.0,32.0,31.52,20.0,20.0,20,50.0,70.0,43.2,,,,1.0,1.0,1,5000.0,5000.0,5000,2.0,2.0,2,2.0,2.0,2,2.0,2.0,2,3.0,3.0,3,9.0,9.0,9,2.0,2.0,2,0.0,0.0,0.02,0.5,2.0,0.6,,,,0.0,1.0,0.08,0.0,1.0,0.2,,,,20.0,70.0,24.7,,,,,,,,,,,,,,,,0.0,0.0,200,4.0,4.0,4
69,0.0,0.0,0,0.0,1.0,0.28,,,,,,,0.0,1.0,0.4,2.0,4.549999999999997,1.92,1.0,2.549999999999997,1.06,1.0,3.0,1.02,1.0,3.0,0.98,2.0,3.549999999999997,1.72,1.0,4.549999999999997,1.6,16.5,24.0,16.86,0.0,0.0,0,0.0,1.0,0.12,40.0,40.0,35.2,20.0,20.0,20,0.0,0.0,0,32.0,32.0,30.98,2620.0,2680.0,2609.6,4230.0,4230.0,4230,1140.0,9890.0,1959,12.5,25.0,12.5,100.0,100.0,100,4950.0,4950.0,4950,5750.0,5750.0,5750,1.0,1.0,0.7,,,,100.0,200.0,102,0.0,0.0,0,100.0,100.0,100,,,,10.0,10.0,10,100.0,100.0,99,32.0,32.0,31.6,20.0,20.0,20,50.0,70.0,47.6,,,,1.0,1.0,1,5000.0,5000.0,5000,2.0,2.0,1.98,2.0,2.0,2,2.0,2.0,2,3.0,3.0,3,9.0,9.0,8.98,2.0,2.0,2,0.0,0.0,0.04,0.0,1.0,0.38,,,,0.0,1.0,0.08,0.0,1.0,0.2,0.0,0.0,0.02,20.0,55.49999999999997,26.9,0.0,50.0,11,,,,,,,0.0,1.0,0.42,0.0,50.0,21,0.0,0.0,200,4.0,4.0,4
70,0.0,0.0,0,0.0,1.0,0.4,,,,,,,0.0,1.0,0.48,2.0,4.0,1.98,1.0,2.549999999999997,0.88,1.0,3.0,1.4,1.0,2.0,0.8,1.0,3.0,1.5,2.0,3.0,1.56,18.0,31.549999999999997,21.26,0.0,0.0,0,0.0,1.0,0.18,0.0,0.0,0,20.0,20.0,20,0.0,0.0,0,32.0,32.0,31.3,2660.0,2741.0,2659.6,3430.0,3430.0,3430,1500.0,2177.5,1574,25.0,65.49999999999997,24,100.0,100.0,100,4950.0,4950.0,4950,5750.0,5750.0,5750,0.0,1.0,0.48,,,,100.0,200.0,84,350.0,350.0,287,100.0,100.0,100,,,,10.0,10.0,10,100.0,100.0,100,32.0,32.0,31.92,20.0,20.0,20,70.0,70.0,64.4,,,,1.0,1.0,1,5000.0,5000.0,5000,2.0,2.0,2,2.0,2.0,2,2.0,2.0,2,3.0,3.0,3,9.0,9.0,9,1.0,1.0,1,,,,0.0,1.0,0.22,0.0,0.0,1,0.0,1.0,0.16,0.0,1.0,0.3,0.0,0.5499999999999972,0.06,10.0,60.0,14.9,50.0,50.0,29,,,,50.0,50.0,41,1.0,1.0,0.68,50.0,50.0,34,0.0,10000.0,800,4.0,4.0,4
71,0.0,0.0,0,0.0,2.0,0.46,,,,,,,0.0,2.0,0.6,2.0,4.0,1.86,1.0,2.549999999999997,0.8,1.0,3.0,1.14,1.0,2.549999999999997,0.98,1.0,3.0,1.44,2.0,4.0,1.72,18.0,33.0,20.06,0.0,0.0,0,0.0,1.0,0.12,0.0,0.0,0,20.0,20.0,20,0.0,0.0,0,32.0,32.0,31.58,2700.0,2761.0,2689.6,2630.0,2630.0,2630,1710.0,2360.0,1797,10.0,47.749999999999986,17,100.0,100.0,100,4950.0,4950.0,4950,5750.0,5750.0,5750,1.0,1.0,0.6,,,,100.0,177.49999999999986,89,100.0,100.0,88,100.0,100.0,100,,,,10.0,10.0,10,100.0,100.0,100,32.0,32.0,31.92,20.0,20.0,20,50.0,70.0,56.2,,,,1.0,1.0,1,5000.0,5000.0,5000,2.0,2.0,2,2.0,2.0,2,2.0,2.0,2,3.0,3.0,3,9.0,9.0,9,2.0,2.0,2,0.0,1.0,0.12,0.0,1.0,0.46,,,,0.0,1.0,0.14,0.0,1.0,0.22,0.0,0.0,0.04,20.0,78.24999999999996,29.2,0.0,50.0,10,,,,,,,1.0,1.0,0.72,50.0,50.0,36,,,,4.0,4.0,4
72,0.0,0.0,0,0.0,2.0,0.54,,,,,,,0.0,1.5499999999999972,0.46,2.0,4.0,2.38,1.0,2.549999999999997,0.78,1.0,3.0,1.1,1.0,2.0,0.72,1.0,3.549999999999997,1.58,1.0,3.549999999999997,1.44,17.0,29.19999999999999,18.54,0.0,0.0,0,0.0,1.0,0.1,20.0,20.0,18,20.0,20.0,20,0.0,0.0,0,32.0,32.0,31.74,2740.0,2801.0,2727.6,1830.0,1830.0,1830,1870.0,2470.0,1924,10.0,38.24999999999996,14.3,100.0,100.0,100,4950.0,4950.0,4950,5750.0,5750.0,5750,1.0,1.0,0.62,,,,50.0,200.0,75,0.0,0.0,0,100.0,100.0,100,,,,10.0,10.0,10,100.0,100.0,100,32.0,32.0,31.92,20.0,20.0,20,50.0,124.99999999999972,55.8,,,,1.0,1.0,1,5000.0,5000.0,5000,2.0,2.0,2,2.0,2.0,2,2.0,2.0,2,3.0,3.0,3,9.0,9.0,9,2.0,2.0,2,0.0,0.5499999999999972,0.06,0.0,2.0,0.62,,,,0.0,1.0,0.14,0.0,1.0,0.2,0.0,0.0,0.04,25.0,120.74999999999982,33.1,,,,,,,,,,1.0,1.0,0.84,50.0,50.0,42,,,,4.0,4.0,4
73,0.0,0.0,0,0.0,2.0,0.54,,,,,,,0.0,2.0,0.48,2.0,4.0,2.04,1.0,3.0,1.12,1.0,3.0,1.12,1.0,2.0,0.8,1.0,4.0,1.54,1.0,3.0,1.36,17.5,29.099999999999994,17.58,0.0,0.0,0,0.0,1.0,0.08,0.0,0.0,0,20.0,20.0,20,0.0,0.0,0,32.0,32.0,31.84,2760.0,2821.0,2747.6,1030.0,1030.0,1030,2180.0,2830.0,2213,12.5,25.0,12.8,100.0,100.0,100,4950.0,4950.0,4950,5750.0,5750.0,5750,1.0,1.0,0.68,,,,100.0,227.49999999999986,96,150.0,150.0,138,100.0,100.0,100,,,,10.0,10.0,10,100.0,100.0,100,32.0,32.0,31.92,20.0,20.0,20,20.0,70.0,33.4,,,,1.0,1.0,1,5000.0,5000.0,5000,2.0,2.0,2,2.0,2.0,2,2.0,2.0,2,3.0,3.0,3,9.0,9.0,9,1.0,1.0,1,0.0,0.0,0.02,0.0,1.0,0.34,,,,0.0,0.0,0.04,0.0,1.0,0.28,,,,10.0,60.0,11.9,,,,,,,,,,1.0,1.0,0.9,50.0,50.0,45,,,,4.0,4.0,4
74,0.0,0.0,0,0.0,1.0,0.42,,,,,,,0.0,2.0,0.4,2.0,4.549999999999997,2.2,1.0,3.0,1,1.0,3.0,1.2,1.0,3.0,0.98,1.0,3.0,1.44,1.0,3.0,1.36,17.0,26.549999999999997,17.3,0.0,0.0,0,0.0,1.0,0.1,30.0,30.0,27,20.0,20.0,20,0.0,0.0,0,32.0,32.0,31.92,2800.0,2871.0,2795.6,230.0,230.0,230,2240.0,3040.0,2168,10.0,37.749999999999986,13.3,100.0,100.0,100,4950.0,4950.0,4950,5750.0,5750.0,5750,1.0,1.0,0.6,,,,75.0,250.0,99,0.0,0.0,0,100.0,100.0,100,,,,10.0,10.0,10,100.0,100.0,100,32.0,32.0,32,20.0,20.0,20,50.0,70.0,42.4,,,,1.0,1.0,1,5000.0,5000.0,5000,2.0,2.0,2,2.0,2.0,2,2.0,2.0,2,3.0,3.0,3,9.0,9.0,9,2.0,2.0,2,0.0,0.0,0.02,1.0,2.0,0.62,0.0,0.0,1,0.0,1.0,0.08,0.0,1.0,0.28,0.0,0.0,0.04,20.0,70.0,22.9,,,,,,,,,,1.0,1.0,0.92,50.0,50.0,46,0.0,0.0,200,4.0,4.0,4
75,0.0,0.0,0,1.0,2.0,0.66,,,,,,,0.0,1.0,0.5,2.0,4.0,2.04,1.0,2.549999999999997,0.92,1.0,3.0,1.24,1.0,2.0,0.8,1.0,3.0,1.48,1.0,3.0,1.36,18.0,26.549999999999997,17.92,0.0,0.0,0,0.0,1.0,0.1,0.0,0.0,0,20.0,20.0,20,0.0,0.0,0,32.0,32.0,31.92,2820.0,2891.0,2815.6,5180.0,5180.0,5180,2525.0,3405.0,2444,15.0,42.749999999999986,17.3,100.0,100.0,100,4950.0,4950.0,4950,,,,1.0,1.0,0.68,,,,100.0,200.0,86,200.0,200.0,180,100.0,100.0,100,,,,10.0,10.0,10,100.0,100.0,100,32.0,32.0,32,20.0,20.0,20,50.0,70.0,40.6,,,,1.0,1.0,1,5000.0,5000.0,5000,2.0,2.0,2,2.0,2.0,2,2.0,2.0,2,3.0,3.0,3,9.0,9.0,9,2.0,2.0,2,0.0,0.0,0.02,0.0,2.0,0.58,,,,0.0,0.5499999999999972,0.06,0.0,1.0,0.24,0.0,0.0,0.02,20.0,70.0,24.6,,,,,,,,,,,,,,,,,,,4.0,4.0,4
76,0.0,0.0,0,0.0,2.0,0.52,,,,,,,0.0,1.0,0.42,2.0,3.549999999999997,1.94,1.0,3.0,1.08,1.0,3.0,1.26,1.0,2.549999999999997,0.84,1.0,4.0,1.46,1.0,3.549999999999997,1.48,16.0,26.0,16.62,0.0,0.0,0,0.0,0.5499999999999972,0.06,40.0,40.0,37.6,20.0,20.0,20,0.0,0.0,0,32.0,32.0,31.94,2880.0,2951.0,2873.2,4380.0,4380.0,4380,2710.0,3560.0,2599,12.5,25.0,14.1,100.0,100.0,100,4950.0,4950.0,4950,5750.0,5750.0,5750,1.0,1.0,0.72,,,,100.0,177.49999999999986,96,0.0,0.0,0,100.0,100.0,100,,,,10.0,10.0,10,100.0,100.0,100,32.0,32.0,32,20.0,20.0,20,20.0,70.0,33.4,,,,1.0,1.0,1,5000.0,5000.0,5000,2.0,2.0,2,2.0,2.0,2,2.0,2.0,2,3.0,3.0,3,9.0,9.0,9,1.0,1.0,1,0.0,0.0,0.02,0.0,1.0,0.3,,,,0.0,0.0,0.02,0.0,1.0,0.24,0.0,0.0,0.02,10.0,25.0,10.2,,,,,,,,,,1.0,1.0,0.98,50.0,50.0,49,,,,4.0,4.0,4
77,0.0,0.0,0,0.0,2.0,0.58,,,,,,,0.0,1.5499999999999972,0.48,2.0,4.0,1.94,1.0,3.0,0.82,1.0,3.0,1.3,1.0,3.0,0.94,1.0,4.0,1.42,2.0,3.0,1.52,21.5,31.549999999999997,21,0.0,0.0,0,0.0,1.0,0.14,0.0,0.0,0,20.0,20.0,20,0.0,0.0,0,32.0,32.0,31.96,2900.0,2971.0,2893.2,3330.0,3330.0,3330,3170.0,3975.0,3047,25.0,60.0,29,100.0,100.0,100,4950.0,4950.0,4950,6000.0,6000.0,6000,1.0,1.0,0.64,,,,100.0,200.0,88,350.0,350.0,301,100.0,100.0,100,,,,10.0,10.0,10,100.0,100.0,100,32.0,32.0,32,20.0,20.0,20,70.0,70.0,71.2,,,,1.0,1.0,1,5000.0,5000.0,5000,2.0,2.0,2,2.0,2.0,2,2.0,2.0,2,3.0,3.0,3,9.0,9.0,9,2.0,2.0,2,,,,1.0,2.0,0.7,,,,0.0,1.0,0.08,0.0,1.0,0.24,0.0,0.0,0.04,20.0,60.0,23.1,,,,,,,50.0,50.0,43,1.0,1.0,0.98,50.0,50.0,49,,,,4.0,4.0,4
78,0.0,0.0,0,0.0,1.5499999999999972,0.4,,,,,,,0.0,2.0,0.58,2.0,4.0,2.16,1.0,3.0,1.24,1.0,3.0,1.14,1.0,2.0,0.82,1.0,3.0,1.22,1.0,3.0,1.44,18.0,31.0,20.28,0.0,0.0,0,0.0,1.0,0.1,0.0,0.0,0,20.0,20.0,20,0.0,0.0,0,32.0,32.0,31.98,2920.0,2991.0,2913.2,2280.0,2280.0,2280,3380.0,4230.0,3299,15.0,52.749999999999986,17.7,100.0,100.0,100,4950.0,4950.0,4950,6000.0,6000.0,6000,1.0,1.0,0.54,,,,100.0,200.0,103,100.0,100.0,90,100.0,100.0,100,,,,10.0,10.0,10,100.0,100.0,100,32.0,32.0,32,20.0,20.0,20,70.0,70.0,60.2,,,,1.0,1.0,1,5000.0,5000.0,5000,2.0,2.0,2,2.0,2.0,2,2.0,2.0,2,3.0,3.0,3,9.0,9.0,9,2.0,2.0,2,0.0,0.0,0.02,1.0,2.0,0.68,,,,0.0,1.0,0.18,0.0,1.0,0.24,0.0,0.0,0.04,20.0,78.24999999999996,28.9,,,,,,,,,,1.0,1.0,0.98,50.0,50.0,49,,,,4.0,4.0,4
79,0.0,0.0,0,0.0,1.0,0.42,,,,,,,0.0,1.0,0.34,2.0,4.0,1.82,1.0,2.549999999999997,1.02,1.0,3.0,1.14,1.0,2.0,0.84,2.0,4.0,1.82,1.5,4.0,1.6,17.0,26.0,16.44,0.0,0.0,0,0.0,1.0,0.16,20.0,20.0,16.8,20.0,20.0,20,0.0,0.0,0,32.0,32.0,32,2960.0,3031.0,2950,1230.0,1230.0,1230,3490.0,4467.5,3451,10.0,25.0,12.5,100.0,100.0,100,4950.0,4950.0,4950,6000.0,6000.0,6000,1.0,1.0,0.7,,,,100.0,200.0,93,0.0,0.0,0,100.0,100.0,100,,,,10.0,10.0,10,100.0,100.0,100,32.0,32.0,32,20.0,20.0,20,20.0,70.0,36.6,,,,1.0,1.0,1,5000.0,5000.0,5000,2.0,2.0,2,2.0,2.0,2,2.0,2.0,2,3.0,3.0,3,9.0,9.0,9,1.0,1.0,1,,,,0.0,1.0,0.34,,,,0.0,0.5499999999999972,0.06,0.0,1.0,0.2,0.0,0.0,0.04,10.0,44.2499999999999,11.4,,,,,,,,,,1.0,1.0,0.98,50.0,50.0,49,,,,4.0,4.0,4
80,0.0,0.0,0,0.0,2.0,0.54,,,,,,,0.0,2.0,0.48,2.0,4.0,2,1.0,2.0,0.96,1.0,3.0,1.2,1.0,2.0,0.82,1.0,3.0,1.42,1.0,4.0,1.58,17.0,28.549999999999997,17.72,0.0,0.0,0,0.0,1.0,0.1,0.0,0.0,0,20.0,20.0,20,0.0,0.0,0,32.0,32.0,32,2980.0,3051.0,2971,180.0,180.0,180,3800.0,4659.999999999999,3735,15.0,32.749999999999986,14.5,100.0,100.0,100,4950.0,4950.0,4950,6000.0,6000.0,6000,1.0,1.0,0.54,,,,100.0,200.0,89,150.0,150.0,135,100.0,100.0,100,,,,10.0,10.0,10,100.0,100.0,100,32.0,32.0,32,20.0,20.0,20,50.0,70.0,39.4,,,,1.0,1.0,1,5000.0,5000.0,5000,2.0,2.0,2,2.0,2.0,2,2.0,2.0,2,3.0,3.0,3,9.0,9.0,9,2.0,2.0,2,0.0,0.0,0.02,1.0,2.0,0.64,,,,0.0,1.0,0.14,0.0,1.0,0.28,0.0,0.0,0.04,20.0,70.0,21.4,0.0,0.0,1,,,,,,,1.0,1.0,1,50.0,50.0,50,,,,4.0,4.0,4
81,0.0,0.0,0,0.0,2.0,0.64,,,,,,,0.0,1.5499999999999972,0.42,2.5,4.549999999999997,2.46,1.0,3.0,1.12,1.0,2.0,1.02,1.0,2.0,0.68,1.0,3.0,1.5,1.0,2.549999999999997,1.16,16.5,32.64999999999999,17.62,0.0,0.0,0,0.0,0.5499999999999972,0.06,30.0,30.0,28.2,20.0,20.0,20,0.0,0.0,0,32.0,32.0,32,3050.0,3110.0,3038.2,5130.0,5130.0,5130,3860.0,4760.0,3835,12.5,25.0,11.8,100.0,100.0,100,4950.0,4950.0,4950,,,,1.0,1.0,0.64,,,,100.0,150.0,90,0.0,0.0,0,100.0,100.0,100,,,,10.0,10.0,10,100.0,100.0,100,32.0,32.0,32,20.0,20.0,20,50.0,70.0,47.8,,,,1.0,1.0,1,5000.0,5000.0,5000,2.0,2.0,2,2.0,2.0,2,2.0,2.0,2,3.0,3.0,3,9.0,9.0,9,2.0,2.0,2,0.0,0.0,0.04,1.0,1.5499999999999972,0.64,,,,0.0,0.5499999999999972,0.06,0.0,1.0,0.28,0.0,0.0,0.02,15.0,70.0,25.1,0.0,50.0,19,,,,,,,,,,,,,,,,4.0,4.0,4
82,0.0,0.0,0,0.0,2.0,0.46,,,,,,,0.0,2.0,0.52,2.0,5.0,2.38,1.0,3.0,0.98,1.0,2.549999999999997,1.16,0.0,1.5499999999999972,0.52,2.0,3.0,1.52,1.0,3.549999999999997,1.46,17.5,29.549999999999997,18.2,0.0,0.0,0,0.0,0.5499999999999972,0.06,0.0,0.0,0,20.0,20.0,20,0.0,0.0,0,32.0,32.0,32,3090.0,3171.0,3081.2,4080.0,4080.0,4080,4170.0,5047.5,4158,10.0,25.0,11.8,100.0,100.0,100,4950.0,4950.0,4950,6000.0,6000.0,6000,1.0,1.0,0.58,,,,50.0,177.49999999999986,75,200.0,200.0,188,100.0,100.0,100,,,,10.0,10.0,10,100.0,100.0,100,32.0,32.0,32,20.0,20.0,20,20.0,70.0,34.4,,,,1.0,1.0,1,5000.0,5000.0,5000,2.0,2.0,2,2.0,2.0,2,2.0,2.0,2,3.0,3.0,3,9.0,9.0,9,1.0,1.0,1,,,,0.0,1.0,0.24,,,,0.0,1.0,0.14,0.0,1.0,0.28,,,,10.0,60.0,14.4,0.0,50.0,23,,,,,,,1.0,1.0,1,50.0,50.0,50,,,,4.0,4.0,4
83,0.0,0.0,0,0.0,1.0,0.42,,,,,,,0.0,2.0,0.52,2.0,4.0,1.9,1.0,3.0,0.98,1.0,3.549999999999997,1.42,1.0,3.0,0.94,2.0,3.0,1.54,1.0,3.0,1.28,17.5,31.749999999999986,18.42,0.0,0.0,0,0.0,1.0,0.12,40.0,40.0,35.2,20.0,20.0,20,0.0,0.0,0,32.0,32.0,32,3160.0,3231.0,3143.4,3030.0,3030.0,3030,4380.0,5180.0,4314,12.5,27.749999999999986,14.3,100.0,100.0,100,4950.0,4950.0,4950,6000.0,6000.0,6000,0.0,1.0,0.48,,,,100.0,200.0,96,0.0,0.0,0,100.0,100.0,100,,,,10.0,10.0,10,100.0,100.0,100,32.0,32.0,32,20.0,20.0,20,50.0,70.0,43.4,,,,1.0,1.0,1,5000.0,5000.0,5000,2.0,2.0,2,2.0,2.0,2,2.0,2.0,2,3.0,3.0,3,9.0,9.0,9,2.0,2.0,2,0.0,1.0,0.08,0.0,1.0,0.42,,,,0.0,1.0,0.16,0.0,1.0,0.28,0.0,1.0,0.08,20.0,70.0,25.9,0.0,50.0,7,,,,,,,1.0,1.0,1,50.0,50.0,50,,,,4.0,4.0,4
84,0.0,0.0,0,0.0,2.0,0.62,,,,,,,0.0,1.5499999999999972,0.3,2.0,4.0,2.3,1.0,2.549999999999997,1.14,1.0,2.549999999999997,1.08,1.0,2.0,0.9,1.0,3.0,1.34,1.0,3.0,1.32,17.0,31.64999999999999,19.04,0.0,0.0,0,0.0,1.0,0.1,0.0,0.0,0,20.0,20.0,20,0.0,0.0,0,32.0,32.0,32,3180.0,3251.0,3163.4,1980.0,1980.0,1980,4890.0,5690.0,4791,25.0,50.0,26.5,100.0,100.0,100,4950.0,4950.0,4950,6000.0,6000.0,6000,1.0,1.0,0.56,,,,100.0,200.0,102,350.0,350.0,315,100.0,100.0,100,,,,10.0,10.0,10,100.0,100.0,100,32.0,32.0,32,20.0,20.0,20,70.0,113.99999999999977,72,,,,1.0,1.0,1,5000.0,5000.0,5000,2.0,2.0,2,2.0,2.0,2,2.0,2.0,2,3.0,3.0,3,9.0,9.0,9,2.0,2.0,2,0.0,0.0,0.04,1.0,2.0,0.64,,,,0.0,1.0,0.16,0.0,1.0,0.2,0.0,1.0,0.08,20.0,48.74999999999993,19.2,,,,,,,50.0,50.0,45,1.0,1.0,1,50.0,50.0,50,,,,4.0,4.0,4
85,0.0,0.0,0,0.5,2.0,0.64,,,,,,,0.0,1.0,0.42,2.0,4.0,1.88,1.0,3.0,1.26,1.0,2.549999999999997,1.28,1.0,2.0,0.76,1.0,3.0,1.26,2.0,3.0,1.5,16.5,28.299999999999983,17.8,0.0,0.0,0,0.0,1.0,0.1,0.0,0.0,0,20.0,20.0,20,0.0,0.0,0,32.0,32.0,32,3200.0,3271.0,3183.4,930.0,930.0,930,5150.0,5950.0,5042,15.0,35.49999999999997,14,100.0,100.0,100,4950.0,4950.0,4950,6000.0,6000.0,6000,1.0,1.0,0.58,,,,100.0,200.0,101,100.0,100.0,90,100.0,100.0,100,,,,10.0,10.0,10,100.0,100.0,100,32.0,32.0,32,20.0,20.0,20,50.0,70.0,48.8,,,,1.0,1.0,1,5000.0,5000.0,5000,2.0,2.0,2,2.0,2.0,2,2.0,2.0,2,3.0,3.0,3,9.0,9.0,9,1.0,1.0,1,0.0,0.0,0.02,0.0,1.0,0.28,,,,0.0,1.0,0.14,0.0,1.0,0.24,0.0,0.0,0.04,10.0,60.0,16.3,,,,,,,,,,1.0,1.0,1,50.0,50.0,50,,,,4.0,4.0,4
86,0.0,0.0,0,0.0,1.5499999999999972,0.34,,,,,,,0.0,1.0,0.32,2.0,4.0,2.26,1.0,2.0,1.08,1.0,3.549999999999997,1.4,1.0,2.0,0.76,1.0,3.549999999999997,1.48,1.0,3.0,1.36,16.0,25.099999999999994,16.58,0.0,0.0,0,0.0,1.0,0.12,20.0,20.0,17.6,20.0,20.0,20,0.0,0.0,0,32.0,32.0,32,3235.0,3311.0,3221,5880.0,5880.0,5880,5210.0,6060.0,5144,15.0,27.749999999999986,14.6,100.0,100.0,100,4950.0,4950.0,4950,,,,1.0,1.0,0.58,,,,100.0,200.0,92,0.0,0.0,0,100.0,100.0,100,,,,10.0,10.0,10,100.0,100.0,100,32.0,32.0,32,20.0,20.0,20,50.0,70.0,42.6,,,,1.0,1.0,1,5000.0,5000.0,5000,2.0,2.0,2,2.0,2.0,2,2.0,2.0,2,3.0,3.0,3,9.0,9.0,9,2.0,2.0,2,0.0,0.0,0.02,1.0,1.5499999999999972,0.64,,,,0.0,1.0,0.12,0.0,1.0,0.22,0.0,1.0,0.08,20.0,70.0,23.2,,,,,,,,,,,,,,,,,,,4.0,4.0,4
87,0.0,0.0,0,0.0,1.0,0.36,,,,,,,0.0,1.0,0.36,2.0,4.0,2.14,1.0,3.0,1.08,1.0,3.0,1.14,1.0,2.0,0.88,1.0,3.549999999999997,1.68,1.0,3.549999999999997,1.36,17.0,28.0,17.86,0.0,0.0,0,0.0,1.0,0.08,0.0,0.0,0,20.0,20.0,20,0.0,0.0,0,32.0,32.0,32,3255.0,3331.0,3241,4830.0,4830.0,4830,5495.0,6375.0,5440,15.0,52.749999999999986,17.6,100.0,100.0,100,4950.0,4950.0,4950,6000.0,6000.0,6000,1.0,1.0,0.6,,,,100.0,200.0,98,150.0,150.0,138,100.0,100.0,100,,,,10.0,10.0,10,100.0,100.0,100,32.0,32.0,32,20.0,20.0,20,50.0,70.0,49.8,,,,1.0,1.0,1,5000.0,5000.0,5000,2.0,2.0,2,2.0,2.0,2,2.0,2.0,2,3.0,3.0,3,9.0,9.0,9,2.0,2.0,2,,,,0.0,2.0,0.52,,,,0.0,0.0,0.04,0.0,1.0,0.34,0.0,0.0,0.02,25.0,70.0,32.8,,,,,,,,,,1.0,1.0,1,50.0,50.0,50,,,,4.0,4.0,4
88,0.0,0.0,0,0.0,1.0,0.22,,,,,,,0.0,1.0,0.38,2.0,4.0,2.02,1.0,3.549999999999997,1.3,1.0,2.0,1.14,1.0,2.0,0.78,2.0,3.549999999999997,1.7,1.0,3.0,1.46,17.0,26.099999999999994,17.44,0.0,0.0,0,0.0,1.0,0.12,30.0,30.0,26.4,20.0,20.0,20,0.0,0.0,0,32.0,32.0,32,3290.0,3381.0,3287.4,3780.0,3780.0,3780,5655.0,6557.5,5604,12.5,25.0,13,100.0,100.0,100,4950.0,4950.0,4950,6000.0,6000.0,6000,1.0,1.0,0.52,,,,100.0,200.0,104,0.0,0.0,0,100.0,100.0,100,,,,10.0,10.0,10,100.0,100.0,100,32.0,32.0,32,20.0,20.0,20,20.0,70.0,39,,,,1.0,1.0,1,5000.0,5000.0,5000,2.0,2.0,2,2.0,2.0,2,2.0,2.0,2,3.0,3.0,3,9.0,9.0,9,1.0,1.0,1,,,,0.0,1.0,0.28,,,,0.0,0.5499999999999972,0.06,0.0,1.0,0.38,0.0,0.0,0.04,10.0,44.2499999999999,14.4,,,,,,,,,,1.0,1.0,1,50.0,50.0,50,,,,4.0,4.0,4
89,0.0,0.0,0,0.0,1.5499999999999972,0.52,,,,,,,0.0,1.0,0.48,2.0,4.0,2.12,1.0,3.0,1.08,1.0,3.0,1.28,1.0,2.549999999999997,0.8,1.0,3.0,1.36,1.0,3.0,1.36,17.5,26.0,17.94,0.0,0.0,0,0.0,1.0,0.1,0.0,0.0,0,20.0,20.0,20,0.0,0.0,0,32.0,32.0,32,3310.0,3401.0,3307.4,2730.0,2730.0,2730,6015.0,6945.0,5938,10.0,25.0,11.4,100.0,100.0,100,4950.0,4950.0,4950,6000.0,6000.0,6000,1.0,1.0,0.7,,,,100.0,200.0,94,200.0,200.0,180,100.0,100.0,100,,,,10.0,10.0,10,100.0,100.0,100,32.0,32.0,32,20.0,20.0,20,50.0,70.0,48.8,,,,1.0,1.0,1,5000.0,5000.0,5000,2.0,2.0,2,2.0,2.0,2,2.0,2.0,2,3.0,3.0,3,9.0,9.0,9,2.0,2.0,2,,,,1.0,1.5499999999999972,0.58,,,,0.0,1.0,0.08,0.0,1.0,0.2,0.0,0.0,0.02,22.5,70.0,27.2,,,,,,,,,,1.0,1.0,1,50.0,50.0,50,,,,4.0,4.0,4
90,0.0,0.0,0,0.0,2.0,0.46,,,,,,,0.0,2.0,0.54,2.0,4.0,2,1.0,2.0,0.92,1.0,2.549999999999997,1.14,1.0,3.0,1.06,1.0,3.0,1.42,1.0,3.0,1.46,16.0,30.0,17.58,0.0,0.0,0,0.0,1.0,0.12,40.0,40.0,35.2,20.0,20.0,20,0.0,0.0,0,32.0,32.0,32,3365.0,3452.0,3362.6,1680.0,1680.0,1680,6150.0,7155.0,6097,15.0,30.0,14.8,100.0,100.0,100,4950.0,4950.0,4950,6000.0,6000.0,6000,1.0,1.0,0.7,,,,100.0,200.0,99,0.0,0.0,0,100.0,100.0,100,,,,10.0,10.0,10,100.0,100.0,100,32.0,32.0,32,20.0,20.0,20,50.0,70.0,38.8,,,,1.0,1.0,1,5000.0,5000.0,5000,2.0,2.0,2,2.0,2.0,2,2.0,2.0,2,3.0,3.0,3,9.0,9.0,9,2.0,2.0,2,0.0,0.0,0.04,0.5,2.0,0.62,,,,0.0,1.0,0.08,0.0,1.0,0.18,0.0,0.0,0.04,20.0,60.0,22.2,,,,,,,,,,1.0,1.0,1,50.0,50.0,50,,,,4.0,4.0,4
