day,ad_views_p50,ad_views_p95,ad_views_mean,board_consolation_p50,board_consolation_p95,board_consolation_mean,board_reward_cat_can_pack_x3_p50,board_reward_cat_can_pack_x3_p95,board_reward_cat_can_pack_x3_mean,board_reward_cat_can_x1_p50,board_reward_cat_can_x1_p95,board_reward_cat_can_x1_mean,board_reward_cat_tree_x1_p50,board_reward_cat_tree_x1_p95,board_reward_cat_tree_x1_mean,board_reward_cat_wand_x1_p50,board_reward_cat_wand_x1_p95,board_reward_cat_wand_x1_mean,board_reward_cherry_tree_x1_p50,board_reward_cherry_tree_x1_p95,board_reward_cherry_tree_x1_mean,board_reward_fish_treat_x1_p50,board_reward_fish_treat_x1_p95,board_reward_fish_treat_x1_mean,board_reward_yarn_ball_x1_p50,board_reward_yarn_ball_x1_p95,board_reward_yarn_ball_x1_mean,cat_affection_gain_p50,cat_affection_gain_p95,cat_affection_gain_mean,cat_xp_gain_p50,cat_xp_gain_p95,cat_xp_gain_mean,diamonds_in_checkin_p50,diamonds_in_checkin_p95,diamonds_in_checkin_mean,end_board_tickets_p50,end_board_tickets_p95,end_board_tickets_mean,end_cat_count_p50,end_cat_count_p95,end_cat_count_mean,end_diamonds_p50,end_diamonds_p95,end_diamonds_mean,end_energy_pool_p50,end_energy_pool_p95,end_energy_pool_mean,end_gold_p50,end_gold_p95,end_gold_mean,end_love_petals_p50,end_love_petals_p95,end_love_petals_mean,end_spring_petals_p50,end_spring_petals_p95,end_spring_petals_mean,energy_from_steps_p50,energy_from_steps_p95,energy_from_steps_mean,energy_in_ads_p50,energy_in_ads_p95,energy_in_ads_mean,energy_out_hatching_p50,energy_out_hatching_p95,energy_out_hatching_mean,energy_out_workshop_p50,energy_out_workshop_p95,energy_out_workshop_mean,exploration_postcard_p50,exploration_postcard_p95,exploration_postcard_mean,gold_in_achievement_p50,gold_in_achievement_p95,gold_in_achievement_mean,gold_in_b6_conversion_p50,gold_in_b6_conversion_p95,gold_in_b6_conversion_mean,gold_in_checkin_p50,gold_in_checkin_p95,gold_in_checkin_mean,gold_in_newbie_goal_p50,gold_in_newbie_goal_p95,gold_in_newbie_goal_mean,gold_out_ticket_purchase_p50,gold_out_ticket_purchase_p95,gold_out_ticket_purchase_mean,inventory_capacity_p50,inventory_capacity_p95,inventory_capacity_mean,love_petals_in_ads_p50,love_petals_in_ads_p95,love_petals_in_ads_mean,love_petals_out_shop_p50,love_petals_out_shop_p95,love_petals_out_shop_mean,spring_petals_in_event_p50,spring_petals_in_event_p95,spring_petals_in_event_mean,steps_raw_p50,steps_raw_p95,steps_raw_mean,tickets_in_ads_p50,tickets_in_ads_p95,tickets_in_ads_mean,tickets_in_gold_p50,tickets_in_gold_p95,tickets_in_gold_mean,tickets_in_interaction_p50,tickets_in_interaction_p95,tickets_in_interaction_mean,tickets_in_login_p50,tickets_in_login_p95,tickets_in_login_mean,tickets_in_steps_p50,tickets_in_steps_p95,tickets_in_steps_mean,tickets_out_board_p50,tickets_out_board_p95,tickets_out_board_mean,diamonds_in_achievement_p50,diamonds_in_achievement_p95,diamonds_in_achievement_mean,exploration_decoration_fragment_p50,exploration_decoration_fragment_p95,exploration_decoration_fragment_mean,exploration_food_fragment_p50,exploration_food_fragment_p95,exploration_food_fragment_mean,exploration_hidden_item_p50,exploration_hidden_item_p95,exploration_hidden_item_mean,gold_in_spring_conversion_p50,gold_in_spring_conversion_p95,gold_in_spring_conversion_mean,love_petals_in_checkin_chest_p50,love_petals_in_checkin_chest_p95,love_petals_in_checkin_chest_mean,energy_out_workshop_unbox_p50,energy_out_workshop_unbox_p95,energy_out_workshop_unbox_mean,love_petals_in_workshop_p50,love_petals_in_workshop_p95,love_petals_in_workshop_mean,workshop_box_cat_accessory_p50,workshop_box_cat_accessory_p95,workshop_box_cat_accessory_mean,workshop_box_flower_seed_p50,workshop_box_flower_seed_p95,workshop_box_flower_seed_mean,workshop_box_furniture_component_p50,workshop_box_furniture_component_p95,workshop_box_furniture_component_mean,gold_out_capacity_expansion_p50,gold_out_capacity_expansion_p95,gold_out_capacity_expansion_mean,cats_out_adoption_p50,cats_out_adoption_p95,cats_out_adoption_mean,love_petals_in_adoption_p50,love_petals_in_adoption_p95,love_petals_in_adoption_mean
1,2.0,2.0,2,0.0,2.0,0.61,0.0,1.0,0.112,1.0,3.0,1.075,0.0,2.0,0.442,1.0,2.0,0.857,0.0,1.0,0.281,2.0,3.0,1.582,1.0,3.0,1.041,10.0,18.0,10.563,8000.0,8000.0,8000,0.0,0.0,0,1.0,1.0,1,3.0,3.0,3,0.0,0.0,0,1200.0,1200.0,1200,450.0,550.0,422.3,0.0,0.0,0,40.0,40.0,40,9700.0,9700.0,9700,3000.0,3000.0,3000,8500.0,8500.0,8500,3000.0,3000.0,3000,1.0,1.0,1,300.0,300.0,300,100.0,200.0,72.3,100.0,100.0,100,50.0,50.0,50,100.0,100.0,100,24.0,24.0,24,50.0,50.0,50,50.0,50.0,50,40.0,40.0,40,8000.0,8000.0,8000,3.0,3.0,3,2.0,2.0,2,2.0,2.0,2,3.0,3.0,3,3.0,3.0,3,12.0,12.0,12,,,,,,,,,,,,,,,,,,,,,,,,,,,,,,,,,,,,,,,,,,
2,2.0,2.0,2,1.0,2.0,0.74,0.0,1.0,0.109,1.0,3.0,1.227,0.0,2.0,0.488,1.0,2.0,0.912,0.0,1.0,0.329,2.0,4.0,1.88,1.0,3.0,1.315,11.0,20.0,12.635,9600.0,9600.0,8937.6,20.0,20.0,20,0.0,0.0,0,6.0,6.0,6,20.0,50.0,28.88,1150.0,1150.0,1150,600.0,900.0,654,0.0,0.0,0,80.0,80.0,80,9700.0,9700.0,9700,3000.0,3000.0,3000,12750.0,12750.0,12750,,,,1.0,1.0,0.581,200.0,200.0,200,100.0,200.0,81.7,0.0,0.0,0,50.0,50.0,50,100.0,100.0,100,24.0,24.0,24,50.0,50.0,50,50.0,50.0,50,40.0,40.0,40,8000.0,8000.0,8000,3.0,3.0,3,2.0,2.0,2,2.0,2.0,2,3.0,3.0,3,3.0,3.0,3,14.0,14.0,14,0.0,30.0,8.88,0.0,1.0,0.093,0.0,1.0,0.264,0.0,1.0,0.062,,,,,,,,,,,,,,,,,,,,,,,,,,,,,,
3,2.0,2.0,2,0.0,2.0,0.584,0.0,1.0,0.103,1.0,3.0,1.113,0.0,2.0,0.432,1.0,2.0,0.789,0.0,1.0,0.29,2.0,3.0,1.597,1.0,3.0,1.092,10.0,18.0,11.798,9600.0,12000.0,9107.2,0.0,0.0,0,1.0,1.0,1,9.0,9.0,9,50.0,50.0,42.59,1100.0,1100.0,1100,800.0,1100.0,826.2,0.0,0.0,0,120.0,120.0,120,9700.0,9700.0,9700,3000.0,3000.0,3000,12750.0,12750.0,12750,,,,1.0,1.0,0.58,,,,100.0,200.0,72.2,150.0,150.0,150,50.0,50.0,50,100.0,100.0,100,24.0,24.0,24,50.0,50.0,50,50.0,50.0,50,40.0,40.0,40,8000.0,8000.0,8000,3.0,3.0,3,2.0,2.0,2,2.0,2.0,2,3.0,3.0,3,3.0,3.0,3,12.0,12.0,12,0.0,30.0,13.71,0.0,1.0,0.098,0.0,1.0,0.256,0.0,1.0,0.066,,,,,,,,,,,,,,,,,,,,,,,,,,,,,,
4,2.0,2.0,2,1.0,2.0,0.691,0.0,1.0,0.149,1.0,3.0,1.335,0.0,2.0,0.439,1.0,3.0,0.916,0.0,1.0,0.307,2.0,4.0,1.914,1.0,3.0,1.249,11.0,20.0,12.935,9600.0,12000.0,10032,30.0,30.0,30,0.0,0.0,0,12.0,12.0,12,80.0,80.0,78.86,1050.0,1050.0,1050,850.0,1150.0,850.8,0.0,0.0,0,160.0,160.0,160,9700.0,9700.0,9700,3000.0,3000.0,3000,12750.0,12750.0,12750,,,,1.0,1.0,0.646,,,,100.0,200.0,74.6,0.0,0.0,0,50.0,50.0,50,100.0,100.0,100,24.0,24.0,24,50.0,50.0,50,50.0,50.0,50,40.0,40.0,40,8000.0,8000.0,8000,3.0,3.0,3,2.0,2.0,2,2.0,2.0,2,3.0,3.0,3,3.0,3.0,3,14.0,14.0,14,0.0,30.0,6.27,0.0,1.0,0.072,0.0,1.0,0.236,0.0,0.0,0.046,,,,,,,,,,,,,,,,,,,,,,,,,,,,,,
5,2.0,2.0,2,0.0,2.0,0.607,0.0,1.0,0.113,1.0,3.0,1.059,0.0,2.0,0.439,1.0,2.0,0.83,0.0,1.0,0.235,2.0,3.0,1.672,1.0,3.0,1.045,11.0,19.0,11.908,9600.0,12000.0,10024.8,0.0,0.0,0,1.0,1.0,1,15.0,15.0,15,80.0,130.0,82.5,1000.0,1000.0,1000,1100.0,1400.0,1068.2,0.0,0.0,0,200.0,200.0,200,9700.0,9700.0,9700,3000.0,3000.0,3000,12750.0,12750.0,12750,,,,1.0,1.0,0.605,,,,100.0,200.0,67.4,200.0,200.0,200,50.0,50.0,50,100.0,100.0,100,24.0,24.0,24,50.0,50.0,50,50.0,50.0,50,40.0,40.0,40,8000.0,8000.0,8000,3.0,3.0,3,2.0,2.0,2,2.0,2.0,2,3.0,3.0,3,3.0,3.0,3,12.0,12.0,12,0.0,30.0,3.64,0.0,1.0,0.086,0.0,1.0,0.257,0.0,1.0,0.052,,,,,,,,,,,,,,,,,,,,,,,,,,,,,,
6,2.0,2.0,2,1.0,2.0,0.689,0.0,1.0,0.103,1.0,3.0,1.238,0.0,2.0,0.537,1.0,2.0,0.941,0.0,1.0,0.341,2.0,4.0,1.892,1.0,3.0,1.259,6.0,14.0,7.517,8000.0,8000.0,8000,40.0,40.0,40,0.0,0.0,0,18.0,18.0,18,150.0,200.0,156.71,950.0,950.0,950,1400.0,1750.0,1406,0.0,0.0,0,240.0,240.0,240,9700.0,9700.0,9700,3000.0,3000.0,3000,12750.0,12750.0,12750,,,,1.0,1.0,0.593,300.0,300.0,300,100.0,300.0,87.8,0.0,0.0,0,50.0,50.0,50,100.0,100.0,100,24.0,24.0,24,,,,,,,40.0,40.0,40,8000.0,8000.0,8000,3.0,3.0,3,2.0,2.0,2,2.0,2.0,2,3.0,3.0,3,3.0,3.0,3,14.0,14.0,14,30.0,80.0,34.21,0.0,1.0,0.113,0.0,1.0,0.252,0.0,0.0,0.042,,,,,,,,,,,,,,,,,,,,,,,,,,,,,,
7,2.0,2.0,2,0.0,2.0,0.571,0.0,1.0,0.124,1.0,3.0,1.102,0.0,2.0,0.44,1.0,2.0,0.813,0.0,1.0,0.272,2.0,4.0,1.636,1.0,3.0,1.042,10.0,19.0,11.989,8000.0,9600.0,8332.8,0.0,0.0,0,1.0,1.0,1,21.0,21.0,21,150.0,200.0,161.34,900.0,900.0,900,2310.0,2710.0,2337.2,0.0,0.0,0,0.0,0.0,0,9700.0,9700.0,9700,3000.0,3000.0,3000,12750.0,12750.0,12750,,,,1.0,1.0,0.603,,,,100.0,200.0,71.2,350.0,350.0,350,50.0,50.0,50,100.0,100.0,100,24.0,24.0,24,,,,50.0,50.0,50,40.0,40.0,40,8000.0,8000.0,8000,3.0,3.0,3,2.0,2.0,2,2.0,2.0,2,3.0,3.0,3,3.0,3.0,3,12.0,12.0,12,0.0,50.0,4.63,0.0,1.0,0.095,0.0,1.0,0.256,0.0,0.0,0.046,560.0,560.0,560,50.0,50.0,50,,,,,,,,,,,,,,,,,,,,,,,,
8,2.0,2.0,2,1.0,2.0,0.661,0.0,1.0,0.086,1.0,3.0,1.061,0.0,2.0,0.431,1.0,2.0,0.808,0.0,1.0,0.261,2.0,3.0,1.583,1.0,3.0,1.109,5.0,13.0,6.43,9600.0,9600.0,8956.8,0.0,0.0,0,1.0,1.0,1,24.0,24.0,24,150.0,200.0,165.27,350.0,350.0,350,2410.0,2810.0,2406.4,0.0,0.0,0,0.0,0.0,0,9200.0,9200.0,9200,3000.0,3000.0,3000,12750.0,12750.0,12750,,,,1.0,1.0,0.627,,,,100.0,200.0,69.2,100.0,100.0,100,,,,100.0,100.0,100,24.0,24.0,24,,,,,,,,,,8000.0,8000.0,8000,3.0,3.0,3,2.0,2.0,2,2.0,2.0,2,2.0,2.0,2,3.0,3.0,3,12.0,12.0,12,0.0,50.0,3.93,0.0,1.0,0.095,0.0,1.0,0.219,0.0,1.0,0.059,,,,,,,,,,,,,,,,,,,,,,,,,,,,,,
9,2.0,2.0,2,0.0,2.0,0.615,0.0,1.0,0.082,1.0,3.0,1.12,0.0,2.0,0.428,1.0,2.0,0.817,0.0,1.0,0.243,2.0,4.0,1.618,1.0,3.0,1.077,5.0,13.0,6.575,9600.0,12000.0,9785.6,20.0,20.0,20,1.0,1.0,1,24.0,24.0,24,170.0,220.0,185.27,550.0,550.0,550,2360.0,2810.0,2373.5,0.0,0.0,0,0.0,0.0,0,9200.0,9200.0,9200,3000.0,3000.0,3000,,,,12000.0,12000.0,12000,1.0,1.0,0.617,,,,100.0,200.0,67.1,0.0,0.0,0,,,,100.0,100.0,100,24.0,24.0,24,,,,,,,,,,8000.0,8000.0,8000,3.0,3.0,3,2.0,2.0,2,2.0,2.0,2,2.0,2.0,2,3.0,3.0,3,12.0,12.0,12,,,,0.0,1.0,0.095,0.0,1.0,0.241,0.0,0.0,0.047,,,,,,,,,,,,,,,,,,,,,,,,,,,,,,
10,2.0,2.0,2,0.0,2.0,0.603,0.0,1.0,0.115,1.0,3.0,1.136,0.0,2.0,0.422,1.0,2.0,0.801,0.0,1.0,0.281,1.0,3.0,1.547,1.0,3.0,1.095,5.0,14.0,6.839,12000.0,12000.0,11026.4,0.0,0.0,0,1.0,1.0,1,24.0,24.0,24,170.0,220.0,185.27,750.0,750.0,750,2460.0,2960.0,2493.8,0.0,0.0,0,0.0,0.0,0,9200.0,9200.0,9200,3000.0,3000.0,3000,,,,12000.0,12000.0,12000,1.0,1.0,0.598,,,,100.0,200.0,70.3,150.0,150.0,150,,,,100.0,100.0,100,24.0,24.0,24,,,,,,,,,,8000.0,8000.0,8000,3.0,3.0,3,2.0,2.0,2,2.0,2.0,2,2.0,2.0,2,3.0,3.0,3,12.0,12.0,12,,,,0.0,1.0,0.101,0.0,1.0,0.245,0.0,1.0,0.056,,,,,,,,,,,,,,,,,,,,,,,,,,,,,,
11,2.0,2.0,2,0.0,2.0,0.641,0.0,1.0,0.104,1.0,3.0,1.152,0.0,2.0,0.411,1.0,2.0,0.793,0.0,1.0,0.242,2.0,3.0,1.626,1.0,3.0,1.031,5.0,13.0,6.788,8000.0,8000.0,8000,30.0,30.0,30,1.0,1.0,1,24.0,24.0,24,200.0,250.0,215.27,950.0,950.0,950,2460.0,2860.0,2459.1,0.0,0.0,0,0.0,0.0,0,9200.0,9200.0,9200,3000.0,3000.0,3000,,,,12000.0,12000.0,12000,1.0,1.0,0.606,,,,0.0,200.0,65.3,0.0,0.0,0,,,,100.0,100.0,100,24.0,24.0,24,,,,,,,,,,8000.0,8000.0,8000,3.0,3.0,3,2.0,2.0,2,2.0,2.0,2,2.0,2.0,2,3.0,3.0,3,12.0,12.0,12,,,,0.0,1.0,0.09,0.0,1.0,0.25,0.0,1.0,0.054,,,,,,,,,,,,,,,,,,,,,,,,,,,,,,
12,2.0,2.0,2,0.0,2.0,0.598,0.0,1.0,0.109,1.0,3.0,1.051,0.0,2.0,0.466,1.0,2.0,0.863,0.0,1.0,0.261,2.0,3.0,1.585,1.0,3.0,1.067,5.0,13.0,6.707,8000.0,9600.0,8332.8,0.0,0.0,0,1.0,1.0,1,24.0,24.0,24,200.0,250.0,215.27,1150.0,1150.0,1150,2660.0,3060.0,2631.8,0.0,0.0,0,0.0,0.0,0,9200.0,9200.0,9200,3000.0,3000.0,3000,,,,12000.0,12000.0,12000,1.0,1.0,0.611,,,,100.0,200.0,72.7,200.0,200.0,200,,,,100.0,100.0,100,24.0,24.0,24,,,,,,,,,,8000.0,8000.0,8000,3.0,3.0,3,2.0,2.0,2,2.0,2.0,2,2.0,2.0,2,3.0,3.0,3,12.0,12.0,12,,,,0.0,1.0,0.102,0.0,1.0,0.232,0.0,1.0,0.055,,,,,,,,,,,,,,,,,,,,,,,,,,,,,,
13,2.0,2.0,2,0.0,2.0,0.596,0.0,1.0,0.113,1.0,3.0,1.149,0.0,2.0,0.441,1.0,2.0,0.757,0.0,1.0,0.263,1.0,3.0,1.56,1.0,3.0,1.121,5.0,13.0,6.889,9600.0,9600.0,8956.8,40.0,40.0,40,1.0,1.0,1,24.0,24.0,24,240.0,290.0,255.27,1350.0,1350.0,1350,2560.0,3060.0,2602.2,0.0,0.0,0,0.0,0.0,0,9200.0,9200.0,9200,3000.0,3000.0,3000,,,,12000.0,12000.0,12000,1.0,1.0,0.601,,,,100.0,200.0,70.4,0.0,0.0,0,,,,100.0,100.0,100,24.0,24.0,24,,,,,,,,,,8000.0,8000.0,8000,3.0,3.0,3,2.0,2.0,2,2.0,2.0,2,2.0,2.0,2,3.0,3.0,3,12.0,12.0,12,,,,0.0,1.0,0.102,0.0,1.0,0.257,0.0,0.0,0.04,,,,,,,,,,,,,,,,,,,,,,,,,,,,,,
14,2.0,2.0,2,0.0,2.0,0.62,0.0,1.0,0.115,1.0,3.0,1.079,0.0,2.0,0.476,1.0,2.0,0.817,0.0,1.0,0.274,1.0,3.0,1.512,1.0,3.0,1.107,10.0,19.0,11.795,9600.0,12000.0,9681.6,0.0,0.0,0,1.0,1.0,1,24.0,24.0,24,240.0,290.0,255.27,50.0,50.0,50,2910.0,3410.0,2927.2,0.0,3.0,0.978,0.0,0.0,0,9200.0,9200.0,9200,3000.0,3000.0,3000,,,,12000.0,12000.0,12000,1.0,1.0,0.602,,,,100.0,200.0,75,350.0,350.0,350,,,,100.0,100.0,100,24.0,24.0,24,,,,50.0,50.0,50,,,,8000.0,8000.0,8000,3.0,3.0,3,2.0,2.0,2,2.0,2.0,2,2.0,2.0,2,3.0,3.0,3,12.0,12.0,12,,,,0.0,1.0,0.091,0.0,1.0,0.249,0.0,1.0,0.058,,,,50.0,50.0,50,1500.0,1500.0,1500,0.0,3.0,0.978,0.0,1.0,0.34,0.0,1.0,0.326,0.0,1.0,0.334,,,,,,,,,
15,2.0,2.0,2,1.0,2.0,0.643,0.0,1.0,0.101,1.0,3.0,1.029,0.0,2.0,0.434,1.0,2.0,0.826,0.0,1.0,0.29,1.0,3.0,1.574,1.0,3.0,1.103,5.0,13.0,6.736,9600.0,12000.0,9962.4,0.0,0.0,0,1.0,1.0,1,24.0,24.0,24,240.0,290.0,255.27,250.0,250.0,250,3010.0,3510.0,2999.6,0.0,3.0,0.978,0.0,0.0,0,9200.0,9200.0,9200,3000.0,3000.0,3000,,,,12000.0,12000.0,12000,1.0,1.0,0.614,,,,100.0,200.0,72.4,100.0,100.0,100,,,,100.0,100.0,100,24.0,24.0,24,,,,,,,,,,8000.0,8000.0,8000,3.0,3.0,3,2.0,2.0,2,2.0,2.0,2,2.0,2.0,2,3.0,3.0,3,12.0,12.0,12,,,,0.0,1.0,0.089,0.0,1.0,0.259,0.0,0.0,0.038,,,,,,,,,,,,,,,,,,,,,,,,,,,,,,
16,2.0,2.0,2,0.0,2.0,0.609,0.0,1.0,0.115,1.0,3.0,1.177,0.0,2.0,0.434,1.0,2.0,0.807,0.0,1.0,0.261,1.5,3.0,1.557,1.0,3.0,1.04,6.0,13.0,6.881,8000.0,12000.0,8592,20.0,20.0,20,1.0,1.0,1,24.0,24.0,24,260.0,310.0,275.27,450.0,450.0,450,2910.0,3510.0,2969.1,0.0,3.0,0.978,0.0,0.0,0,9200.0,9200.0,9200,3000.0,3000.0,3000,,,,12000.0,12000.0,12000,1.0,1.0,0.589,,,,100.0,200.0,69.5,0.0,0.0,0,,,,100.0,100.0,100,24.0,24.0,24,,,,,,,,,,8000.0,8000.0,8000,3.0,3.0,3,2.0,2.0,2,2.0,2.0,2,2.0,2.0,2,3.0,3.0,3,12.0,12.0,12,,,,0.0,1.0,0.102,0.0,1.0,0.253,0.0,1.0,0.056,,,,,,,,,,,,,,,,,,,,,,,,,,,,,,
17,2.0,2.0,2,0.0,2.0,0.587,0.0,1.0,0.1,1.0,3.0,1.122,0.0,2.0,0.451,1.0,2.0,0.767,0.0,1.0,0.279,2.0,3.0,1.608,1.0,3.0,1.086,5.0,13.0,6.718,8000.0,12000.0,8728.8,0.0,0.0,0,1.0,1.0,1,24.0,24.0,24,260.0,310.0,275.27,650.0,650.0,650,3060.0,3660.0,3092.1,0.0,3.0,0.978,0.0,0.0,0,9200.0,9200.0,9200,3000.0,3000.0,3000,,,,12000.0,12000.0,12000,1.0,1.0,0.622,,,,100.0,200.0,73,150.0,150.0,150,,,,100.0,100.0,100,24.0,24.0,24,,,,,,,,,,8000.0,8000.0,8000,3.0,3.0,3,2.0,2.0,2,2.0,2.0,2,2.0,2.0,2,3.0,3.0,3,12.0,12.0,12,,,,0.0,1.0,0.082,0.0,1.0,0.247,0.0,0.0,0.049,,,,,,,,,,,,,,,,,,,,,,,,,,,,,,
18,2.0,2.0,2,0.0,2.0,0.602,0.0,1.0,0.101,1.0,3.0,1.069,0.0,2.0,0.418,1.0,2.0,0.797,0.0,1.0,0.304,1.0,3.0,1.55,1.0,3.0,1.159,5.0,13.0,6.649,9600.0,9600.0,9080.8,30.0,30.0,30,1.0,1.0,1,24.0,24.0,24,290.0,340.0,305.27,850.0,850.0,850,3060.0,3660.0,3064.3,0.0,3.0,0.978,0.0,0.0,0,9200.0,9200.0,9200,3000.0,3000.0,3000,,,,12000.0,12000.0,12000,1.0,1.0,0.617,,,,100.0,200.0,72.2,0.0,0.0,0,,,,100.0,100.0,100,24.0,24.0,24,,,,,,,,,,8000.0,8000.0,8000,3.0,3.0,3,2.0,2.0,2,2.0,2.0,2,2.0,2.0,2,3.0,3.0,3,12.0,12.0,12,,,,0.0,1.0,0.102,0.0,1.0,0.233,0.0,0.0,0.048,,,,,,,,,,,,,,,,,,,,,,,,,,,,,,
19,2.0,2.0,2,0.0,2.0,0.592,0.0,1.0,0.118,1.0,3.0,1.043,0.0,2.0,0.43,1.0,2.0,0.816,0.0,1.0,0.282,2.0,4.0,1.657,1.0,3.0,1.062,5.0,14.0,6.84,9600.0,9600.0,9153.6,0.0,0.0,0,1.0,1.0,1,24.0,24.0,24,290.0,340.0,305.27,1050.0,1050.0,1050,3260.0,3860.0,3235.5,0.0,3.0,0.978,0.0,0.0,0,9200.0,9200.0,9200,3000.0,3000.0,3000,,,,12000.0,12000.0,12000,1.0,1.0,0.595,,,,100.0,200.0,71.2,200.0,200.0,200,,,,100.0,100.0,100,24.0,24.0,24,,,,,,,,,,8000.0,8000.0,8000,3.0,3.0,3,2.0,2.0,2,2.0,2.0,2,2.0,2.0,2,3.0,3.0,3,12.0,12.0,12,,,,0.0,1.0,0.113,0.0,1.0,0.24,0.0,1.0,0.052,,,,,,,,,,,,,,,,,,,,,,,,,,,,,,
20,2.0,2.0,2,0.0,2.0,0.612,0.0,1.0,0.112,1.0,3.0,1.053,0.0,2.0,0.422,1.0,2.0,0.829,0.0,1.0,0.271,2.0,4.0,1.648,1.0,3.0,1.053,5.0,14.0,6.921,8000.0,12000.0,8910.4,40.0,40.0,40,1.0,1.0,1,24.0,24.0,24,330.0,380.0,345.27,1250.0,1250.0,1250,3160.0,3760.0,3204.8,0.0,3.0,0.978,0.0,0.0,0,9200.0,9200.0,9200,3000.0,3000.0,3000,,,,12000.0,12000.0,12000,1.0,1.0,0.589,,,,100.0,200.0,69.3,0.0,0.0,0,,,,100.0,100.0,100,24.0,24.0,24,,,,,,,,,,8000.0,8000.0,8000,3.0,3.0,3,2.0,2.0,2,2.0,2.0,2,2.0,2.0,2,3.0,3.0,3,12.0,12.0,12,,,,0.0,1.0,0.095,0.0,1.0,0.266,0.0,0.049999999999954525,0.05,,,,,,,,,,,,,,,,,,,,,,,,,,,,,,
21,2.0,2.0,2,0.0,2.0,0.631,0.0,1.0,0.098,1.0,3.0,1.068,0.0,2.0,0.479,1.0,2.0,0.802,0.0,1.0,0.263,1.0,4.0,1.574,1.0,3.0,1.085,10.0,18.0,11.571,8000.0,12000.0,8968,0.0,0.0,0,1.0,1.0,1,24.0,24.0,24,330.0,380.0,345.27,1450.0,1450.0,1450,3510.0,4110.0,3529,0.0,3.0,0.978,0.0,0.0,0,9200.0,9200.0,9200,3000.0,3000.0,3000,,,,12000.0,12000.0,12000,1.0,1.0,0.616,,,,100.0,200.0,74.2,350.0,350.0,350,,,,100.0,100.0,100,24.0,24.0,24,,,,50.0,50.0,50,,,,8000.0,8000.0,8000,3.0,3.0,3,2.0,2.0,2,2.0,2.0,2,2.0,2.0,2,3.0,3.0,3,12.0,12.0,12,,,,0.0,1.0,0.098,0.0,1.0,0.232,0.0,1.0,0.054,,,,50.0,50.0,50,,,,,,,,,,,,,,,,,,,,,,,,
22,2.0,2.0,2,0.0,2.0,0.629,0.0,1.0,0.113,1.0,3.0,1.087,0.0,2.0,0.412,1.0,2.0,0.818,0.0,1.0,0.277,2.0,3.0,1.602,1.0,3.0,1.062,5.0,13.0,6.821,8000.0,12000.0,9452.8,0.0,0.0,0,1.0,1.0,1,24.0,24.0,24,330.0,380.0,345.27,150.0,150.0,150,3610.0,4210.0,3597.9,3.0,6.0,1.914,0.0,0.0,0,9200.0,9200.0,9200,3000.0,3000.0,3000,,,,12000.0,12000.0,12000,1.0,1.0,0.6,,,,100.0,200.0,68.9,100.0,100.0,100,,,,100.0,100.0,100,24.0,24.0,24,,,,,,,,,,8000.0,8000.0,8000,3.0,3.0,3,2.0,2.0,2,2.0,2.0,2,2.0,2.0,2,3.0,3.0,3,12.0,12.0,12,,,,0.0,1.0,0.113,0.0,1.0,0.247,0.0,0.0,0.04,,,,,,,1500.0,1500.0,1500,0.0,3.0,0.936,0.0,1.0,0.377,0.0,1.0,0.312,0.0,1.0,0.311,,,,,,,,,
23,2.0,2.0,2,0.0,2.0,0.561,0.0,1.0,0.117,1.0,3.0,1.119,0.0,2.0,0.459,1.0,2.0,0.806,0.0,1.0,0.268,2.0,3.0,1.648,1.0,3.0,1.022,6.0,14.0,7.023,9600.0,12000.0,9512.8,20.0,20.0,20,1.0,1.0,1,24.0,24.0,24,350.0,400.0,365.27,350.0,350.0,350,3510.0,4210.0,3570.6,3.0,6.0,1.914,0.0,0.0,0,9200.0,9200.0,9200,3000.0,3000.0,3000,,,,12000.0,12000.0,12000,1.0,1.0,0.605,,,,100.0,200.0,72.7,0.0,0.0,0,,,,100.0,100.0,100,24.0,24.0,24,,,,,,,,,,8000.0,8000.0,8000,3.0,3.0,3,2.0,2.0,2,2.0,2.0,2,2.0,2.0,2,3.0,3.0,3,12.0,12.0,12,,,,0.0,1.0,0.082,0.0,1.0,0.275,0.0,0.0,0.038,,,,,,,,,,,,,,,,,,,,,,,,,,,,,,
24,2.0,2.0,2,0.0,2.0,0.575,0.0,1.0,0.101,1.0,3.0,1.058,0.0,2.0,0.426,1.0,2.0,0.783,0.0,1.0,0.289,2.0,4.0,1.656,1.0,3.0,1.112,5.0,13.0,6.833,9600.0,9600.0,9255.2,0.0,0.0,0,1.0,1.0,1,24.0,24.0,24,350.0,400.0,365.27,550.0,550.0,550,3660.0,4360.0,3692.1,3.0,6.0,1.914,0.0,0.0,0,9200.0,9200.0,9200,3000.0,3000.0,3000,,,,12000.0,12000.0,12000,1.0,1.0,0.576,,,,100.0,200.0,71.5,150.0,150.0,150,,,,100.0,100.0,100,24.0,24.0,24,,,,,,,,,,8000.0,8000.0,8000,3.0,3.0,3,2.0,2.0,2,2.0,2.0,2,2.0,2.0,2,3.0,3.0,3,12.0,12.0,12,,,,0.0,1.0,0.109,0.0,1.0,0.263,0.0,1.0,0.052,,,,,,,,,,,,,,,,,,,,,,,,,,,,,,
25,2.0,2.0,2,0.0,2.0,0.65,0.0,1.0,0.108,1.0,3.0,1.127,0.0,2.0,0.456,1.0,2.0,0.77,0.0,1.0,0.271,2.0,3.0,1.579,1.0,3.0,1.039,5.0,14.0,6.777,8000.0,9600.0,8816.8,30.0,30.0,30,1.0,1.0,1,24.0,24.0,24,380.0,430.0,395.27,750.0,750.0,750,3660.0,4360.0,3664.8,3.0,6.0,1.914,0.0,0.0,0,9200.0,9200.0,9200,3000.0,3000.0,3000,,,,12000.0,12000.0,12000,1.0,1.0,0.598,,,,100.0,200.0,72.7,0.0,0.0,0,,,,100.0,100.0,100,24.0,24.0,24,,,,,,,,,,8000.0,8000.0,8000,3.0,3.0,3,2.0,2.0,2,2.0,2.0,2,2.0,2.0,2,3.0,3.0,3,12.0,12.0,12,,,,0.0,1.0,0.091,0.0,1.0,0.258,0.0,1.0,0.053,,,,,,,,,,,,,,,,,,,,,,,,,,,,,,
26,2.0,2.0,2,0.0,2.0,0.602,0.0,1.0,0.107,1.0,3.0,1.102,0.0,2.0,0.411,1.0,2.0,0.814,0.0,1.0,0.264,2.0,4.0,1.657,1.0,3.0,1.043,5.0,13.0,6.749,8000.0,12000.0,8492.8,0.0,0.0,0,1.0,1.0,1,24.0,24.0,24,380.0,430.0,395.27,950.0,950.0,950,3860.0,4560.0,3827.3,3.0,6.0,1.914,0.0,0.0,0,9200.0,9200.0,9200,3000.0,3000.0,3000,,,,12000.0,12000.0,12000,1.0,1.0,0.595,,,,0.0,200.0,67.5,200.0,200.0,200,,,,100.0,100.0,100,24.0,24.0,24.004,,,,,,,,,,8000.0,8000.0,8000,3.0,3.0,3,2.0,2.0,2,2.0,2.0,2,2.0,2.0,2,3.0,3.0,3,12.0,12.0,12,,,,0.0,1.0,0.111,0.0,1.0,0.234,0.0,1.0,0.06,,,,,,,,,,,,,,,,,,,,,,0.0,0.0,5,,,,,,
27,2.0,2.0,2,0.0,2.0,0.591,0.0,1.0,0.116,1.0,3.0,1.106,0.0,2.0,0.443,1.0,2.0,0.805,0.0,1.0,0.292,1.0,3.0,1.583,1.0,3.0,1.064,5.0,13.0,6.937,8000.0,12000.0,8826.4,40.0,40.0,40,1.0,1.0,0.999,24.0,24.0,24.003,420.0,470.0,435.27,1150.0,1150.0,1149.25,3760.0,4560.0,3800.85,3.0,6.0,1.914,0.0,0.0,0,9200.0,9200.0,9200,3000.0,3000.0,3000,0.0,0.0,12.75,12000.0,12000.0,11988,1.0,1.0,0.589,,,,100.0,200.0,73.5,0.0,0.0,0,,,,100.0,100.0,99.95,24.0,24.0,24.004,,,,,,,,,,8000.0,8000.0,8000,3.0,3.0,3,2.0,2.0,1.999,2.0,2.0,2,2.0,2.0,2,3.0,3.0,3,12.0,12.0,12,,,,0.0,1.0,0.102,0.0,1.0,0.267,0.0,0.0,0.042,,,,,,,,,,,,,,,,,,,,,,,,,,,,,,
28,2.0,2.0,2,0.0,2.0,0.609,0.0,1.0,0.124,1.0,3.0,1.124,0.0,2.0,0.419,1.0,2.0,0.749,0.0,1.0,0.296,2.0,4.0,1.656,1.0,3.0,1.023,10.0,19.0,11.953,8000.0,12000.0,9064,0.0,0.0,0,1.0,1.0,0.999,24.0,24.0,24.004,420.0,470.0,435.27,1350.0,1350.0,1349.5,4110.0,4710.0,3987.35,3.0,6.0,1.917,0.0,0.0,0,9200.0,9200.0,9200,3000.0,3000.0,3000,0.0,0.0,4.25,12000.0,12000.0,11994,1.0,1.0,0.58,,,,100.0,200.0,71.5,350.0,350.0,350,,,,100.0,100.0,100,24.0,24.0,24.112,,,,50.0,50.0,50,,,,8000.0,8000.0,8000,3.0,3.0,3,2.0,2.0,2,2.0,2.0,2,2.0,2.0,2,3.0,3.0,3,12.0,12.0,12,,,,0.0,1.0,0.115,0.0,1.0,0.257,0.0,0.0,0.048,,,,50.0,50.0,50,0.0,0.0,1.5,0.0,0.0,0.003,,,,0.0,0.0,0.001,,,,0.0,0.0,135,,,,,,
29,2.0,2.0,2,0.0,2.0,0.632,0.0,1.0,0.104,1.0,3.0,1.088,0.0,2.0,0.412,1.0,2.0,0.768,0.0,1.0,0.29,2.0,3.0,1.578,1.0,3.0,1.128,5.0,13.0,6.738,8000.0,12000.0,9101.6,0.0,0.0,0,1.0,1.0,0.999,24.0,24.0,24.085,420.0,470.0,435.32,50.0,50.0,71.25,4110.0,4810.0,3982.55,3.0,6.0,2.925,0.0,0.0,0,9200.0,9200.0,9200,3000.0,3000.0,3000,0.0,0.0,344.25,12000.0,12000.0,11676,1.0,1.0,0.596,,,,100.0,200.0,70.2,100.0,100.0,100,,,,100.0,100.0,100,24.0,24.0,24.172,,,,,,,,,,8000.0,8000.0,8000,3.0,3.0,3,2.0,2.0,2,2.0,2.0,2,2.0,2.0,2,3.0,3.0,3,12.0,12.0,12,0.0,0.0,0.05,0.0,1.0,0.113,0.0,1.0,0.248,0.0,0.0,0.043,,,,,,,1500.0,1500.0,1458,0.0,3.0,1.008,0.0,1.0,0.329,0.0,1.0,0.336,0.0,1.0,0.307,0.0,0.0,75,,,,,,
30,2.0,2.0,2,0.0,2.0,0.557,0.0,1.0,0.118,1.0,3.0,1.066,0.0,2.0,0.465,1.0,2.0,0.818,0.0,1.0,0.287,2.0,3.0,1.596,1.0,3.0,1.073,5.0,14.0,6.91,8000.0,12000.0,9024,20.0,20.0,20,1.0,1.0,0.999,24.0,24.0,24.142,440.0,490.0,455.42,250.0,250.0,285.5,4110.0,4710.0,3924.75,3.0,6.0,2.94,0.0,0.0,0,9200.0,9200.0,9200,3000.0,3000.0,3000,0.0,0.0,242.25,12000.0,12000.0,11703,1.0,1.0,0.597,,,,100.0,200.0,75.2,0.0,0.0,0,,,,100.0,100.0,98,24.0,24.199999999999818,24.2,,,,,,,,,,8000.0,8000.0,8000,3.0,3.0,3,2.0,2.0,1.96,2.0,2.0,2,2.0,2.0,2,3.0,3.0,3,12.0,12.0,11.96,0.0,0.0,0.1,0.0,1.0,0.093,0.0,1.0,0.259,0.0,1.0,0.051,,,,,,,0.0,0.0,40.5,0.0,0.0,0.015,0.0,0.0,0.009,0.0,0.0,0.005,0.0,0.0,0.013,0.0,0.0,35,,,,,,
31,2.0,2.0,2,0.0,2.0,0.605,0.0,1.0,0.122,1.0,3.0,1.076,0.0,2.0,0.419,1.0,2.0,0.77,0.0,1.0,0.262,2.0,4.0,1.685,1.0,3.0,1.061,5.0,14.0,6.92,8000.0,12000.0,8923.2,0.0,0.0,0,1.0,1.0,0.999,24.0,24.09999999999991,24.186,440.0,490.0,455.52,450.0,474.99999999997726,496.5,4160.0,4860.0,3967.85,3.0,6.0,2.94,40.0,40.0,40,9200.0,9200.0,9200,3000.0,3000.0,3000,0.0,0.0,187,12000.0,12000.0,11802,1.0,1.0,0.616,,,,100.0,200.0,68.1,150.0,150.0,150,,,,100.0,100.0,100,24.0,28.0,24.26,,,,,,,40.0,40.0,40,8000.0,8000.0,8000,3.0,3.0,3,2.0,2.0,2,2.0,2.0,2,2.0,2.0,2,3.0,3.0,3,12.0,12.0,12,0.0,0.0,0.1,0.0,1.0,0.097,0.0,1.0,0.246,0.0,0.0,0.041,,,,,,,,,,,,,,,,,,,,,,0.0,0.0,75,,,,,,
32,2.0,2.0,2,0.0,2.0,0.614,0.0,1.0,0.108,1.0,3.0,1.068,0.0,2.0,0.467,1.0,2.0,0.794,0.0,1.0,0.237,2.0,3.0,1.636,1.0,3.0,1.076,5.0,13.049999999999955,6.766,8000.0,9600.0,8712.8,30.0,30.0,30,1.0,1.0,0.976,24.0,26.09999999999991,24.23,470.0,520.0,485.57,650.0,650.0,632.5,4160.0,4760.0,3904.4,3.0,6.0,2.979,80.0,80.0,80,9200.0,9200.0,9200,3000.0,3000.0,3000,0.0,0.0,187,12000.0,12000.0,11802,1.0,1.0,0.595,,,,100.0,200.0,70.4,0.0,0.0,0,,,,100.0,100.0,98.85,24.0,28.0,24.288,,,,,,,40.0,40.0,40,8000.0,8000.0,8000,3.0,3.0,3,2.0,2.0,1.977,2.0,2.0,2,2.0,2.0,2,3.0,3.0,3,12.0,12.0,12,0.0,0.0,0.05,0.0,1.0,0.094,0.0,1.0,0.244,0.0,1.0,0.067,,,,,,,0.0,74.99999999993179,75,0.0,0.0,0.039,0.0,0.0,0.017,0.0,0.0,0.013,0.0,0.0,0.02,0.0,0.0,35,,,,,,
33,2.0,2.0,2,0.0,2.0,0.623,0.0,1.0,0.108,1.0,3.0,1.07,0.0,2.0,0.443,1.0,2.0,0.766,0.0,1.0,0.288,2.0,3.0,1.581,1.0,3.0,1.121,5.0,14.0,6.735,8000.0,12000.0,8756.8,0.0,0.0,0,1.0,1.0,0.976,24.0,28.0,24.281,470.0,520.0,485.57,850.0,850.0,812.25,4260.0,4860.0,3877.5,3.0,6.0,2.994,120.0,120.0,120,9200.0,9200.0,9200,3000.0,3000.0,3000,0.0,0.0,216.75,12000.0,12000.0,11781,1.0,1.0,0.608,,,,100.0,200.0,73.1,200.0,200.0,200,,,,100.0,100.0,100,24.0,28.0,24.448,,,,,,,40.0,40.0,40,8000.0,8000.0,8000,3.0,3.0,3,2.0,2.0,2,2.0,2.0,2,2.0,2.0,2,3.0,3.0,3,12.0,12.0,12,,,,0.0,1.0,0.096,0.0,1.0,0.245,0.0,1.0,0.051,,,,,,,0.0,0.0,22.5,0.0,0.0,0.015,0.0,0.0,0.004,0.0,0.0,0.005,0.0,0.0,0.006,0.0,0.0,200,,,,,,
34,2.0,2.0,2,0.0,2.0,0.589,0.0,1.0,0.117,1.0,3.0,1.09,0.0,2.0,0.446,1.0,2.0,0.846,0.0,1.0,0.246,1.0,3.0,1.584,1.0,3.0,1.082,5.0,14.0,6.87,8000.0,12000.0,9108,40.0,40.0,40,1.0,1.0,0.951,24.0,28.0,24.408,510.0,560.0,525.77,1050.0,1050.0,984,4260.0,4860.0,3807.95,3.0,6.0,2.997,160.0,160.0,160,9200.0,9200.0,9200,3000.0,3000.0,3000,0.0,0.0,539.75,12000.0,12000.0,11478,1.0,1.0,0.601,,,,100.0,200.0,69.2,0.0,0.0,0,,,,100.0,100.0,98.75,24.0,28.0,24.48,,,,,,,40.0,40.0,40,8000.0,8000.0,8000,3.0,3.0,3,2.0,2.0,1.975,2.0,2.0,2,2.0,2.0,2,3.0,3.0,3,12.0,12.0,12,0.0,0.0,0.2,0.0,1.0,0.095,0.0,1.0,0.243,0.0,1.0,0.061,,,,,,,0.0,0.0,10.5,0.0,0.0,0.003,0.0,0.0,0.005,0.0,0.0,0.001,0.0,0.0,0.001,0.0,0.0,40,,,,,,
35,2.0,2.0,2,0.0,2.0,0.624,0.0,1.0,0.12,1.0,3.0,1.031,0.0,2.0,0.42,1.0,2.0,0.815,0.0,1.0,0.297,2.0,4.0,1.622,1.0,3.0,1.071,10.0,19.0,11.879,9600.0,12000.0,9324,0.0,0.0,0,1.0,1.0,0.951,24.0,28.0,24.472,510.0,560.0,525.87,1250.0,1250.0,1188,4710.0,5310.0,3629.65,3.0,6.0,3.036,0.0,0.0,0,9200.0,9200.0,9200,3000.0,3000.0,3000,0.0,0.0,272,12000.0,12000.0,11664,1.0,1.0,0.584,,,,100.0,200.0,71.7,350.0,350.0,350,,,,100.0,100.0,100,24.0,28.0,25.2,,,,50.0,50.0,50,40.0,40.0,40,8000.0,8000.0,8000,3.0,3.0,3,2.0,2.0,2,2.0,2.0,2,2.0,2.0,2,3.0,3.0,3,12.0,12.0,12,0.0,0.0,0.1,0.0,1.0,0.105,0.0,1.0,0.252,0.0,1.0,0.059,400.0,400.0,400,50.0,50.0,50,0.0,0.0,60,0.0,0.0,0.039,0.0,0.0,0.015,0.0,0.0,0.013,0.0,0.0,0.012,0.0,5000.0,900,,,,,,
36,2.0,2.0,2,0.0,2.0,0.623,0.0,1.0,0.095,1.0,3.0,1.087,0.0,2.0,0.444,1.0,2.0,0.797,0.0,1.0,0.262,1.0,4.0,1.609,1.0,3.0,1.083,5.0,13.0,6.746,9600.0,12000.0,9403.2,0.0,0.0,0,1.0,1.0,0.951,24.0,28.0,25.02,510.0,560.0,526.77,1450.0,1450.0,1255,635.0,4910.0,1800.25,3.0,6.0,3.039,40.0,40.0,40,9200.0,9200.0,9200,3000.0,3000.0,3000,0.0,12750.0,2329,12000.0,12000.0,9792,1.0,1.0,0.59,,,,100.0,200.0,70.6,100.0,100.0,100,,,,100.0,100.0,100,28.0,28.0,26.72,,,,,,,40.0,40.0,40,8000.0,8000.0,8000,3.0,3.0,3,2.0,2.0,2,2.0,2.0,2,2.0,2.0,2,3.0,3.0,3,12.0,12.0,12,0.0,0.0,0.9,0.0,1.0,0.103,0.0,1.0,0.263,0.0,0.0,0.044,,,,,,,0.0,0.0,12,0.0,0.0,0.003,0.0,0.0,0.005,0.0,0.0,0.001,0.0,0.0,0.002,0.0,5000.0,1900,,,,,,
37,2.0,2.0,2,0.0,2.0,0.612,0.0,1.0,0.091,1.0,3.0,1.068,0.0,1.0,0.409,1.0,2.0,0.849,0.0,1.0,0.263,1.0,3.0,1.536,1.0,3.0,1.096,5.0,13.0,6.653,9600.0,12000.0,9172,20.0,20.0,20,1.0,1.0,0.951,27.0,28.0,26.34,530.0,580.0,548.92,900.0,1150.0,735,610.0,4810.0,1710.05,3.0,9.0,3.534,80.0,80.0,80,9200.0,9200.0,9200,3000.0,3000.0,3000,4250.0,12750.0,5610,6000.0,12000.0,6360,1.0,1.0,0.598,,,,100.0,200.0,67.2,0.0,0.0,0,,,,100.0,100.0,92.4,28.0,28.0,26.772,,,,,,,40.0,40.0,40,8000.0,8000.0,8000,3.0,3.0,3,2.0,2.0,1.848,2.0,2.0,2,2.0,2.0,2,3.0,3.0,3,12.0,12.0,11.848,0.0,0.0,2.15,0.0,1.0,0.093,0.0,1.0,0.257,0.0,1.0,0.052,,,,,,,750.0,1500.0,750,0.0,3.0,0.495,0.0,1.0,0.175,0.0,1.0,0.165,0.0,1.0,0.16,0.0,0.0,65,,,,,,
38,2.0,2.0,2,0.0,2.0,0.559,0.0,1.0,0.118,1.0,3.0,1.115,0.0,2.0,0.43,1.0,2.0,0.802,0.0,1.0,0.276,2.0,3.0499999999999545,1.628,1.0,3.0,1.072,5.0,14.0,6.914,8000.0,12000.0,8911.2,0.0,0.0,0,1.0,1.0,0.951,28.0,28.0,26.746,530.0,580.0,549.17,1350.0,1350.0,1036.5,660.0,4960.0,1700.65,3.0,9.0,3.93,80.0,80.0,80,9200.0,9200.0,9200,3000.0,3000.0,3000,0.0,4250.0,1725.5,12000.0,12000.0,9603,1.0,1.0,0.602,,,,100.0,200.0,70.6,150.0,150.0,150,,,,100.0,100.0,100,28.0,28.0,26.876,,,,,,,,,,8000.0,8000.0,8000,3.0,3.0,3,2.0,2.0,2,2.0,2.0,2,2.0,2.0,2,3.0,3.0,3,12.0,12.0,12,0.0,0.0,0.25,0.0,1.0,0.101,0.0,1.0,0.247,0.0,0.049999999999954525,0.05,,,,,,,0.0,1500.0,570,0.0,3.0,0.396,0.0,1.0,0.12,0.0,1.0,0.132,0.0,1.0,0.128,0.0,0.0,130,,,,,,
39,2.0,2.0,2,0.0,2.0,0.583,0.0,1.0,0.093,1.0,3.0,1.074,0.0,2.0,0.444,1.0,2.0,0.848,0.0,1.0,0.255,1.0,4.0,1.57,1.0,3.0,1.133,5.0,13.0,6.607,9600.0,12000.0,9047.2,30.0,30.0,30,1.0,1.0,0.88,28.0,28.0,26.824,560.0,610.0,579.27,50.0,550.0,216.5,660.0,4860.0,1644.1,3.0,9.0,4.668,80.0,80.0,80,9200.0,9200.0,9200,3000.0,3000.0,3000,0.0,0.0,331.5,12000.0,12000.0,11649,1.0,1.0,0.601,,,,100.0,200.0,69.9,0.0,0.0,0,,,,100.0,100.0,96.45,28.0,28.0,26.9,,,,,,,,,,8000.0,8000.0,8000,3.0,3.0,3,2.0,2.0,1.929,2.0,2.0,2,2.0,2.0,2,3.0,3.0,3,12.0,12.0,12,0.0,0.0,0.1,0.0,1.0,0.118,0.0,1.0,0.229,0.0,1.0,0.052,,,,,,,1500.0,1500.0,1039.5,0.0,3.0,0.738,0.0,1.0,0.207,0.0,1.0,0.246,0.0,1.0,0.24,0.0,0.0,30,,,,,,
40,2.0,2.0,2,0.0,2.0,0.578,0.0,1.0,0.111,1.0,3.0,1.036,0.0,2.0,0.431,1.0,2.0,0.794,0.0,1.0,0.268,2.0,3.0,1.634,1.0,3.0,1.148,5.0,13.0,6.801,8000.0,12000.0,9068,0.0,0.0,0,1.0,1.0,0.88,28.0,28.0,26.894,560.0,610.0,579.32,250.0,750.0,386,660.0,4860.0,1444,4.5,9.0,4.698,80.0,80.0,80,9200.0,9200.0,9200,3000.0,3000.0,3000,0.0,0.0,297.5,12000.0,12000.0,11694,1.0,1.0,0.613,,,,100.0,200.0,69.9,200.0,200.0,200,,,,100.0,100.0,100,28.0,28.0,27.196,,,,,,,,,,8000.0,8000.0,8000,3.0,3.0,3,2.0,2.0,2,2.0,2.0,2,2.0,2.0,2,3.0,3.0,3,12.0,12.0,12,0.0,0.0,0.05,0.0,1.0,0.109,0.0,1.0,0.238,0.0,0.0,0.04,,,,,,,0.0,0.0,39,0.0,0.0,0.03,0.0,0.0,0.005,0.0,0.0,0.01,0.0,0.0,0.011,0.0,5000.0,370,,,,,,
41,2.0,2.0,2,0.0,2.0,0.594,0.0,1.0,0.126,1.0,3.0,1.047,0.0,2.0,0.444,1.0,2.0,0.813,0.0,1.0,0.256,2.0,4.0,1.664,1.0,3.0,1.056,5.0,14.0,6.929,9600.0,12000.0,9171.2,40.0,40.0,40,1.0,1.0,0.83,28.0,28.0,27.122,600.0,650.0,619.42,450.0,950.0,532,660.0,4860.0,1376.5,4.5,9.0,4.698,80.0,80.0,80,9200.0,9200.0,9200,3000.0,3000.0,3000,0.0,12750.0,969,12000.0,12000.0,11076,1.0,1.0,0.622,,,,100.0,200.0,70,0.0,0.0,0,,,,100.0,100.0,97.5,28.0,28.0,27.228,,,,,,,,,,8000.0,8000.0,8000,3.0,3.0,3,2.0,2.0,1.95,2.0,2.0,2,2.0,2.0,2,3.0,3.0,3,12.0,12.0,12,0.0,0.0,0.1,0.0,1.0,0.083,0.0,1.0,0.243,0.0,1.0,0.052,,,,,,,0.0,0.0,9,,,,0.0,0.0,0.002,,,,0.0,0.0,0.004,0.0,0.0,40,,,,,,
42,2.0,2.0,2,0.0,2.0,0.618,0.0,1.0,0.11,1.0,3.0,1.114,0.0,2.0,0.432,1.0,2.0,0.765,0.0,1.0,0.251,2.0,3.0,1.642,1.0,3.0,1.068,10.0,18.049999999999955,11.719,9600.0,12000.0,9288,0.0,0.0,0,1.0,1.0,0.83,28.0,28.0,27.22,600.0,650.0,619.57,650.0,1150.0,744.5,810.0,4710.0,1074.8,6.0,9.0,4.764,80.0,80.0,80,9200.0,9200.0,9200,3000.0,3000.0,3000,0.0,4250.0,416.5,12000.0,12000.0,11460,1.0,1.0,0.613,,,,100.0,200.0,68.3,350.0,350.0,350,,,,100.0,100.0,100,28.0,28.0,27.724,,,,50.0,50.0,50,,,,8000.0,8000.0,8000,3.0,3.0,3,2.0,2.0,2,2.0,2.0,2,2.0,2.0,2,3.0,3.0,3,12.0,12.0,12,0.0,0.0,0.15,0.0,1.0,0.111,0.0,1.0,0.228,0.0,0.0,0.048,,,,50.0,50.0,50,0.0,1500.0,111,0.0,0.0,0.066,0.0,0.0,0.026,0.0,0.0,0.022,0.0,0.0,0.026,0.0,5000.0,620,,,,,,
43,2.0,2.0,2,0.0,2.0,0.593,0.0,1.0,0.102,1.0,3.0,1.114,0.0,2.0,0.444,1.0,2.0,0.807,0.0,1.0,0.256,1.0,3.0,1.581,1.0,3.0,1.103,5.0,13.0,6.703,8000.0,12000.0,8927.2,0.0,0.0,0,1.0,1.0,0.83,28.0,28.0,27.6,600.0,650.0,620.17,850.0,1350.0,853.5,810.0,4410.0,1064.8,6.0,9.0,4.77,80.0,80.0,80,9200.0,9200.0,9200,3000.0,3000.0,3000,0.0,12750.0,1615,12000.0,12000.0,10464,1.0,1.0,0.625,,,,100.0,200.0,70,100.0,100.0,100,,,,100.0,100.0,100,28.0,28.0,27.788,,,,,,,,,,8000.0,8000.0,8000,3.0,3.0,3,2.0,2.0,2,2.0,2.0,2,2.0,2.0,2,3.0,3.0,3,12.0,12.0,12,0.0,0.0,0.6,0.0,1.0,0.091,0.0,1.0,0.236,0.0,0.0,0.048,,,,,,,0.0,0.0,12,0.0,0.0,0.006,0.0,0.0,0.003,0.0,0.0,0.002,0.0,0.0,0.003,0.0,0.0,80,,,,,,
44,2.0,2.0,2,0.0,2.0,0.605,0.0,1.0,0.108,1.0,3.0,1.072,0.0,2.0,0.411,1.0,2.0,0.787,0.0,1.0,0.261,2.0,3.0,1.603,1.0,3.0,1.123,5.0,14.0,6.837,9600.0,12000.0,9127.2,20.0,20.0,20,1.0,1.0,0.83,28.0,28.0,27.772,620.0,670.0,640.32,1050.0,1050.0,993,810.0,2310.0,1000,6.0,9.0,4.926,80.0,80.0,80,9200.0,9200.0,9200,3000.0,3000.0,3000,0.0,4250.0,731,12000.0,12000.0,11064,1.0,1.0,0.568,,,,100.0,200.0,67.2,0.0,0.0,0,,,,100.0,100.0,97,28.0,28.0,27.816,,,,,,,,,,8000.0,8000.0,8000,3.0,3.0,3,2.0,2.0,1.94,2.0,2.0,2,2.0,2.0,2,3.0,3.0,3,12.0,12.0,11.94,0.0,0.0,0.15,0.0,1.0,0.117,0.0,1.0,0.256,0.0,1.0,0.059,,,,,,,0.0,1500.0,265.5,0.0,3.0,0.156,0.0,1.0,0.059,0.0,1.0,0.052,0.0,1.0,0.066,0.0,0.0,35,,,,,,
45,2.0,2.0,2,0.0,2.0,0.572,0.0,1.0,0.114,1.0,3.0,1.126,0.0,2.0,0.435,1.0,2.0,0.796,0.0,1.0,0.242,2.0,4.0,1.617,1.0,3.0,1.098,5.0,13.0,6.978,8000.0,12000.0,8964,0.0,0.0,0,1.0,1.0,0.83,28.0,28.0,27.802,620.0,670.0,640.42,1250.0,1250.0,1200.5,860.0,2360.0,1102.7,6.0,9.0,4.947,80.0,80.0,80,9200.0,9200.0,9200,3000.0,3000.0,3000,0.0,0.0,127.5,12000.0,12000.0,11841,1.0,1.0,0.584,,,,100.0,200.0,67.7,150.0,150.0,150,,,,100.0,100.0,100,28.0,28.0,27.828,,,,,,,,,,8000.0,8000.0,8000,3.0,3.0,3,2.0,2.0,2,2.0,2.0,2,2.0,2.0,2,3.0,3.0,3,12.0,12.0,12,0.0,0.0,0.1,0.0,1.0,0.094,0.0,1.0,0.263,0.0,1.0,0.059,,,,,,,0.0,0.0,24,0.0,0.0,0.021,0.0,0.0,0.009,0.0,0.0,0.007,,,,0.0,0.0,15,,,,,,
46,2.0,2.0,2,0.0,2.0,0.61,0.0,1.0,0.094,1.0,3.0,1.096,0.0,2.0,0.445,1.0,2.0,0.808,0.0,1.0,0.271,1.0,3.0,1.546,1.0,3.0,1.13,5.0,13.0,6.681,9600.0,12000.0,9267.2,30.0,30.0,30,1.0,1.0,0.811,28.0,28.0,27.822,650.0,700.0,670.42,1450.0,1450.0,1405.5,860.0,2264.9999999999955,1075.25,6.0,9.0,4.947,80.0,80.0,80,9200.0,9200.0,9200,3000.0,3000.0,3000,0.0,0.0,85,12000.0,12000.0,11910,1.0,1.0,0.6,,,,100.0,200.0,71.6,0.0,0.0,0,,,,100.0,100.0,99.05,28.0,28.0,27.828,,,,,,,,,,8000.0,8000.0,8000,3.0,3.0,3,2.0,2.0,1.981,2.0,2.0,2,2.0,2.0,2,3.0,3.0,3,12.0,12.0,12,,,,0.0,1.0,0.102,0.0,1.0,0.251,0.0,0.0,0.047,,,,,,,,,,,,,,,,,,,,,,,,,,,,,,
47,2.0,2.0,2,0.0,2.0,0.584,0.0,1.0,0.145,1.0,3.0,1.044,0.0,2.0,0.481,1.0,2.0,0.766,0.0,1.0,0.266,1.0,3.0,1.609,1.0,3.0,1.105,5.0,14.0,7.049,8000.0,12000.0,8997.6,0.0,0.0,0,1.0,1.0,0.811,28.0,28.0,27.828,650.0,700.0,670.42,150.0,150.0,171.5,1060.0,2262.4999999999977,1199.95,6.0,12.0,5.874,80.0,80.0,80,9200.0,9200.0,9200,3000.0,3000.0,3000,0.0,0.0,25.5,12000.0,12000.0,11973,1.0,1.0,0.61,,,,100.0,200.0,74.7,200.0,200.0,200,,,,100.0,100.0,100,28.0,28.0,27.868,,,,,,,,,,8000.0,8000.0,8000,3.0,3.0,3,2.0,2.0,2,2.0,2.0,2,2.0,2.0,2,3.0,3.0,3,12.0,12.0,12,,,,0.0,1.0,0.096,0.0,1.0,0.244,0.0,0.049999999999954525,0.05,,,,,,,1500.0,1500.0,1435.5,0.0,3.0,0.927,0.0,1.0,0.328,0.0,1.0,0.309,0.0,1.0,0.32,0.0,0.0,50,,,,,,
48,2.0,2.0,2,0.0,2.0,0.603,0.0,1.0,0.099,1.0,3.0,1.103,0.0,2.0,0.437,1.0,2.0,0.775,0.0,1.0,0.275,2.0,3.0,1.613,1.0,3.0,1.095,5.0,13.0,6.652,9600.0,12000.0,9374.4,40.0,40.0,40,1.0,1.0,0.807,28.0,28.0,27.858,690.0,740.0,710.42,350.0,350.0,364,1010.0,2162.4999999999977,1156.35,6.0,12.0,5.874,80.0,80.0,80,9200.0,9200.0,9200,3000.0,3000.0,3000,0.0,0.0,127.5,12000.0,12000.0,11880,1.0,1.0,0.612,,,,100.0,200.0,71.2,0.0,0.0,0,,,,100.0,100.0,99.8,28.0,28.0,27.88,,,,,,,,,,8000.0,8000.0,8000,3.0,3.0,3,2.0,2.0,1.996,2.0,2.0,2,2.0,2.0,2,3.0,3.0,3,12.0,12.0,12,,,,0.0,1.0,0.106,0.0,1.0,0.235,0.0,0.0,0.047,,,,,,,,,,,,,,,,,,,,,,0.0,0.0,15,,,,,,
49,2.0,2.0,2,0.0,2.0,0.594,0.0,1.0,0.1,1.0,3.0,1.099,0.0,2.0,0.432,1.0,2.0,0.786,0.0,1.0,0.275,1.0,4.0,1.615,1.0,3.0,1.099,10.0,18.0,11.859,8000.0,9600.0,8900.8,0.0,0.0,0,1.0,1.0,0.807,28.0,28.0,27.877,690.0,740.0,710.42,550.0,550.0,564.25,1310.0,2310.0,1342.05,6.0,12.0,5.886,80.0,80.0,80,9200.0,9200.0,9200,3000.0,3000.0,3000,0.0,0.0,80.75,12000.0,12000.0,11904,1.0,1.0,0.576,,,,100.0,200.0,70.7,350.0,350.0,350,,,,100.0,100.0,100,28.0,28.0,27.988,,,,50.0,50.0,50,,,,8000.0,8000.0,8000,3.0,3.0,3,2.0,2.0,2,2.0,2.0,2,2.0,2.0,2,3.0,3.0,3,12.0,12.0,12,,,,0.0,1.0,0.104,0.0,1.0,0.272,0.0,0.0,0.048,,,,50.0,50.0,50,0.0,0.0,15,0.0,0.0,0.012,0.0,0.0,0.005,0.0,0.0,0.004,0.0,0.0,0.001,0.0,0.0,135,,,,,,
50,2.0,2.0,2,0.0,2.0,0.606,0.0,1.0,0.105,1.0,3.0,1.051,0.0,2.0,0.438,1.0,2.0,0.836,0.0,1.0,0.266,2.0,4.0,1.614,1.0,3.0,1.084,5.0,13.0,6.815,9600.0,12000.0,9220,0.0,0.0,0,1.0,1.0,0.807,28.0,28.0,27.961,690.0,740.0,710.57,750.0,750.0,744.75,1410.0,2410.0,1412.45,6.0,12.0,5.889,80.0,80.0,80,9200.0,9200.0,9200,3000.0,3000.0,3000,0.0,0.0,357,12000.0,12000.0,11658,1.0,1.0,0.584,,,,100.0,200.0,70.4,100.0,100.0,100,,,,100.0,100.0,100,28.0,28.0,27.988,,,,,,,,,,8000.0,8000.0,8000,3.0,3.0,3,2.0,2.0,2,2.0,2.0,2,2.0,2.0,2,3.0,3.0,3,12.0,12.0,12,0.0,0.0,0.15,0.0,1.0,0.113,0.0,1.0,0.257,0.0,0.0,0.046,,,,,,,0.0,0.0,4.5,0.0,0.0,0.003,0.0,0.0,0.002,0.0,0.0,0.001,,,,,,,,,,,,
51,2.0,2.0,2,0.0,2.0,0.636,0.0,1.0,0.092,1.0,3.0,1.001,0.0,2.0,0.428,1.0,2.0,0.818,0.0,1.0,0.261,2.0,4.0,1.662,1.0,3.0,1.096,5.0,13.0,6.71,8000.0,12000.0,8913.6,20.0,20.0,20,1.0,1.0,0.807,28.0,28.0,27.988,710.0,760.0,730.62,950.0,950.0,951.5,1360.0,2310.0,1381.95,6.0,12.0,5.919,80.0,80.0,80,9200.0,9200.0,9200,3000.0,3000.0,3000,0.0,0.0,114.75,12000.0,12000.0,11838,1.0,1.0,0.565,,,,100.0,200.0,68.9,0.0,0.0,0,,,,100.0,100.0,99.4,28.0,28.0,27.988,,,,,,,,,,8000.0,8000.0,8000,3.0,3.0,3,2.0,2.0,1.988,2.0,2.0,2,2.0,2.0,2,3.0,3.0,3,12.0,12.0,11.988,0.0,0.0,0.05,0.0,1.0,0.118,0.0,1.0,0.261,0.0,1.0,0.056,,,,,,,0.0,0.0,40.5,0.0,0.0,0.03,0.0,0.0,0.008,0.0,0.0,0.01,0.0,0.0,0.009,,,,,,,,,
52,2.0,2.0,2,0.0,2.0,0.601,0.0,1.0,0.091,1.0,3.0,1.093,0.0,2.0,0.44,1.0,2.0,0.817,0.0,1.0,0.262,2.0,4.0,1.619,1.0,3.0,1.077,5.0,13.0,6.575,8000.0,12000.0,9037.6,0.0,0.0,0,1.0,1.0,0.807,28.0,28.0,27.988,710.0,760.0,730.62,1150.0,1150.0,1147,1460.0,2460.0,1502.15,6.0,12.0,5.919,80.0,80.0,80,9200.0,9200.0,9200,3000.0,3000.0,3000,,,,12000.0,12000.0,12000,1.0,1.0,0.601,,,,100.0,200.0,70.2,150.0,150.0,150,,,,100.0,100.0,100,28.0,28.0,27.988,,,,,,,,,,8000.0,8000.0,8000,3.0,3.0,3,2.0,2.0,2,2.0,2.0,2,2.0,2.0,2,3.0,3.0,3,12.0,12.0,12,,,,0.0,1.0,0.117,0.0,1.0,0.23,0.0,1.0,0.052,,,,,,,0.0,0.0,4.5,,,,0.0,0.0,0.002,,,,0.0,0.0,0.001,,,,,,,,,
53,2.0,2.0,2,0.0,2.0,0.614,0.0,1.0,0.126,1.0,3.0,1.122,0.0,2.0,0.424,1.0,2.0,0.779,0.0,1.0,0.275,2.0,3.0,1.585,1.0,3.0,1.075,5.0,14.0,6.935,8000.0,12000.0,9018.4,30.0,30.0,30,1.0,1.0,0.802,28.0,28.0,27.988,740.0,790.0,760.62,1350.0,1350.0,1347,1460.0,2460.0,1472.3,6.0,12.0,5.919,80.0,80.0,80,9200.0,9200.0,9200,3000.0,3000.0,3000,,,,12000.0,12000.0,12000,1.0,1.0,0.58,,,,100.0,200.0,69.9,0.0,0.0,0,,,,100.0,100.0,99.75,28.0,28.0,27.988,,,,,,,,,,8000.0,8000.0,8000,3.0,3.0,3,2.0,2.0,1.995,2.0,2.0,2,2.0,2.0,2,3.0,3.0,3,12.0,12.0,12,,,,0.0,1.0,0.121,0.0,1.0,0.248,0.0,1.0,0.051,,,,,,,,,,,,,,,,,,,,,,,,,,,,,,
54,2.0,2.0,2,0.0,2.0,0.622,0.0,1.0,0.116,1.0,3.0,1.065,0.0,2.0,0.439,1.0,2.0,0.763,0.0,1.0,0.263,2.0,3.0,1.661,1.0,3.0,1.071,5.0,14.0,6.889,8000.0,12000.0,8836.8,0.0,0.0,0,1.0,1.0,0.802,28.0,28.0,27.983,740.0,790.0,760.62,50.0,50.0,51.5,1610.0,2610.0,1637.5,6.0,12.0,6.943,80.0,80.0,80,9200.0,9200.0,9200,3000.0,3000.0,3000,,,,12000.0,12000.0,12000,1.0,1.0,0.592,,,,100.0,200.0,70.2,200.0,200.0,200,,,,100.0,100.0,100,28.0,28.0,27.992,,,,0.0,0.0,0.07,,,,8000.0,8000.0,8000,3.0,3.0,3,2.0,2.0,2,2.0,2.0,2,2.0,2.0,2,3.0,3.0,3,12.0,12.0,12,,,,0.0,1.0,0.099,0.0,1.0,0.255,0.0,1.0,0.054,,,,,,,1500.0,1500.0,1495.5,0.0,3.0,1.017,0.0,1.0,0.332,0.0,1.0,0.339,0.0,1.0,0.326,0.0,0.0,5,0.0,0.0,0.005,0.0,0.0,0.077
55,2.0,2.0,2,0.0,2.0,0.609,0.0,1.0,0.091,1.0,3.0,1.092,0.0,2.0,0.441,1.0,2.0,0.842,0.0,1.0,0.235,2.0,3.0,1.61,1.0,3.0,1.08,5.0,13.0,6.818,8000.0,12000.0,9033.6,40.0,40.0,40,1.0,1.0,0.802,28.0,28.0,27.985,780.0,830.0,800.62,250.0,250.0,251.75,1560.0,2612.4999999999977,1605.1,6.0,12.0,6.927,80.0,80.0,80,9200.0,9200.0,9200,3000.0,3000.0,3000,0.0,0.0,29.75,12000.0,12000.0,11967,1.0,1.0,0.574,,,,100.0,200.0,67.6,0.0,0.0,0,,,,100.0,100.0,100,28.0,28.0,27.992,,,,0.0,0.0,0.08,,,,8000.0,8000.0,8000,3.0,3.0,3,2.0,2.0,2,2.0,2.0,2,2.0,2.0,2,3.0,3.0,3,12.0,12.0,12,,,,0.0,1.0,0.102,0.0,1.0,0.271,0.0,1.0,0.053,,,,,,,0.0,0.0,3,0.0,0.0,0.006,,,,0.0,0.0,0.002,,,,,,,0.0,0.0,0.005,0.0,0.0,0.058
56,2.0,2.0,2,0.0,2.0,0.585,0.0,1.0,0.121,1.0,3.0,1.072,0.0,2.0,0.483,1.0,2.0,0.819,0.0,1.0,0.246,2.0,3.0499999999999545,1.606,1.0,3.0,1.068,10.0,19.0,11.894,8000.0,12000.0,8759.2,0.0,0.0,0,1.0,1.0,0.802,28.0,28.0,27.986,780.0,830.0,800.72,450.0,450.0,452.25,1910.0,2910.0,1923,6.0,12.0,6.96,80.0,80.0,80,9200.0,9200.0,9200,3000.0,3000.0,3000,0.0,0.0,34,12000.0,12000.0,11961,1.0,1.0,0.61,,,,100.0,200.0,72.9,350.0,350.0,350,,,,100.0,100.0,100,28.0,28.0,27.996,,,,50.0,50.0,50.06,,,,8000.0,8000.0,8000,3.0,3.0,3,2.0,2.0,2,2.0,2.0,2,2.0,2.0,2,3.0,3.0,3,12.0,12.0,12,0.0,0.0,0.1,0.0,1.0,0.107,0.0,1.0,0.245,0.0,0.0,0.038,,,,50.0,50.0,50,0.0,0.0,4.5,,,,0.0,0.0,0.002,,,,0.0,0.0,0.001,0.0,0.0,5,0.0,0.0,0.007,0.0,0.0,0.093
57,2.0,2.0,2,0.0,2.0,0.556,0.0,1.0,0.112,1.0,3.0,1.087,0.0,2.0,0.419,1.0,2.0,0.853,0.0,1.0,0.265,2.0,4.0,1.676,1.0,3.0,1.032,5.0,14.0,6.926,8000.0,12000.0,9150.4,0.0,0.0,0,1.0,1.0,0.802,28.0,28.0,27.979,780.0,830.0,800.77,650.0,650.0,652.25,2010.0,3010.0,1991.4,6.0,12.0,7.007,80.0,80.0,80,9200.0,9200.0,9200,3000.0,3000.0,3000,0.0,0.0,25.5,12000.0,12000.0,11973,1.0,1.0,0.617,,,,100.0,200.0,68.4,100.0,100.0,100,,,,100.0,100.0,100,28.0,28.0,27.996,,,,0.0,0.0,0.15,,,,8000.0,8000.0,8000,3.0,3.0,3,2.0,2.0,2,2.0,2.0,2,2.0,2.0,2,3.0,3.0,3,12.0,12.0,12,0.0,0.0,0.05,0.0,1.0,0.087,0.0,1.0,0.248,0.0,0.0,0.048,,,,,,,0.0,0.0,1.5,0.0,0.0,0.003,,,,0.0,0.0,0.001,,,,,,,0.0,0.0,0.013,0.0,0.0,0.194
58,2.0,2.0,2,0.0,2.0,0.608,0.0,1.0,0.105,1.0,3.0,1.045,0.0,2.0,0.425,1.0,2.0,0.852,0.0,1.0,0.275,2.0,3.0,1.647,1.0,3.0,1.043,5.0,13.0,6.762,8000.0,12000.0,8963.2,20.0,20.0,20,1.0,1.0,0.802,28.0,28.0,27.97,800.0,850.0,820.82,850.0,850.0,850.5,1960.0,2910.0,1961.4,6.0,12.0,7.083,80.0,80.0,80,9200.0,9200.0,9200,3000.0,3000.0,3000,0.0,0.0,72.25,12000.0,12000.0,11922,1.0,1.0,0.602,,,,100.0,200.0,70,0.0,0.0,0,,,,100.0,100.0,100,28.0,28.0,27.996,,,,0.0,0.0,0.33,,,,8000.0,8000.0,8000,3.0,3.0,3,2.0,2.0,2,2.0,2.0,2,2.0,2.0,2,3.0,3.0,3,12.0,12.0,12,0.0,0.0,0.05,0.0,1.0,0.102,0.0,1.0,0.234,0.0,1.0,0.062,,,,,,,0.0,0.0,7.5,0.0,0.0,0.003,0.0,0.0,0.003,0.0,0.0,0.001,0.0,0.0,0.001,,,,0.0,0.0,0.026,0.0,0.0,0.403
59,2.0,2.0,2,0.0,2.0,0.576,0.0,1.0,0.118,1.0,3.0,1.125,0.0,2.0,0.441,1.0,2.0,0.809,0.0,1.0,0.279,2.0,4.0,1.617,1.0,3.0,1.035,6.0,14.0,6.963,8000.0,12000.0,8946.4,0.0,0.0,0,1.0,1.0,0.802,28.0,28.0,27.951,800.0,850.0,820.92,1050.0,1050.0,1035.75,2060.0,3060.0,2083.4,6.0,15.0,7.208,80.0,80.0,80,9200.0,9200.0,9200,3000.0,3000.0,3000,0.0,0.0,106.25,12000.0,12000.0,11892,1.0,1.0,0.62,,,,100.0,200.0,72,150.0,150.0,150,,,,100.0,100.0,100,28.0,28.0,27.996,,,,0.0,0.0,0.6,,,,8000.0,8000.0,8000,3.0,3.0,3,2.0,2.0,2,2.0,2.0,2,2.0,2.0,2,3.0,3.0,3,12.0,12.0,12,0.0,0.0,0.1,0.0,1.0,0.097,0.0,1.0,0.239,0.0,0.0,0.044,,,,,,,0.0,0.0,16.5,0.0,0.0,0.009,0.0,0.0,0.004,0.0,0.0,0.003,0.0,0.0,0.004,,,,0.0,0.0,0.044,0.0,0.0,0.716
60,2.0,2.0,2,0.0,2.0,0.613,0.0,1.0,0.096,1.0,3.0,1.045,0.0,2.0,0.463,1.0,2.0,0.821,0.0,1.0,0.287,1.0,3.0,1.569,1.0,3.0,1.106,5.0,13.0,6.865,9600.0,12000.0,9311.2,30.0,30.0,30,1.0,1.0,0.801,28.0,28.0,27.937,830.0,880.0,850.92,1250.0,1250.0,1212,2060.0,3060.0,2058.45,6.0,15.0,7.273,80.0,80.0,80,9200.0,9200.0,9200,3000.0,3000.0,3000,0.0,0.0,182.75,12000.0,12000.0,11826,1.0,1.0,0.597,,,,100.0,200.0,75,0.0,0.0,0,,,,100.0,100.0,99.95,28.0,28.0,27.996,,,,0.0,0.0,0.92,,,,8000.0,8000.0,8000,3.0,3.0,3,2.0,2.0,1.999,2.0,2.0,2,2.0,2.0,2,3.0,3.0,3,12.0,12.0,12,,,,0.0,1.0,0.091,0.0,1.0,0.261,0.0,1.0,0.051,,,,,,,0.0,0.0,15,0.0,0.0,0.009,0.0,0.0,0.002,0.0,0.0,0.003,0.0,0.0,0.005,,,,0.0,0.0,0.057,0.0,0.0,0.976
61,2.0,2.0,2,0.0,2.0,0.608,0.0,1.0,0.113,1.0,3.0,1.129,0.0,2.0,0.428,1.0,2.0,0.816,0.0,1.0,0.303,1.0,3.0,1.535,1.0,3.0,1.068,5.0,14.0,7.055,8000.0,12000.0,8826.4,0.0,0.0,0,1.0,1.0,0.801,28.0,28.0,27.891,830.0,880.0,850.92,1450.0,1450.0,1395.75,2260.0,3260.0,2231.55,6.0,15.0,7.593,120.0,120.0,120,9200.0,9200.0,9200,3000.0,3000.0,3000,0.0,0.0,233.75,12000.0,12000.0,11763,1.0,1.0,0.605,,,,100.0,200.0,73.1,200.0,200.0,200,,,,100.0,100.0,100,28.0,28.0,27.996,,,,0.0,0.0,1.37,40.0,40.0,40,8000.0,8000.0,8000,3.0,3.0,3,2.0,2.0,2,2.0,2.0,2,2.0,2.0,2,3.0,3.0,3,12.0,12.0,12,,,,0.0,1.0,0.1,0.0,1.0,0.249,0.0,0.0,0.046,,,,,,,0.0,0.0,19.5,0.0,0.0,0.009,0.0,0.0,0.003,0.0,0.0,0.003,0.0,0.0,0.007,,,,0.0,1.0,0.101,0.0,10.0,1.681
62,2.0,2.0,2,0.0,2.0,0.585,0.0,1.0,0.101,1.0,3.0,1.119,0.0,2.0,0.444,1.0,2.0,0.789,0.0,1.0,0.273,2.0,4.0,1.59,1.0,3.0,1.099,6.0,15.0,7.236,9600.0,12000.0,9569.6,40.0,40.0,40,1.0,1.0,0.801,28.0,28.0,27.831,870.0,920.0,891.02,150.0,650.0,213.5,2160.0,3260.0,2203.25,9.0,18.0,8.736,160.0,160.0,160,9200.0,9200.0,9200,3000.0,3000.0,3000,0.0,4250.0,420.75,12000.0,12000.0,11580,1.0,1.0,0.606,,,,100.0,200.0,71.7,0.0,0.0,0,,,,100.0,100.0,100,28.0,28.0,27.996,,,,0.0,20.0,2.66,40.0,40.0,40,8000.0,8000.0,8000,3.0,3.0,3,2.0,2.0,2,2.0,2.0,2,2.0,2.0,2,3.0,3.0,3,12.0,12.0,12,0.0,0.0,0.1,0.0,1.0,0.093,0.0,1.0,0.255,0.0,0.0,0.046,,,,,,,1500.0,1500.0,1381.5,0.0,3.0,0.945,0.0,1.0,0.274,0.0,1.0,0.315,0.0,1.0,0.332,,,,0.0,1.0,0.159,0.0,30.0,2.858
63,2.0,2.0,2,0.0,2.0,0.635,0.0,1.0,0.099,1.0,3.0,1.074,0.0,2.0,0.432,1.0,2.0,0.773,0.0,1.0,0.268,2.0,3.0499999999999545,1.643,1.0,3.0,1.076,11.0,19.0,12.217,9600.0,12000.0,9125.6,0.0,0.0,0,1.0,1.0,0.801,28.0,28.0,27.772,870.0,920.0,891.52,350.0,1100.0,432.25,2910.0,4010.0,2923.25,9.0,19.0,9.941,0.0,0.0,0,9200.0,9200.0,9200,3000.0,3000.0,3000,0.0,4250.0,599.25,12000.0,12000.0,11289,1.0,1.0,0.6,,,,100.0,200.0,70,350.0,350.0,350,,,,100.0,100.0,100,28.0,28.0,27.996,,,,50.0,70.0,51.98,40.0,40.0,40,8000.0,8000.0,8000,3.0,3.0,3,2.0,2.0,2,2.0,2.0,2,2.0,2.0,2,3.0,3.0,3,12.0,12.0,12,0.0,0.0,0.5,0.0,1.0,0.112,0.0,1.0,0.253,0.0,0.0,0.035,400.0,400.0,400,50.0,50.0,50,0.0,1500.0,93,0.0,0.0,0.069,0.0,0.0,0.024,0.0,0.0,0.023,0.0,0.0,0.015,,,,0.0,2.0,0.2,0.0,30.0,3.116
64,2.0,2.0,2,0.0,2.0,0.592,0.0,1.0,0.079,1.0,3.0,1.121,0.0,2.0,0.411,1.0,2.0,0.815,0.0,1.0,0.279,2.0,3.0,1.631,1.0,3.0,1.072,6.0,16.0,7.84,9600.0,12000.0,9504.8,0.0,0.0,0,1.0,1.0,0.801,28.0,28.0,27.564,870.0,920.0,891.67,550.0,1050.0,597.75,3010.0,4110.0,2992.25,9.0,19.0,9.795,40.0,40.0,40,9200.0,9200.0,9200,3000.0,3000.0,3000,0.0,8500.0,841.5,12000.0,12000.0,11058,1.0,1.0,0.613,,,,100.0,200.0,69,100.0,100.0,100,,,,100.0,100.0,100,28.0,28.0,27.996,,,,0.0,50.0,7.3,40.0,40.0,40,8000.0,8000.0,8000,3.0,3.0,3,2.0,2.0,2,2.0,2.0,2,2.0,2.0,2,3.0,3.0,3,12.0,12.0,12,0.0,0.0,0.15,0.0,1.0,0.082,0.0,1.0,0.253,0.0,1.0,0.052,,,,,,,0.0,1500.0,135,0.0,0.0,0.081,0.0,0.0,0.033,0.0,0.0,0.027,0.0,0.0,0.03,,,,0.0,3.0,0.406,0.0,50.0,7.073
65,2.0,2.0,2,0.0,2.0,0.593,0.0,1.0,0.104,1.0,3.0,1.093,0.0,2.0,0.416,1.0,2.0,0.801,0.0,1.0,0.238,2.0,3.0,1.617,1.0,3.0,1.138,6.0,15.0,7.595,9600.0,12000.0,9401.6,20.0,20.0,20,1.0,1.0,0.801,28.0,28.0,27.695,890.0,940.0,912.17,750.0,1250.0,668.5,2960.0,4062.4999999999977,2957.65,9.0,19.0,9.532,80.0,80.0,80,9200.0,9200.0,9200,3000.0,3000.0,3000,0.0,12750.0,1678.75,12000.0,12000.0,10245,1.0,1.0,0.614,,,,0.0,200.0,65.4,0.0,0.0,0,,,,100.0,100.0,100,28.0,28.0,27.996,,,,0.0,20.0,4.56,40.0,40.0,40,8000.0,8000.0,8000,3.0,3.0,3,2.0,2.0,2,2.0,2.0,2,2.0,2.0,2,3.0,3.0,3,12.0,12.0,12,0.0,0.0,0.5,0.0,1.0,0.102,0.0,1.0,0.237,0.0,0.0,0.047,,,,,,,0.0,1500.0,205.5,0.0,0.0,0.135,0.0,0.0,0.043,0.0,0.0,0.045,0.0,0.0,0.049,,,,0.0,2.0,0.264,0.0,30.0,4.162
66,2.0,2.0,2,0.0,2.0,0.577,0.0,1.0,0.109,1.0,3.0,1.117,0.0,2.0,0.445,1.0,2.0,0.818,0.0,1.0,0.265,1.0,3.0,1.538,1.0,3.0,1.131,6.0,16.0,7.45,9600.0,12000.0,9612,0.0,0.0,0,1.0,1.0,0.801,28.0,28.0,27.703,890.0,940.0,912.6,950.0,1450.0,844,3060.0,4160.0,3073.65,9.0,19.0,9.474,120.0,120.0,120,9200.0,9200.0,9200,3000.0,3000.0,3000,0.0,8500.0,1190,12000.0,12000.0,10695,1.0,1.0,0.643,,,,100.0,200.0,71,150.0,150.0,150,,,,100.0,100.0,100,28.0,28.0,28,,,,0.0,50.0,4.65,40.0,40.0,40,8000.0,8000.0,8000,3.0,3.0,3,2.0,2.0,2,2.0,2.0,2,2.0,2.0,2,3.0,3.0,3,12.0,12.0,12,0.0,0.0,0.43,0.0,1.0,0.096,0.0,1.0,0.217,0.0,0.0,0.044,,,,,,,0.0,1500.0,139.5,0.0,0.0,0.108,0.0,0.0,0.027,0.0,0.0,0.036,0.0,0.0,0.03,0.0,0.0,5,0.0,2.0,0.272,0.0,40.0,4.484
67,2.0,2.0,2,0.0,2.0,0.607,0.0,1.0,0.102,1.0,3.0,1.095,0.0,2.0,0.44,1.0,2.0,0.832,0.0,1.0,0.291,1.0,3.0,1.536,1.0,3.0,1.097,6.0,15.0,7.453,9600.0,12000.0,9515.2,30.0,30.0,30,1.0,1.0,0.801,28.0,28.0,27.716,920.0,970.0,942.9,1150.0,1400.0,872.5,3060.0,4160.0,3046.75,9.0,19.0,9.6,160.0,160.0,160,9200.0,9200.0,9200,3000.0,3000.0,3000,0.0,8500.0,1164.5,12000.0,12000.0,10797,1.0,1.0,0.6,,,,100.0,200.0,73.1,0.0,0.0,0,,,,100.0,100.0,100,28.0,28.0,28,,,,0.0,20.0,3.95,40.0,40.0,40,8000.0,8000.0,8000,3.0,3.0,3,2.0,2.0,2,2.0,2.0,2,2.0,2.0,2,3.0,3.0,3,12.0,12.0,12,0.0,0.0,0.3,0.0,1.0,0.102,0.0,1.0,0.25,0.0,0.0,0.048,,,,,,,0.0,1500.0,210,0.0,3.0,0.159,0.0,0.0,0.044,0.0,1.0,0.053,0.0,0.0,0.043,,,,0.0,2.0,0.261,0.0,30.0,3.917
68,2.0,2.0,2,0.0,2.0,0.656,0.0,1.0,0.095,1.0,3.0,1.049,0.0,2.0,0.411,1.0,2.0,0.775,0.0,1.0,0.276,2.0,4.0,1.643,1.0,3.0,1.095,6.0,15.0,7.647,9600.0,12000.0,9831.2,0.0,0.0,0,1.0,1.0,0.801,28.0,28.0,27.688,920.0,970.0,943.25,850.0,1350.0,906.25,3210.0,4360.0,3215.45,9.0,19.0,9.907,160.0,160.0,160,9200.0,9200.0,9200,3000.0,3000.0,3000,0.0,8500.0,1151.75,12000.0,12000.0,10893,1.0,1.0,0.59,,,,100.0,200.0,68.7,200.0,200.0,200,,,,100.0,100.0,100,28.0,28.0,28,,,,0.0,20.0,4.46,,,,8000.0,8000.0,8000,3.0,3.0,3,2.0,2.0,2,2.0,2.0,2,2.0,2.0,2,3.0,3.0,3,12.0,12.0,12,0.0,0.0,0.35,0.0,1.0,0.085,0.0,1.0,0.28,0.0,0.0,0.045,,,,,,,0.0,1500.0,121.5,0.0,0.0,0.084,0.0,0.0,0.031,0.0,0.0,0.028,0.0,0.0,0.022,,,,0.0,2.0,0.299,0.0,40.0,4.683
69,2.0,2.0,2,0.0,2.0,0.565,0.0,1.0,0.109,1.0,3.0,1.104,0.0,2.0,0.45,1.0,2.0,0.779,0.0,1.0,0.259,2.0,4.0,1.602,1.0,3.0,1.132,6.0,17.0,7.778,9600.0,12000.0,9741.6,40.0,40.0,40,1.0,1.0,0.801,28.0,28.0,27.659,960.0,1010.0,983.8,550.0,1300.0,572.75,3160.0,4260.0,3186.35,9.0,19.0,10.217,160.0,160.0,160,9200.0,9200.0,9200,3000.0,3000.0,3000,0.0,8500.0,1207,12000.0,12000.0,10710,1.0,1.0,0.607,,,,100.0,200.0,70.9,0.0,0.0,0,,,,100.0,100.0,100,28.0,28.0,28,,,,0.0,20.0,5.43,,,,8000.0,8000.0,8000,3.0,3.0,3,2.0,2.0,2,2.0,2.0,2,2.0,2.0,2,3.0,3.0,3,12.0,12.0,12,0.0,0.0,0.55,0.0,1.0,0.109,0.0,1.0,0.238,0.0,0.0,0.046,,,,,,,0.0,1500.0,616.5,0.0,3.0,0.393,0.0,1.0,0.132,0.0,1.0,0.131,0.0,1.0,0.148,,,,0.0,2.0,0.313,0.0,40.0,5.347
70,2.0,2.0,2,0.0,2.0,0.639,0.0,1.0,0.1,1.0,3.0,1.054,0.0,2.0,0.416,1.0,2.0,0.831,0.0,1.0,0.273,2.0,4.0,1.612,1.0,3.0,1.075,11.0,20.0,12.507,9600.0,12000.0,9747.2,0.0,0.0,0,1.0,1.0,0.801,28.0,28.0,27.673,960.0,1010.0,984.1,750.0,1250.0,696.5,3510.0,4610.0,3505.25,9.0,26.0,11.685,160.0,160.0,160,9200.0,9200.0,9200,3000.0,3000.0,3000,0.0,8500.0,1202.75,12000.0,12000.0,10611,1.0,1.0,0.591,,,,100.0,200.0,68.9,350.0,350.0,350,,,,100.0,100.0,100,28.0,28.0,28,,,,50.0,70.0,53.16,,,,8000.0,8000.0,8000,3.0,3.0,3,2.0,2.0,2,2.0,2.0,2,2.0,2.0,2,3.0,3.0,3,12.0,12.0,12,0.0,0.0,0.3,0.0,1.0,0.11,0.0,1.0,0.254,0.0,0.0,0.045,,,,50.0,50.0,50,0.0,1500.0,262.5,0.0,3.0,0.183,0.0,1.0,0.058,0.0,1.0,0.061,0.0,1.0,0.056,,,,0.0,2.0,0.269,0.0,30.0,4.445
71,2.0,2.0,2,0.0,2.0,0.646,0.0,1.0,0.113,1.0,3.0,1.097,0.0,2.0,0.458,1.0,2.0,0.769,0.0,1.0,0.254,2.0,3.0,1.568,1.0,3.0,1.095,6.0,17.0,8.021,9600.0,12000.0,10021.6,0.0,0.0,0,1.0,1.0,0.801,28.0,28.0,27.582,960.0,1010.0,984.65,950.0,1450.0,940.25,3610.0,4710.0,3576.45,9.0,19.0,10.492,160.0,160.0,160,9200.0,9200.0,9200,3000.0,3000.0,3000,0.0,8500.0,1177.25,12000.0,12000.0,10674,1.0,1.0,0.601,,,,100.0,200.0,71.2,100.0,100.0,100,,,,100.0,100.0,100,28.0,28.0,28,,,,0.0,50.0,7.35,,,,8000.0,8000.0,8000,3.0,3.0,3,2.0,2.0,2,2.0,2.0,2,2.0,2.0,2,3.0,3.0,3,12.0,12.0,12,0.0,0.0,0.55,0.0,1.0,0.093,0.0,1.0,0.261,0.0,0.0,0.045,,,,,,,0.0,1500.0,105,0.0,0.0,0.063,0.0,0.0,0.021,0.0,0.0,0.021,0.0,0.0,0.028,,,,0.0,3.0,0.368,0.0,50.0,6.094
72,2.0,2.0,2,0.0,2.0,0.594,0.0,1.0,0.119,1.0,3.0,1.081,0.0,2.0,0.428,1.0,2.0,0.816,0.0,1.0,0.232,2.0,4.0,1.625,1.0,3.0,1.105,6.0,16.0,7.718,9600.0,12000.0,9874.4,20.0,20.0,20,1.0,1.0,0.801,28.0,28.0,27.783,980.0,1030.0,1004.95,650.0,1400.0,765.5,3535.0,4662.499999999998,3542.45,9.0,19.0,9.962,160.0,160.0,160,9200.0,9200.0,9200,3000.0,3000.0,3000,0.0,8500.0,1432.25,12000.0,12000.0,10440,1.0,1.0,0.574,,,,0.0,200.0,66,0.0,0.0,0,,,,100.0,100.0,100,28.0,28.0,28,,,,0.0,20.0,3.21,,,,8000.0,8000.0,8000,3.0,3.0,3,2.0,2.0,2,2.0,2.0,2,2.0,2.0,2,3.0,3.0,3,12.0,12.0,12,0.0,0.0,0.3,0.0,1.0,0.102,0.0,1.0,0.278,0.0,0.0,0.046,,,,,,,0.0,1500.0,502.5,0.0,3.0,0.33,0.0,1.0,0.112,0.0,1.0,0.11,0.0,1.0,0.113,,,,0.0,1.0,0.136,0.0,20.0,2.35
73,2.0,2.0,2,0.0,2.0,0.593,0.0,1.0,0.088,1.0,3.0,1.11,0.0,2.0,0.444,1.0,2.0,0.848,0.0,1.0,0.266,1.0,3.0,1.578,1.0,3.0,1.073,6.0,14.0,7.206,9600.0,12000.0,9872.8,0.0,0.0,0,1.0,1.0,0.801,28.0,28.0,27.877,1030.0,1030.0,1005.4,350.0,1350.0,514.25,3660.0,4812.499999999997,3663.45,9.0,19.0,10.22,160.0,160.0,160,9200.0,9200.0,9200,3000.0,3000.0,3000,0.0,8500.0,896.75,12000.0,12000.0,11097,1.0,1.0,0.577,,,,100.0,200.0,71,150.0,150.0,150,,,,100.0,100.0,100,28.0,28.0,28,,,,0.0,20.0,2.24,,,,8000.0,8000.0,8000,3.0,3.0,3,2.0,2.0,2,2.0,2.0,2,2.0,2.0,2,3.0,3.0,3,12.0,12.0,12,0.0,0.0,0.45,0.0,1.0,0.101,0.0,1.0,0.279,0.0,0.0,0.043,,,,,,,0.0,1500.0,457.5,0.0,3.0,0.333,0.0,1.0,0.106,0.0,1.0,0.111,0.0,1.0,0.088,,,,0.0,1.0,0.117,0.0,20.0,2.165
74,2.0,2.0,2,0.0,2.0,0.611,0.0,1.0,0.097,1.0,3.0,1.063,0.0,2.0,0.423,1.0,2.0,0.804,0.0,1.0,0.276,2.0,4.0,1.64,1.0,3.0,1.086,5.0,14.0,7.016,9600.0,12000.0,9956.8,30.0,30.0,30,1.0,1.0,0.801,28.0,28.0,27.923,1060.0,1060.0,1035.45,550.0,1062.4999999999886,503.25,3660.0,4760.0,3633.35,9.0,19.0,10.172,160.0,160.0,160,9200.0,9200.0,9200,3000.0,3000.0,3000,0.0,4250.0,493,12000.0,12000.0,11484,1.0,1.0,0.595,,,,100.0,200.0,69.9,0.0,0.0,0,,,,100.0,100.0,100,28.0,28.0,28,,,,0.0,0.0,1.41,,,,8000.0,8000.0,8000,3.0,3.0,3,2.0,2.0,2,2.0,2.0,2,2.0,2.0,2,3.0,3.0,3,12.0,12.0,12,0.0,0.0,0.05,0.0,1.0,0.095,0.0,1.0,0.259,0.0,1.0,0.051,,,,,,,0.0,1500.0,234,0.0,3.0,0.162,0.0,1.0,0.055,0.0,1.0,0.054,0.0,0.0,0.047,,,,0.0,0.0,0.07,0.0,0.0,1.2
75,2.0,2.0,2,0.0,2.0,0.591,0.0,1.0,0.107,1.0,3.0,1.078,0.0,2.0,0.424,1.0,2.0,0.83,0.0,1.0,0.261,2.0,3.0,1.61,1.0,3.0,1.099,5.0,14.0,7.015,9600.0,12000.0,9939.2,0.0,0.0,0,1.0,1.0,0.801,28.0,28.0,27.936,1060.0,1060.0,1035.6,750.0,1000.0,622.5,3810.0,4960.0,3801.85,9.0,19.0,10.003,160.0,160.0,160,9200.0,9200.0,9200,3000.0,3000.0,3000,0.0,0.0,310.25,12000.0,12000.0,11685,1.0,1.0,0.609,,,,100.0,200.0,68.5,200.0,200.0,200,,,,100.0,100.0,100,28.0,28.0,28,,,,0.0,0.0,1.21,,,,8000.0,8000.0,8000,3.0,3.0,3,2.0,2.0,2,2.0,2.0,2,2.0,2.0,2,3.0,3.0,3,12.0,12.0,12,0.0,0.0,0.15,0.0,1.0,0.111,0.0,1.0,0.246,0.0,0.0,0.034,,,,,,,0.0,1500.0,85.5,0.0,0.0,0.051,0.0,0.0,0.023,0.0,0.0,0.017,0.0,0.0,0.017,,,,0.0,0.0,0.06,0.0,0.0,0.99
76,2.0,2.0,2,0.0,2.0,0.618,0.0,1.0,0.109,1.0,3.0,1.087,0.0,2.0,0.435,1.0,2.0,0.778,0.0,1.0,0.3,2.0,3.0,1.6,1.0,3.0,1.073,5.0,14.0,6.844,9600.0,12000.0,10046.4,40.0,40.0,40,1.0,1.0,0.801,28.0,28.0,27.97,1100.0,1100.0,1075.7,950.0,1200.0,819.75,3760.0,4864.999999999995,3775.35,9.0,19.0,9.919,160.0,160.0,160,9200.0,9200.0,9200,3000.0,3000.0,3000,0.0,0.0,233.75,12000.0,12000.0,11751,1.0,1.0,0.608,,,,100.0,200.0,73.5,0.0,0.0,0,,,,100.0,100.0,100,28.0,28.0,28,,,,0.0,0.0,0.48,,,,8000.0,8000.0,8000,3.0,3.0,3,2.0,2.0,2,2.0,2.0,2,2.0,2.0,2,3.0,3.0,3,12.0,12.0,12,0.0,0.0,0.1,0.0,1.0,0.101,0.0,1.0,0.247,0.0,0.0,0.044,,,,,,,0.0,0.0,18,0.0,0.0,0.021,0.0,0.0,0.001,0.0,0.0,0.007,0.0,0.0,0.004,,,,0.0,0.0,0.021,0.0,0.0,0.375
77,2.0,2.0,2,0.0,2.0,0.593,0.0,1.0,0.111,1.0,3.0,1.059,0.0,2.0,0.426,1.0,2.0,0.805,0.0,1.0,0.258,2.0,4.0,1.702,1.0,3.0,1.046,10.0,19.0,11.966,9600.0,12000.0,9961.6,0.0,0.0,0,1.0,1.0,0.801,28.0,28.0,27.99,1100.0,1100.0,1075.7,1150.0,1400.0,1017.75,4110.0,5210.0,4093.75,9.0,19.0,9.923,160.0,160.0,160,9200.0,9200.0,9200,3000.0,3000.0,3000,0.0,0.0,119,12000.0,12000.0,11856,1.0,1.0,0.577,,,,100.0,200.0,68.4,350.0,350.0,350,,,,100.0,100.0,100,28.0,28.0,28,,,,50.0,50.0,50.14,,,,8000.0,8000.0,8000,3.0,3.0,3,2.0,2.0,2,2.0,2.0,2,2.0,2.0,2,3.0,3.0,3,12.0,12.0,12,,,,0.0,1.0,0.108,0.0,1.0,0.264,0.0,1.0,0.051,,,,50.0,50.0,50,0.0,0.0,27,0.0,0.0,0.024,0.0,0.0,0.004,0.0,0.0,0.008,0.0,0.0,0.006,,,,0.0,0.0,0.008,0.0,0.0,0.12
78,2.0,2.0,2,0.0,2.0,0.598,0.0,1.0,0.119,1.0,3.0,1.086,0.0,2.0,0.438,1.0,2.0,0.849,0.0,1.0,0.259,2.0,4.0,1.62,1.0,3.0,1.031,5.0,14.0,6.967,9600.0,12000.0,9942.4,0.0,0.0,0,1.0,1.0,0.801,28.0,28.0,27.992,1100.0,1100.0,1075.7,1100.0,1350.0,992.25,4160.0,5310.0,4163.45,9.0,19.0,9.993,160.0,160.0,160,9200.0,9200.0,9200,3000.0,3000.0,3000,0.0,0.0,42.5,12000.0,12000.0,11946,1.0,1.0,0.598,,,,100.0,200.0,69.7,100.0,100.0,100,,,,100.0,100.0,100,28.0,28.0,28,,,,0.0,0.0,0.21,,,,8000.0,8000.0,8000,3.0,3.0,3,2.0,2.0,2,2.0,2.0,2,2.0,2.0,2,3.0,3.0,3,12.0,12.0,12,,,,0.0,1.0,0.09,0.0,1.0,0.253,0.0,1.0,0.059,,,,,,,0.0,1500.0,237,0.0,3.0,0.153,0.0,0.0,0.049,0.0,1.0,0.051,0.0,1.0,0.058,,,,0.0,0.0,0.008,0.0,0.0,0.127
79,2.0,2.0,2,0.0,2.0,0.603,0.0,1.0,0.109,1.0,3.0,1.074,0.0,2.0,0.418,1.0,2.0,0.83,0.0,1.0,0.267,2.0,4.0,1.645,1.0,3.0,1.054,5.0,14.0,6.894,9600.0,12000.0,9965.6,20.0,20.0,20,1.0,1.0,0.801,28.0,28.0,28,1120.0,1120.0,1095.7,300.0,1300.0,627.25,4110.0,5262.499999999998,4131.95,9.0,19.0,9.983,160.0,160.0,160,9200.0,9200.0,9200,3000.0,3000.0,3000,0.0,0.0,34,12000.0,12000.0,11967,1.0,1.0,0.606,,,,100.0,200.0,68.5,0.0,0.0,0,,,,100.0,100.0,100,28.0,28.0,28,,,,0.0,0.0,0.4,,,,8000.0,8000.0,8000,3.0,3.0,3,2.0,2.0,2,2.0,2.0,2,2.0,2.0,2,3.0,3.0,3,12.0,12.0,12,,,,0.0,1.0,0.106,0.0,1.0,0.242,0.0,0.0,0.046,,,,,,,0.0,1500.0,564,0.0,3.0,0.39,0.0,1.0,0.117,0.0,1.0,0.13,0.0,1.0,0.129,,,,,,,,,
80,2.0,2.0,2,0.0,2.0,0.605,0.0,1.0,0.104,1.0,3.0,1.085,0.0,2.0,0.453,1.0,2.0,0.809,0.0,1.0,0.254,2.0,3.0,1.598,1.0,3.0,1.092,6.0,13.0,6.905,9600.0,12000.0,9959.2,0.0,0.0,0,1.0,1.0,0.801,28.0,28.0,27.999,1120.0,1120.0,1095.7,250.0,1250.0,356.25,4260.0,5360.0,4252.65,9.0,19.0,10.085,160.0,160.0,160,9200.0,9200.0,9200,3000.0,3000.0,3000,,,,12000.0,12000.0,12000,1.0,1.0,0.61,,,,100.0,200.0,70.7,150.0,150.0,150,,,,100.0,100.0,100,28.0,28.0,28,,,,0.0,0.0,0.22,,,,8000.0,8000.0,8000,3.0,3.0,3,2.0,2.0,2,2.0,2.0,2,2.0,2.0,2,3.0,3.0,3,12.0,12.0,12,,,,0.0,1.0,0.084,0.0,1.0,0.266,0.0,0.0,0.04,,,,,,,0.0,1500.0,471,0.0,3.0,0.312,0.0,1.0,0.105,0.0,1.0,0.104,0.0,1.0,0.105,,,,0.0,0.0,0.001,0.0,0.0,0.01
81,2.0,2.0,2,0.0,2.0,0.61,0.0,1.0,0.108,1.0,3.0,1.128,0.0,2.0,0.389,1.0,2.0,0.787,0.0,1.0,0.277,2.0,3.0499999999999545,1.639,1.0,3.0,1.062,5.0,13.0,6.793,9600.0,12000.0,9879.2,30.0,30.0,30,1.0,1.0,0.801,28.0,28.0,28,1150.0,1150.0,1125.7,450.0,1450.0,556.5,4260.0,5360.0,4219.25,9.0,19.0,10.085,160.0,160.0,160,9200.0,9200.0,9200,3000.0,3000.0,3000,0.0,0.0,4.25,12000.0,12000.0,11994,1.0,1.0,0.599,,,,100.0,200.0,66.6,0.0,0.0,0,,,,100.0,100.0,100,28.0,28.0,28,,,,,,,,,,8000.0,8000.0,8000,3.0,3.0,3,2.0,2.0,2,2.0,2.0,2,2.0,2.0,2,3.0,3.0,3,12.0,12.0,12,,,,0.0,1.0,0.106,0.0,1.0,0.241,0.0,1.0,0.054,,,,,,,0.0,0.0,1.5,,,,0.0,0.0,0.001,,,,,,,,,,,,,,,
82,2.0,2.0,2,0.0,2.0,0.6,0.0,1.0,0.108,1.0,3.0,1.058,0.0,2.0,0.436,1.0,2.0,0.836,0.0,1.0,0.278,2.0,4.0,1.664,1.0,3.0,1.02,5.0,13.0,6.84,9600.0,12000.0,9952.8,0.0,0.0,0,1.0,1.0,0.801,28.0,28.0,27.998,1150.0,1150.0,1125.7,650.0,900.0,572,4410.0,5560.0,4390.65,9.0,19.0,10.089,160.0,160.0,160,9200.0,9200.0,9200,3000.0,3000.0,3000,,,,12000.0,12000.0,12000,1.0,1.0,0.599,,,,100.0,200.0,71.4,200.0,200.0,200,,,,100.0,100.0,100,28.0,28.0,28,,,,0.0,0.0,0.14,,,,8000.0,8000.0,8000,3.0,3.0,3,2.0,2.0,2,2.0,2.0,2,2.0,2.0,2,3.0,3.0,3,12.0,12.0,12,,,,0.0,1.0,0.103,0.0,1.0,0.251,0.0,0.0,0.047,,,,,,,0.0,1500.0,184.5,0.0,0.0,0.114,0.0,0.0,0.049,0.0,0.0,0.038,0.0,0.0,0.036,,,,0.0,0.0,0.002,0.0,0.0,0.03
83,2.0,2.0,2,0.0,2.0,0.593,0.0,1.0,0.107,1.0,3.0,1.097,0.0,2.0,0.418,1.0,2.0,0.796,0.0,1.0,0.246,2.0,4.0,1.619,1.0,3.0,1.124,5.0,14.0,6.859,9600.0,12000.0,9895.2,40.0,40.0,40,1.0,1.0,0.801,28.0,28.0,27.997,1190.0,1190.0,1165.7,850.0,1100.0,726,4360.0,5560.0,4357.05,9.0,19.0,10.103,160.0,160.0,160,9200.0,9200.0,9200,3000.0,3000.0,3000,0.0,0.0,8.5,12000.0,12000.0,11994,1.0,1.0,0.612,,,,0.0,200.0,66.4,0.0,0.0,0,,,,100.0,100.0,100,28.0,28.0,28,,,,0.0,0.0,0.04,,,,8000.0,8000.0,8000,3.0,3.0,3,2.0,2.0,2,2.0,2.0,2,2.0,2.0,2,3.0,3.0,3,12.0,12.0,12,,,,0.0,1.0,0.095,0.0,1.0,0.25,0.0,0.0,0.043,,,,,,,0.0,0.0,43.5,0.0,0.0,0.024,0.0,0.0,0.013,0.0,0.0,0.008,0.0,0.0,0.008,,,,0.0,0.0,0.003,0.0,0.0,0.03
84,2.0,2.0,2,0.0,2.0,0.601,0.0,1.0,0.116,1.0,3.0,1.07,0.0,2.0,0.423,1.0,2.0,0.818,0.0,1.0,0.255,1.0,3.0,1.622,1.0,3.0,1.095,10.0,19.0,11.854,9600.0,12000.0,9903.2,0.0,0.0,0,1.0,1.0,0.801,28.0,28.0,27.999,1190.0,1190.0,1165.7,1050.0,1300.0,923.5,4660.0,5910.0,4674.85,9.0,19.0,10.086,160.0,160.0,160,9200.0,9200.0,9200,3000.0,3000.0,3000,0.0,0.0,8.5,12000.0,12000.0,11991,1.0,1.0,0.607,,,,100.0,200.0,67.8,350.0,350.0,350,,,,100.0,100.0,100,28.0,28.0,28,,,,50.0,50.0,50.02,,,,8000.0,8000.0,8000,3.0,3.0,3,2.0,2.0,2,2.0,2.0,2,2.0,2.0,2,3.0,3.0,3,12.0,12.0,12,,,,0.0,1.0,0.101,0.0,1.0,0.24,0.0,1.0,0.052,,,,50.0,50.0,50,0.0,0.0,3,0.0,0.0,0.003,0.0,0.0,0.001,0.0,0.0,0.001,,,,,,,,,,,,
85,2.0,2.0,2,0.0,2.0,0.601,0.0,1.0,0.115,1.0,3.0,1.07,0.0,2.0,0.452,1.0,2.0,0.827,0.0,1.0,0.266,1.0,3.0,1.576,1.0,3.0,1.093,5.0,13.0,6.916,9600.0,12000.0,9894.4,0.0,0.0,0,1.0,1.0,0.801,28.0,28.0,27.998,1190.0,1190.0,1165.7,1000.0,1250.0,895.75,4760.0,5910.0,4746.65,9.0,19.0,10.116,160.0,160.0,160,9200.0,9200.0,9200,3000.0,3000.0,3000,0.0,0.0,4.25,12000.0,12000.0,11994,1.0,1.0,0.597,,,,100.0,200.0,71.8,100.0,100.0,100,,,,100.0,100.0,100,28.0,28.0,28,,,,0.0,0.0,0.14,,,,8000.0,8000.0,8000,3.0,3.0,3,2.0,2.0,2,2.0,2.0,2,2.0,2.0,2,3.0,3.0,3,12.0,12.0,12,,,,0.0,1.0,0.098,0.0,1.0,0.256,0.0,0.0,0.049,,,,,,,0.0,1500.0,229.5,0.0,0.14999999999986358,0.15,0.0,0.0,0.046,0.0,0.049999999999954525,0.05,0.0,1.0,0.057,,,,0.0,0.0,0.002,0.0,0.0,0.02
86,2.0,2.0,2,0.0,2.0,0.616,0.0,1.0,0.111,1.0,3.0,1.079,0.0,2.0,0.427,1.0,2.0,0.787,0.0,1.0,0.289,2.0,3.0,1.598,1.0,3.0,1.093,5.0,13.0,6.806,9600.0,12000.0,9896.8,20.0,20.0,20,1.0,1.0,0.801,28.0,28.0,28,1210.0,1210.0,1185.7,1200.0,1450.0,1096.25,4710.0,5910.0,4718.25,9.0,19.0,10.116,160.0,160.0,160,9200.0,9200.0,9200,3000.0,3000.0,3000,0.0,0.0,8.5,12000.0,12000.0,11991,1.0,1.0,0.601,,,,100.0,200.0,71.6,0.0,0.0,0,,,,100.0,100.0,100,28.0,28.0,28,,,,,,,,,,8000.0,8000.0,8000,3.0,3.0,3,2.0,2.0,2,2.0,2.0,2,2.0,2.0,2,3.0,3.0,3,12.0,12.0,12,,,,0.0,1.0,0.097,0.0,1.0,0.25,0.0,1.0,0.052,,,,,,,,,,,,,,,,,,,,,,,,,,,,,,
87,2.0,2.0,2,0.0,2.0,0.605,0.0,1.0,0.108,1.0,3.0,1.055,0.0,2.0,0.475,1.0,2.0,0.815,0.0,1.0,0.269,1.0,3.0,1.579,1.0,3.0,1.094,5.0,14.0,6.835,9600.0,12000.0,9899.2,0.0,0.0,0,1.0,1.0,0.801,28.0,28.0,28,1210.0,1210.0,1185.7,400.0,1400.0,727.75,4860.0,6060.0,4842.65,9.0,19.0,10.23,160.0,160.0,160,9200.0,9200.0,9200,3000.0,3000.0,3000,,,,12000.0,12000.0,12000,1.0,1.0,0.603,,,,100.0,200.0,74.4,150.0,150.0,150,,,,100.0,100.0,100,28.0,28.0,28,,,,0.0,0.0,0.24,,,,8000.0,8000.0,8000,3.0,3.0,3,2.0,2.0,2,2.0,2.0,2,2.0,2.0,2,3.0,3.0,3,12.0,12.0,12,,,,0.0,1.0,0.1,0.0,1.0,0.252,0.0,0.0,0.045,,,,,,,0.0,1500.0,568.5,0.0,3.0,0.354,0.0,1.0,0.131,0.0,1.0,0.118,0.0,1.0,0.13,,,,,,,,,
88,2.0,2.0,2,0.0,2.0,0.597,0.0,1.0,0.089,1.0,3.0,1.114,0.0,2.0,0.431,1.0,2.0,0.791,0.0,1.0,0.285,2.0,4.0,1.644,1.0,3.0,1.049,5.0,13.0,6.639,9600.0,12000.0,9756.8,30.0,30.0,30,1.0,1.0,0.801,28.0,28.0,27.999,1240.0,1240.0,1215.7,350.0,1350.0,455.25,4860.0,5962.499999999998,4814.25,9.5,19.0,10.33,160.0,160.0,160,9200.0,9200.0,9200,3000.0,3000.0,3000,,,,12000.0,12000.0,12000,1.0,1.0,0.61,,,,100.0,200.0,71.6,0.0,0.0,0,,,,100.0,100.0,100,28.0,28.0,28,,,,0.0,0.0,0.2,,,,8000.0,8000.0,8000,3.0,3.0,3,2.0,2.0,2,2.0,2.0,2,2.0,2.0,2,3.0,3.0,3,12.0,12.0,12,,,,0.0,1.0,0.106,0.0,1.0,0.238,0.0,0.0,0.046,,,,,,,0.0,1500.0,472.5,0.0,3.0,0.27,0.0,1.0,0.127,0.0,1.0,0.09,0.0,1.0,0.098,,,,0.0,0.0,0.001,0.0,0.0,0.03
89,2.0,2.0,2,0.0,2.0,0.601,0.0,1.0,0.118,1.0,3.0,1.069,0.0,2.0,0.456,1.0,2.0,0.809,0.0,1.0,0.305,2.0,4.0,1.61,1.0,3.0,1.032,5.0,14.0,6.827,9600.0,12000.0,9816,0.0,0.0,0,1.0,1.0,0.801,28.0,28.0,27.998,1240.0,1240.0,1215.7,550.0,800.0,469.5,4960.0,6210.0,4990.35,11.0,19.0,10.422,160.0,160.0,160,9200.0,9200.0,9200,3000.0,3000.0,3000,0.0,0.0,4.25,12000.0,12000.0,11994,1.0,1.0,0.609,,,,100.0,200.0,76.1,200.0,200.0,200,,,,100.0,100.0,100,28.0,28.0,28,,,,0.0,0.0,0.08,,,,8000.0,8000.0,8000,3.0,3.0,3,2.0,2.0,2,2.0,2.0,2,2.0,2.0,2,3.0,3.0,3,12.0,12.0,12,,,,0.0,1.0,0.099,0.0,1.0,0.245,0.0,0.0,0.047,,,,,,,0.0,1500.0,187.5,0.0,0.0,0.132,0.0,0.0,0.037,0.0,0.0,0.044,0.0,0.0,0.044,,,,0.0,0.0,0.002,0.0,0.0,0.04
90,2.0,2.0,2,0.0,2.0,0.554,0.0,1.0,0.088,1.0,3.0,1.054,0.0,2.0,0.437,1.0,2.0,0.83,0.0,1.0,0.258,2.0,4.0,1.66,1.0,3.0,1.119,5.0,13.0,6.81,9600.0,12000.0,9948,40.0,40.0,40,1.0,1.0,0.801,28.0,28.0,27.999,1280.0,1280.0,1255.7,750.0,1000.0,628,4960.0,6160.0,4959.85,11.0,19.0,10.456,160.0,160.0,160,9200.0,9200.0,9200,3000.0,3000.0,3000,0.0,0.0,8.5,12000.0,12000.0,11991,1.0,1.0,0.6,,,,100.0,200.0,69.5,0.0,0.0,0,,,,100.0,100.0,100,28.0,28.0,28,,,,0.0,0.0,0.02,,,,8000.0,8000.0,8000,3.0,3.0,3,2.0,2.0,2,2.0,2.0,2,2.0,2.0,2,3.0,3.0,3,12.0,12.0,12,,,,0.0,1.0,0.091,0.0,1.0,0.27,0.0,0.0,0.039,,,,,,,0.0,0.0,42,0.0,0.0,0.024,0.0,0.0,0.011,0.0,0.0,0.008,0.0,0.0,0.009,,,,0.0,0.0,0.001,0.0,0.0,0.03
