day,ad_views_p50,ad_views_p95,ad_views_mean,board_consolation_p50,board_consolation_p95,board_consolation_mean,board_reward_cat_can_pack_x3_p50,board_reward_cat_can_pack_x3_p95,board_reward_cat_can_pack_x3_mean,board_reward_cat_can_x1_p50,board_reward_cat_can_x1_p95,board_reward_cat_can_x1_mean,board_reward_cat_tree_x1_p50,board_reward_cat_tree_x1_p95,board_reward_cat_tree_x1_mean,board_reward_cat_wand_x1_p50,board_reward_cat_wand_x1_p95,board_reward_cat_wand_x1_mean,board_reward_cherry_tree_x1_p50,board_reward_cherry_tree_x1_p95,board_reward_cherry_tree_x1_mean,board_reward_fish_treat_x1_p50,board_reward_fish_treat_x1_p95,board_reward_fish_treat_x1_mean,board_reward_yarn_ball_x1_p50,board_reward_yarn_ball_x1_p95,board_reward_yarn_ball_x1_mean,cat_affection_gain_p50,cat_affection_gain_p95,cat_affection_gain_mean,cat_xp_gain_p50,cat_xp_gain_p95,cat_xp_gain_mean,checkin_missed_p50,checkin_missed_p95,checkin_missed_mean,diamonds_in_checkin_p50,diamonds_in_checkin_p95,diamonds_in_checkin_mean,end_board_tickets_p50,end_board_tickets_p95,end_board_tickets_mean,end_cat_count_p50,end_cat_count_p95,end_cat_count_mean,end_diamonds_p50,end_diamonds_p95,end_diamonds_mean,end_energy_pool_p50,end_energy_pool_p95,end_energy_pool_mean,end_gold_p50,end_gold_p95,end_gold_mean,end_love_petals_p50,end_love_petals_p95,end_love_petals_mean,end_spring_petals_p50,end_spring_petals_p95,end_spring_petals_mean,energy_from_steps_p50,energy_from_steps_p95,energy_from_steps_mean,energy_out_hatching_p50,energy_out_hatching_p95,energy_out_hatching_mean,exploration_postcard_p50,exploration_postcard_p95,exploration_postcard_mean,gold_in_achievement_p50,gold_in_achievement_p95,gold_in_achievement_mean,gold_in_b6_conversion_p50,gold_in_b6_conversion_p95,gold_in_b6_conversion_mean,gold_in_checkin_p50,gold_in_checkin_p95,gold_in_checkin_mean,gold_in_newbie_goal_p50,gold_in_newbie_goal_p95,gold_in_newbie_goal_mean,gold_out_ticket_purchase_p50,gold_out_ticket_purchase_p95,gold_out_ticket_purchase_mean,inventory_capacity_p50,inventory_capacity_p95,inventory_capacity_mean,spring_petals_in_event_p50,spring_petals_in_event_p95,spring_petals_in_event_mean,steps_raw_p50,steps_raw_p95,steps_raw_mean,tickets_in_gold_p50,tickets_in_gold_p95,tickets_in_gold_mean,tickets_in_interaction_p50,tickets_in_interaction_p95,tickets_in_interaction_mean,tickets_in_login_p50,tickets_in_login_p95,tickets_in_login_mean,tickets_in_steps_p50,tickets_in_steps_p95,tickets_in_steps_mean,tickets_out_board_p50,tickets_out_board_p95,tickets_out_board_mean,exploration_decoration_fragment_p50,exploration_decoration_fragment_p95,exploration_decoration_fragment_mean,exploration_food_fragment_p50,exploration_food_fragment_p95,exploration_food_fragment_mean,exploration_hidden_item_p50,exploration_hidden_item_p95,exploration_hidden_item_mean,diamonds_in_achievement_p50,diamonds_in_achievement_p95,diamonds_in_achievement_mean,energy_out_workshop_p50,energy_out_workshop_p95,energy_out_workshop_mean,energy_out_workshop_unbox_p50,energy_out_workshop_unbox_p95,energy_out_workshop_unbox_mean,love_petals_in_workshop_p50,love_petals_in_workshop_p95,love_petals_in_workshop_mean,workshop_box_cat_accessory_p50,workshop_box_cat_accessory_p95,workshop_box_cat_accessory_mean,workshop_box_flower_seed_p50,workshop_box_flower_seed_p95,workshop_box_flower_seed_mean,workshop_box_furniture_component_p50,workshop_box_furniture_component_p95,workshop_box_furniture_component_mean,gold_in_spring_conversion_p50,gold_in_spring_conversion_p95,gold_in_spring_conversion_mean,love_petals_in_checkin_chest_p50,love_petals_in_checkin_chest_p95,love_petals_in_checkin_chest_mean,love_petals_out_shop_p50,love_petals_out_shop_p95,love_petals_out_shop_mean,gold_out_capacity_expansion_p50,gold_out_capacity_expansion_p95,gold_out_capacity_expansion_mean,cats_out_adoption_p50,cats_out_adoption_p95,cats_out_adoption_mean,love_petals_in_adoption_p50,love_petals_in_adoption_p95,love_petals_in_adoption_mean
1,0.0,0.0,0,0.0,2.0,0.483,0.0,1.0,0.1,1.0,2.0,0.876,0.0,1.0499999999999545,0.349,1.0,2.0,0.694,0.0,1.0,0.244,1.0,3.0,1.288,1.0,2.0,0.861,4.0,12.0,4.619,5000.0,5000.0,5000,0.0,1.0,0.105,0.0,0.0,0,0.0,1.0,0.105,2.0,2.0,2,0.0,0.0,0,950.0,950.0,950,350.0,550.0,404.05,0.0,0.0,0,25.0,25.0,25,5200.0,5200.0,5200,4250.0,4250.0,4250,1.0,1.0,1,300.0,300.0,300,0.0,200.0,59.3,100.0,100.0,89.5,50.0,50.0,50,100.0,100.0,94.75,24.0,24.0,24,25.0,25.0,25,5000.0,5000.0,5000,2.0,2.0,1.895,2.0,2.0,2,3.0,3.0,3,3.0,3.0,3,10.0,10.0,9.79,,,,,,,,,,,,,,,,,,,,,,,,,,,,,,,,,,,,,,,,,,,,,,,,
2,0.0,0.0,0,0.0,2.0,0.499,0.0,1.0,0.088,1.0,2.0,0.882,0.0,1.0,0.377,1.0,2.0,0.688,0.0,1.0,0.231,1.0,3.0,1.348,1.0,2.0499999999999545,0.887,4.0,12.0,5.737,5000.0,5000.0,5000,0.0,1.0,0.102,20.0,20.0,17.96,0.0,1.0,0.105,3.0,3.0,3,20.0,20.0,17.96,1900.0,1900.0,1900,600.0,800.0,614.85,0.0,0.0,0,50.0,50.0,50,5200.0,5200.0,5200,4250.0,4250.0,4250,1.0,1.0,0.599,200.0,200.0,200,0.0,200.0,60.8,0.0,0.0,0,50.0,50.0,50,100.0,100.0,100,24.0,24.0,24,25.0,25.0,25,5000.0,5000.0,5000,2.0,2.0,2,2.0,2.0,2,3.0,3.0,3,3.0,3.0,3,10.0,10.0,10,0.0,1.0,0.123,0.0,1.0,0.228,0.0,0.049999999999954525,0.05,,,,,,,,,,,,,,,,,,,,,,,,,,,,,,,,,,,,,,,
3,0.0,0.0,0,0.0,2.0,0.525,0.0,1.0,0.082,1.0,2.0,0.889,0.0,2.0,0.38,1.0,2.0,0.644,0.0,1.0,0.21,1.0,3.0,1.346,1.0,3.0,0.924,5.0,12.0,5.741,6000.0,6000.0,5608,0.0,1.0,0.107,0.0,0.0,0,0.0,1.0,0.105,4.0,4.0,4,20.0,20.0,18.62,2850.0,2850.0,2850,750.0,1000.0,757.8,0.0,0.0,0,75.0,75.0,75,5200.0,5200.0,5200,4250.0,4250.0,4250,1.0,1.0,0.605,,,,0.0,200.0,59,150.0,150.0,133.95,50.0,50.0,50,100.0,100.0,100,24.0,24.0,24,25.0,25.0,25,5000.0,5000.0,5000,2.0,2.0,2,2.0,2.0,2,3.0,3.0,3,3.0,3.0,3,10.0,10.0,10,0.0,1.0,0.104,0.0,1.0,0.24,0.0,1.0,0.051,0.0,0.0,0.66,,,,,,,,,,,,,,,,,,,,,,,,,,,,,,,,,,,,
4,0.0,0.0,0,0.0,2.0,0.474,0.0,1.0,0.084,1.0,2.0,0.909,0.0,1.0,0.349,1.0,2.0,0.656,0.0,1.0,0.237,1.0,3.0,1.354,1.0,3.0,0.937,5.0,12.0,5.882,6000.0,6000.0,5632,0.0,1.0,0.114,30.0,30.0,26.58,0.0,1.0,0.105,5.0,5.0,5,50.0,80.0,49.19,800.0,800.0,800,750.0,1050.0,766.4,0.0,0.0,0,100.0,100.0,100,5200.0,5200.0,5200,4250.0,4250.0,4250,1.0,1.0,0.595,,,,0.0,200.0,58.6,0.0,0.0,0,50.0,50.0,50,100.0,100.0,100,24.0,24.0,24,25.0,25.0,25,5000.0,5000.0,5000,2.0,2.0,2,2.0,2.0,2,3.0,3.0,3,3.0,3.0,3,10.0,10.0,10,0.0,1.0,0.102,0.0,1.0,0.254,0.0,0.0,0.049,0.0,30.0,3.99,3000.0,3000.0,3000,,,,,,,,,,,,,,,,,,,,,,,,,,,,,,,,,
5,0.0,0.0,0,0.0,2.0,0.496,0.0,1.0,0.096,1.0,2.0,0.914,0.0,1.0,0.378,1.0,2.0,0.658,0.0,1.0,0.221,1.0,3.0,1.4,1.0,2.0,0.837,5.0,13.0,5.823,6000.0,6000.0,5596,0.0,1.0,0.102,0.0,0.0,0,0.0,1.0,0.105,6.0,6.0,6,50.0,80.0,53.72,250.0,250.0,250,950.0,1300.0,955.9,0.0,3.0,0.966,125.0,125.0,125,5200.0,5200.0,5200,4250.0,4250.0,4250,1.0,1.0,0.622,,,,0.0,200.0,59.9,200.0,200.0,179.6,50.0,50.0,50,100.0,100.0,100,24.0,24.0,24,25.0,25.0,25,5000.0,5000.0,5000,2.0,2.0,2,2.0,2.0,2,3.0,3.0,3,3.0,3.0,3,10.0,10.0,10,0.0,1.0,0.092,0.0,1.0,0.23,0.0,1.0,0.056,0.0,30.0,4.53,,,,1500.0,1500.0,1500,0.0,3.0,0.966,0.0,1.0,0.355,0.0,1.0,0.322,0.0,1.0,0.323,,,,,,,,,,,,,,,,,,
6,0.0,0.0,0,0.0,2.0,0.465,0.0,1.0,0.107,1.0,2.0,0.925,0.0,2.0,0.356,0.0,2.0,0.639,0.0,1.0,0.236,1.0,3.0,1.364,1.0,2.0,0.908,5.0,13.0,5.884,5000.0,5000.0,5000,0.0,1.0,0.104,40.0,40.0,35.84,0.0,1.0,0.105,7.0,7.0,7,90.0,120.0,94.09,1200.0,1200.0,1200,950.0,1252.4999999999977,965.1,0.0,3.0,0.966,150.0,150.0,150,5200.0,5200.0,5200,4250.0,4250.0,4250,1.0,1.0,0.627,,,,0.0,200.0,59.2,0.0,0.0,0,50.0,50.0,50,100.0,100.0,100,24.0,24.0,24,25.0,25.0,25,5000.0,5000.0,5000,2.0,2.0,2,2.0,2.0,2,3.0,3.0,3,3.0,3.0,3,10.0,10.0,10,0.0,1.0,0.1,0.0,1.0,0.217,0.0,1.0,0.056,0.0,30.0,4.53,,,,,,,,,,,,,,,,,,,,,,,,,,,,,,,,,,,,
7,0.0,0.0,0,0.0,2.0,0.515,0.0,1.0,0.1,1.0,2.0,0.861,0.0,1.0,0.342,1.0,2.0,0.658,0.0,1.0,0.21,1.0,3.0,1.42,1.0,3.0,0.894,10.0,17.0,10.608,5000.0,5000.0,5000,0.0,1.0,0.096,0.0,0.0,0,0.0,1.0,0.105,8.0,8.0,8,90.0,120.0,98.71,2150.0,2150.0,2150,1600.0,2000.0,1636.7,0.0,3.0,0.966,0.0,0.0,0,5200.0,5200.0,5200,4250.0,4250.0,4250,1.0,1.0,0.589,,,,0.0,200.0,55.2,350.0,350.0,316.4,50.0,50.0,50,100.0,100.0,100,24.0,24.0,24,25.0,25.0,25,5000.0,5000.0,5000,2.0,2.0,2,2.0,2.0,2,3.0,3.0,3,3.0,3.0,3,10.0,10.0,10,0.0,1.0,0.084,0.0,1.0,0.271,0.0,1.0,0.056,0.0,30.0,4.62,,,,,,,,,,,,,,,,,,,350.0,350.0,350,50.0,50.0,45.2,50.0,50.0,45.2,,,,,,,,,
8,0.0,0.0,0,0.0,2.0,0.424,0.0,1.0,0.083,1.0,2.0,0.738,0.0,1.0,0.308,0.0,2.0,0.577,0.0,1.0,0.175,1.0,3.0,1.111,1.0,2.0,0.689,4.0,12.0,5.162,5000.0,6000.0,5224,0.0,1.0,0.111,0.0,0.0,0,1.0,1.0,0.895,9.0,9.0,9,120.0,120.0,102.72,2600.0,2600.0,2600,1700.0,2100.0,1673.9,0.0,3.0,0.966,0.0,0.0,0,4700.0,4700.0,4700,4250.0,4250.0,4250,1.0,1.0,0.582,,,,0.0,200.0,48.3,100.0,100.0,88.9,,,,100.0,100.0,100,24.0,24.0,24,,,,5000.0,5000.0,5000,2.0,2.0,2,2.0,2.0,2,2.0,2.0,2,3.0,3.0,3,8.0,10.0,8.21,0.0,1.0,0.111,0.0,1.0,0.26,0.0,0.0,0.047,0.0,30.0,4.01,,,,,,,,,,,,,,,,,,,,,,,,,,,,,,,,,,,,
9,0.0,0.0,0,0.0,2.0,0.444,0.0,1.0,0.085,1.0,2.0,0.89,0.0,1.0,0.388,1.0,2.0,0.654,0.0,1.0,0.214,1.0,3.0,1.315,1.0,3.0,0.905,4.0,12.0,5.704,6000.0,6000.0,5670,0.0,1.0,0.082,20.0,20.0,18.36,0.0,1.0,0.105,10.0,10.0,10,170.0,170.0,154.51,50.0,50.0,50,1600.0,2000.0,1634.1,0.0,3.0,0.966,0.0,0.0,0,4700.0,4700.0,4700,4250.0,4250.0,4250,1.0,1.0,0.611,,,,0.0,200.0,60.2,0.0,0.0,0,,,,100.0,100.0,100,24.0,24.0,24,,,,5000.0,5000.0,5000,2.0,2.0,2,2.0,2.0,2,2.0,2.0,2,3.0,3.0,3,10.0,10.0,9.79,0.0,1.0,0.107,0.0,1.0,0.235,0.0,0.0,0.047,30.0,60.0,33.43,3000.0,3000.0,3000,,,,,,,,,,,,,,,,,,,,,,,,,,,,,,,,,
10,0.0,0.0,0,0.0,2.0,0.418,0.0,1.0,0.086,1.0,2.0,0.763,0.0,1.0,0.283,0.0,2.0,0.539,0.0,1.0,0.186,1.0,3.0,1.071,1.0,2.0,0.759,4.0,12.0,5.156,6000.0,6000.0,5942,0.0,1.0,0.087,0.0,0.0,0,1.0,1.0,0.895,11.0,11.0,11,170.0,170.0,156.75,500.0,500.0,500,1700.0,2150.0,1717.95,0.0,3.0,0.966,0.0,0.0,0,4700.0,4700.0,4700,4250.0,4250.0,4250,1.0,1.0,0.609,,,,0.0,200.0,46.9,150.0,150.0,136.95,,,,100.0,100.0,100,24.0,24.0,24,,,,5000.0,5000.0,5000,2.0,2.0,2,2.0,2.0,2,2.0,2.0,2,3.0,3.0,3,8.0,10.0,8.21,0.0,1.0,0.092,0.0,1.0,0.25,0.0,0.0,0.049,0.0,30.0,2.24,,,,,,,,,,,,,,,,,,,,,,,,,,,,,,,,,,,,
11,0.0,0.0,0,0.0,2.0,0.507,0.0,1.0,0.079,1.0,2.0,0.878,0.0,1.0,0.343,0.0,2.0,0.649,0.0,1.0,0.233,1.0,3.0,1.328,1.0,2.0,0.878,4.0,13.0,5.754,5000.0,5000.0,5000,0.0,1.0,0.107,30.0,30.0,26.79,0.0,1.0,0.105,12.0,12.0,12,200.0,200.0,184.93,950.0,950.0,950,1950.0,2450.0,1975.55,0.0,3.0,0.966,0.0,0.0,0,4700.0,4700.0,4700,4250.0,4250.0,4250,1.0,1.0,0.594,300.0,300.0,300,0.0,200.0,57.6,0.0,0.0,0,,,,100.0,100.0,100,24.0,24.0,24,,,,5000.0,5000.0,5000,2.0,2.0,2,2.0,2.0,2,2.0,2.0,2,3.0,3.0,3,10.0,10.0,9.79,0.0,1.0,0.094,0.0,1.0,0.262,0.0,0.049999999999954525,0.05,0.0,0.0,1.39,,,,,,,,,,,,,,,,,,,,,,,,,,,,,,,,,,,,
12,0.0,0.0,0,0.0,2.0,0.408,0.0,1.0,0.09,1.0,2.0,0.728,0.0,1.0,0.262,0.0,2.0,0.538,0.0,1.0,0.194,1.0,3.0,1.141,1.0,2.0,0.744,4.0,12.0,5.241,5000.0,5000.0,5000,0.0,1.0,0.119,0.0,0.0,0,1.0,1.0,0.895,13.0,13.0,13,200.0,200.0,186.36,1400.0,1400.0,1400,2100.0,2550.0,2097.35,0.0,3.0,0.966,0.0,0.0,0,4700.0,4700.0,4700,4250.0,4250.0,4250,1.0,1.0,0.598,,,,0.0,200.0,45.6,200.0,200.0,176.2,,,,100.0,100.0,100,24.0,24.0,24,,,,5000.0,5000.0,5000,2.0,2.0,2,2.0,2.0,2,2.0,2.0,2,3.0,3.0,3,8.0,10.0,8.21,0.0,1.0,0.092,0.0,1.0,0.256,0.0,1.0,0.054,0.0,0.0,1.43,,,,,,,,,,,,,,,,,,,,,,,,,,,,,,,,,,,,
13,0.0,0.0,0,0.0,2.0,0.491,0.0,1.0,0.081,1.0,2.0,0.859,0.0,2.0,0.352,1.0,2.0,0.702,0.0,1.0,0.212,1.0,3.0,1.311,1.0,2.0,0.887,4.0,12.0,5.578,5000.0,6000.0,5224,0.0,1.0,0.094,40.0,40.0,36.24,0.0,1.0,0.105,14.0,14.0,14,240.0,240.0,223.66,350.0,350.0,350,2050.0,2550.0,2053.75,3.0,6.0,2.031,0.0,0.0,0,4700.0,4700.0,4700,4250.0,4250.0,4250,1.0,1.0,0.628,,,,0.0,200.0,56.4,0.0,0.0,0,,,,100.0,100.0,100,24.0,24.0,24,,,,5000.0,5000.0,5000,2.0,2.0,2,2.0,2.0,2,2.0,2.0,2,3.0,3.0,3,10.0,10.0,9.79,0.0,1.0,0.102,0.0,1.0,0.218,0.0,1.0,0.052,0.0,0.0,1.06,,,,1500.0,1500.0,1500,0.0,3.0,1.065,0.0,1.0,0.319,0.0,1.0,0.355,0.0,1.0,0.326,,,,,,,,,,,,,,,,,,
14,0.0,0.0,0,0.0,2.0,0.386,0.0,1.0,0.075,1.0,2.0,0.741,0.0,1.0,0.284,0.0,2.0,0.583,0.0,1.0,0.205,1.0,3.0,1.086,1.0,2.0,0.745,9.0,16.0,9.655,6000.0,6000.0,5670,0.0,1.0,0.095,0.0,0.0,0,1.0,1.0,0.895,15.0,15.0,15,240.0,260.0,224.95,800.0,800.0,800,2300.0,2800.0,2319.4,3.0,6.0,2.031,0.0,0.0,0,4700.0,4700.0,4700,4250.0,4250.0,4250,1.0,1.0,0.585,,,,0.0,200.0,48.9,350.0,350.0,316.75,,,,100.0,100.0,100,24.0,24.0,24,,,,5000.0,5000.0,5000,2.0,2.0,2,2.0,2.0,2,2.0,2.0,2,3.0,3.0,3,8.0,10.0,8.21,0.0,1.0,0.105,0.0,1.0,0.26,0.0,0.049999999999954525,0.05,0.0,0.0,1.29,,,,,,,,,,,,,,,,,,,,,,50.0,50.0,45.25,50.0,50.0,45.25,,,,,,,,,
15,0.0,0.0,0,0.0,2.0,0.532,0.0,1.0,0.085,1.0,2.0,0.894,0.0,1.0,0.314,1.0,2.0,0.682,0.0,1.0,0.216,1.0,3.0,1.33,1.0,2.0,0.842,4.0,12.0,5.718,6000.0,6000.0,5942,0.0,1.0,0.101,0.0,0.0,0,0.0,1.0,0.105,16.0,16.0,16,240.0,270.0,226.28,1250.0,1250.0,1250,2375.0,2900.0,2362.3,3.0,6.0,2.031,0.0,0.0,0,4700.0,4700.0,4700,4250.0,4250.0,4250,1.0,1.0,0.63,,,,0.0,200.0,53,100.0,100.0,89.9,,,,100.0,100.0,100,24.0,24.0,24,,,,5000.0,5000.0,5000,2.0,2.0,2,2.0,2.0,2,2.0,2.0,2,3.0,3.0,3,10.0,10.0,9.79,0.0,1.0,0.086,0.0,1.0,0.241,0.0,0.0,0.043,0.0,0.0,1.33,,,,,,,,,,,,,,,,,,,,,,,,,,,,,,,,,,,,
16,0.0,0.0,0,0.0,2.0,0.412,0.0,1.0,0.08,1.0,2.0,0.726,0.0,1.0,0.291,0.0,2.0,0.541,0.0,1.0,0.182,1.0,3.0,1.111,1.0,2.0,0.762,4.0,12.0,5.11,5000.0,5000.0,5000,0.0,1.0,0.093,20.0,20.0,18.14,1.0,1.0,0.895,17.0,17.0,17,260.0,310.0,245.64,1700.0,1700.0,1700,2300.0,2850.0,2309.6,3.0,6.0,2.031,0.0,0.0,0,4700.0,4700.0,4700,4250.0,4250.0,4250,1.0,1.0,0.598,,,,0.0,200.0,47.3,0.0,0.0,0,,,,100.0,100.0,100,24.0,24.0,24,,,,5000.0,5000.0,5000,2.0,2.0,2,2.0,2.0,2,2.0,2.0,2,3.0,3.0,3,8.0,10.0,8.21,0.0,1.0,0.103,0.0,1.0,0.25,0.0,0.0,0.049,0.0,0.0,1.22,,,,,,,,,,,,,,,,,,,,,,,,,,,,,,,,,,,,
17,0.0,0.0,0,0.0,2.0,0.478,0.0,1.0,0.086,1.0,2.0499999999999545,0.921,0.0,1.0,0.341,1.0,2.0,0.661,0.0,1.0,0.208,1.0,3.0,1.311,1.0,2.0,0.889,4.0,12.0,5.741,5000.0,5000.0,5000,0.0,1.0,0.103,0.0,0.0,0,0.0,1.0,0.105,18.0,18.0,18,260.0,310.0,247.07,2150.0,2150.0,2150,2400.0,2950.0,2399.05,3.0,6.0,2.031,0.0,0.0,0,4700.0,4700.0,4700,4250.0,4250.0,4250,1.0,1.0,0.605,,,,0.0,200.0,54.9,150.0,150.0,134.55,,,,100.0,100.0,100,24.0,24.0,24,,,,5000.0,5000.0,5000,2.0,2.0,2,2.0,2.0,2,2.0,2.0,2,3.0,3.0,3,10.0,10.0,9.79,0.0,1.0,0.098,0.0,1.0,0.237,0.0,1.0,0.06,0.0,0.0,1.43,,,,,,,,,,,,,,,,,,,,,,,,,,,,,,,,,,,,
18,0.0,0.0,0,0.0,2.0,0.43,0.0,1.0,0.068,1.0,2.0,0.734,0.0,1.0,0.299,0.0,2.0,0.555,0.0,1.0,0.185,1.0,3.0,1.08,1.0,2.0,0.754,4.0,11.0,4.92,5000.0,6000.0,5224,0.0,1.0,0.091,30.0,30.0,27.27,1.0,1.0,0.895,19.0,19.0,19,290.0,340.0,275.89,2600.0,2600.0,2600,2350.0,2950.0,2347.45,3.0,6.0,2.031,0.0,0.0,0,4700.0,4700.0,4700,4250.0,4250.0,4250,1.0,1.0,0.595,,,,0.0,200.0,48.4,0.0,0.0,0,,,,100.0,100.0,100,24.0,24.0,24,,,,5000.0,5000.0,5000,2.0,2.0,2,2.0,2.0,2,2.0,2.0,2,3.0,3.0,3,8.0,10.0,8.21,0.0,1.0,0.12,0.0,1.0,0.237,0.0,0.0,0.048,0.0,0.0,1.55,,,,,,,,,,,,,,,,,,,,,,,,,,,,,,,,,,,,
19,0.0,0.0,0,0.0,2.0,0.49,0.0,1.0,0.082,1.0,2.0,0.856,0.0,1.0,0.36,0.0,2.0,0.641,0.0,1.0,0.239,1.0,3.0,1.328,1.0,2.0,0.899,4.0,12.0,5.672,6000.0,6000.0,5670,0.0,1.0,0.101,0.0,0.0,0,0.0,1.0,0.105,20.0,20.0,20,290.0,340.0,277.04,50.0,50.0,50,2500.0,3050.0,2487.15,3.0,6.0,2.031,0.0,0.0,0,4700.0,4700.0,4700,4250.0,4250.0,4250,1.0,1.0,0.597,,,,0.0,200.0,59.9,200.0,200.0,179.8,,,,100.0,100.0,100,24.0,24.0,24,,,,5000.0,5000.0,5000,2.0,2.0,2,2.0,2.0,2,2.0,2.0,2,3.0,3.0,3,10.0,10.0,9.79,0.0,1.0,0.097,0.0,1.0,0.242,0.0,1.0,0.064,0.0,0.0,1.15,3000.0,3000.0,3000,,,,,,,,,,,,,,,,,,,,,,,,,,,,,,,,,
20,0.0,0.0,0,0.0,1.0,0.378,0.0,1.0,0.071,1.0,2.0,0.754,0.0,1.0,0.288,0.0,2.0,0.599,0.0,1.0,0.189,1.0,3.0,1.118,1.0,2.0,0.708,4.0,11.0,5.073,6000.0,6000.0,5942,0.0,1.0,0.102,40.0,40.0,35.92,1.0,1.0,0.895,21.0,21.0,21,320.0,380.0,314.21,500.0,500.0,500,2450.0,3050.0,2434.85,3.0,6.0,2.031,0.0,0.0,0,4700.0,4700.0,4700,4250.0,4250.0,4250,1.0,1.0,0.61,,,,0.0,200.0,47.7,0.0,0.0,0,,,,100.0,100.0,100,24.0,24.0,24,,,,5000.0,5000.0,5000,2.0,2.0,2,2.0,2.0,2,2.0,2.0,2,3.0,3.0,3,8.0,10.0,8.21,0.0,1.0,0.085,0.0,1.0,0.251,0.0,1.0,0.054,0.0,0.0,1.25,,,,,,,,,,,,,,,,,,,,,,,,,,,,,,,,,,,,
21,0.0,0.0,0,0.0,2.0,0.473,0.0,1.0,0.088,1.0,2.0,0.914,0.0,1.0,0.39,1.0,2.0,0.649,0.0,1.0,0.237,1.0,3.0,1.273,1.0,2.0,0.871,9.0,17.0,10.294,5000.0,5000.0,5000,0.0,1.0,0.096,0.0,0.0,0,0.0,1.0,0.105,22.0,22.0,22,330.0,380.0,316.22,950.0,950.0,950,2700.0,3300.0,2713.95,3.0,6.0,2.031,0.0,0.0,0,4700.0,4700.0,4700,4250.0,4250.0,4250,1.0,1.0,0.615,,,,0.0,200.0,62.7,350.0,350.0,316.4,,,,100.0,100.0,100,24.0,24.0,24,,,,5000.0,5000.0,5000,2.0,2.0,2,2.0,2.0,2,2.0,2.0,2,3.0,3.0,3,10.0,10.0,9.79,0.0,1.0,0.084,0.0,1.0,0.255,0.0,0.0,0.046,0.0,0.0,2.01,,,,,,,,,,,,,,,,,,,,,,50.0,50.0,45.2,50.0,50.0,45.2,,,,,,,,,
22,0.0,0.0,0,0.0,2.0,0.421,0.0,1.0,0.086,1.0,2.0,0.684,0.0,1.0,0.309,0.0,2.0,0.568,0.0,1.0,0.198,1.0,3.0,1.12,1.0,2.0,0.719,4.0,12.0,5.01,5000.0,5000.0,5000,0.0,1.0,0.087,0.0,0.0,0,1.0,1.0,0.895,23.0,23.0,23,330.0,380.0,317.6,1400.0,1400.0,1400,2750.0,3400.0,2755.95,3.0,6.0,2.031,0.0,0.0,0,4700.0,4700.0,4700,4250.0,4250.0,4250,1.0,1.0,0.635,,,,0.0,200.0,50.7,100.0,100.0,91.3,,,,100.0,100.0,100,24.0,24.0,24,,,,5000.0,5000.0,5000,2.0,2.0,2,2.0,2.0,2,2.0,2.0,2,3.0,3.0,3,8.0,10.0,8.21,0.0,1.0,0.103,0.0,1.0,0.229,0.0,0.0,0.033,0.0,0.0,1.38,,,,,,,,,,,,,,,,,,,,,,,,,,,,,,,,,,,,
23,0.0,0.0,0,0.0,2.0,0.488,0.0,1.0,0.084,1.0,2.0,0.891,0.0,1.0,0.347,0.0,2.0,0.636,0.0,1.0,0.232,1.0,3.0,1.303,1.0,2.0,0.914,4.0,12.0,5.69,5000.0,6000.0,5224,0.0,1.0,0.113,20.0,20.0,17.74,0.0,1.0,0.105,24.0,24.0,24,340.0,400.0,336.49,350.0,350.0,350,2700.0,3350.0,2713.85,3.0,6.0,3.021,0.0,0.0,0,4700.0,4700.0,4700,4250.0,4250.0,4250,1.0,1.0,0.621,,,,0.0,200.0,57.9,0.0,0.0,0,,,,100.0,100.0,100,24.0,24.0,24,,,,5000.0,5000.0,5000,2.0,2.0,2,2.0,2.0,2,2.0,2.0,2,3.0,3.0,3,10.0,10.0,9.79,0.0,1.0,0.086,0.0,1.0,0.238,0.0,1.0,0.055,0.0,0.0,1.15,,,,1500.0,1500.0,1500,0.0,3.0,0.99,0.0,1.0,0.348,0.0,1.0,0.33,0.0,1.0,0.322,,,,,,,,,,,,,,,,,,
24,0.0,0.0,0,0.0,2.0,0.413,0.0,1.0,0.071,1.0,2.0,0.745,0.0,1.0,0.312,0.0,2.0,0.557,0.0,1.0,0.167,1.0,3.0,1.135,1.0,2.0,0.705,4.0,11.0,5.036,6000.0,6000.0,5670,0.0,1.0,0.111,0.0,0.0,0,1.0,1.0,0.895,24.0,24.0,24,340.0,400.0,336.49,550.0,550.0,550,2800.0,3450.0,2795.1,3.0,9.0,3.999,0.0,0.0,0,4700.0,4700.0,4700,,,,1.0,1.0,0.6,,,,0.0,200.0,47.9,150.0,150.0,133.35,,,,100.0,100.0,100,24.0,24.0,24,,,,5000.0,5000.0,5000,2.0,2.0,2,2.0,2.0,2,2.0,2.0,2,3.0,3.0,3,8.0,10.0,8.21,0.0,1.0,0.107,0.0,1.0,0.251,0.0,0.0,0.042,,,,3000.0,3000.0,3000,1500.0,1500.0,1500,0.0,3.0,0.978,0.0,1.0,0.352,0.0,1.0,0.326,0.0,1.0,0.322,,,,,,,,,,,,,,,,,,
25,0.0,0.0,0,0.0,2.0,0.481,0.0,1.0,0.086,1.0,3.0,0.91,0.0,1.0,0.351,0.0,2.0,0.623,0.0,1.0,0.222,1.0,3.0,1.355,1.0,2.0,0.867,4.0,13.0,5.804,6000.0,6000.0,5942,0.0,1.0,0.107,30.0,30.0,26.79,0.0,1.0,0.105,24.0,24.0,24,360.0,430.0,363.28,750.0,750.0,750,2750.0,3450.0,2752.4,6.0,9.0,4.935,0.0,0.0,0,4700.0,4700.0,4700,,,,1.0,1.0,0.604,,,,0.0,200.0,57.3,0.0,0.0,0,,,,100.0,100.0,100,24.0,24.0,24,,,,5000.0,5000.0,5000,2.0,2.0,2,2.0,2.0,2,2.0,2.0,2,3.0,3.0,3,10.0,10.0,9.79,0.0,1.0,0.091,0.0,1.0,0.255,0.0,0.049999999999954525,0.05,,,,3000.0,3000.0,3000,1500.0,1500.0,1500,0.0,3.0,0.936,0.0,1.0,0.343,0.0,1.0,0.312,0.0,1.0,0.345,,,,,,,,,,,,,,,,,,
26,0.0,0.0,0,0.0,2.0,0.405,0.0,1.0,0.08,1.0,2.0,0.755,0.0,1.0,0.277,0.0,2.0,0.526,0.0,1.0,0.189,1.0,3.0,1.104,1.0,2.0,0.769,4.0,12.0,5.064,5000.0,5000.0,5000,0.0,1.0,0.088,0.0,0.0,0,1.0,1.0,0.895,24.0,24.0,24,360.0,430.0,363.28,950.0,950.0,950,2850.0,3550.0,2881.4,6.0,12.0,5.886,0.0,0.0,0,4700.0,4700.0,4700,,,,1.0,1.0,0.62,,,,0.0,200.0,46.6,200.0,200.0,182.4,,,,100.0,100.0,100,24.0,24.0,24,,,,5000.0,5000.0,5000,2.0,2.0,2,2.0,2.0,2,2.0,2.0,2,3.0,3.0,3,8.0,10.0,8.21,0.0,1.0,0.097,0.0,1.0,0.238,0.0,0.0,0.045,,,,3000.0,3000.0,3000,1500.0,1500.0,1500,0.0,3.0,0.951,0.0,1.0,0.334,0.0,1.0,0.317,0.0,1.0,0.349,,,,,,,,,,,,,,,,,,
27,0.0,0.0,0,0.0,2.0,0.485,0.0,1.0,0.09,1.0,2.0,0.941,0.0,1.0,0.347,0.0,2.0,0.652,0.0,1.0,0.227,1.0,3.0,1.348,1.0,2.0,0.805,4.0,12.0,5.811,5000.0,5000.0,5000,0.0,1.0,0.084,40.0,40.0,36.64,0.0,1.0,0.105,24.0,24.0,24,400.0,470.0,399.92,1150.0,1150.0,1150,2850.0,3550.0,2838.8,6.0,12.0,6.853,0.0,0.0,0,4700.0,4700.0,4700,,,,1.0,1.0,0.616,,,,0.0,200.0,57.4,0.0,0.0,0,,,,100.0,100.0,100,24.0,24.0,24,,,,5000.0,5000.0,5000,2.0,2.0,2,2.0,2.0,2,2.0,2.0,2,3.0,3.0,3,10.0,10.0,9.79,0.0,1.0,0.088,0.0,1.0,0.25,0.0,0.0,0.046,,,,3000.0,3000.0,3000,1500.0,1500.0,1500,0.0,3.0,0.987,0.0,1.0,0.34,0.0,1.0,0.329,0.0,1.0,0.331,,,,,,,0.0,0.0,0.02,,,,,,,,,
28,0.0,0.0,0,0.0,2.0,0.393,0.0,1.0,0.079,1.0,2.0,0.759,0.0,1.0,0.269,0.0,2.0,0.596,0.0,1.0,0.178,1.0,3.0,1.107,1.0,2.0,0.724,9.0,17.0,9.637,5000.0,6000.0,5075,0.0,1.0,0.102,0.0,0.0,0,1.0,1.0,0.895,24.0,24.0,24,400.0,470.0,399.92,1350.0,1350.0,1350,3100.0,3800.0,3097.8,9.0,15.0,7.864,0.0,0.0,0,4700.0,4700.0,4700,,,,1.0,1.0,0.575,,,,0.0,200.0,44.7,350.0,350.0,314.3,,,,100.0,100.0,100,24.0,24.0,24,,,,5000.0,5000.0,5000,2.0,2.0,2,2.0,2.0,2,2.0,2.0,2,3.0,3.0,3,8.0,10.0,8.21,0.0,1.0,0.124,0.0,1.0,0.25,0.0,1.0,0.051,,,,3000.0,3000.0,3000,1500.0,1500.0,1500,0.0,3.0,1.011,0.0,1.0,0.322,0.0,1.0,0.337,0.0,1.0,0.341,,,,50.0,50.0,44.9,50.0,50.0,44.9,,,,,,,,,
29,0.0,0.0,0,0.0,2.0,0.471,0.0,1.0,0.087,1.0,2.0,0.882,0.0,1.0,0.345,1.0,2.0,0.693,0.0,1.0,0.21,1.0,3.0,1.334,1.0,2.0499999999999545,0.873,5.0,12.0,5.985,5000.0,6000.0,5224,0.0,1.0,0.087,0.0,0.0,0,0.0,1.0,0.105,24.0,24.0,24,400.0,470.0,399.92,50.0,50.0,50,3150.0,3900.0,3144.6,9.0,15.0,7.864,0.0,0.0,0,4700.0,4700.0,4700,,,,1.0,1.0,0.595,,,,0.0,200.0,55.5,100.0,100.0,91.3,,,,100.0,100.0,100,24.0,24.0,24,,,,5000.0,5000.0,5000,2.0,2.0,2,2.0,2.0,2,2.0,2.0,2,3.0,3.0,3,10.0,10.0,9.79,0.0,1.0,0.083,0.0,1.0,0.284,0.0,0.0,0.038,,,,6000.0,6000.0,6000,,,,,,,,,,,,,,,,,,,,,,,,,,,,,,,,,
30,0.0,0.0,0,0.0,2.0,0.427,0.0,1.0,0.063,1.0,2.0,0.724,0.0,1.0,0.294,0.0,2.0,0.587,0.0,1.0,0.185,1.0,3.0,1.067,1.0,2.0,0.758,4.0,11.0,4.983,5000.0,6000.0,5351,0.0,1.0,0.107,20.0,20.0,17.86,1.0,1.0,0.895,24.0,24.0,24,420.0,490.0,417.78,250.0,250.0,250,3100.0,3850.0,3092.5,9.0,15.0,8.798,0.0,0.0,0,4700.0,4700.0,4700,,,,1.0,1.0,0.582,,,,0.0,200.0,47.9,0.0,0.0,0,,,,100.0,100.0,100,24.0,24.0,24,,,,5000.0,5000.0,5000,2.0,2.0,2,2.0,2.0,2,2.0,2.0,2,3.0,3.0,3,8.0,10.0,8.21,0.0,1.0,0.111,0.0,1.0,0.252,0.0,1.0,0.055,,,,3000.0,3000.0,3000,1500.0,1500.0,1500,0.0,3.0,1.014,0.0,1.0,0.296,0.0,1.0,0.338,0.0,1.0,0.366,,,,,,,0.0,0.0,0.08,,,,,,,,,
31,0.0,0.0,0,0.0,2.0,0.472,0.0,1.0,0.09,1.0,2.0,0.895,0.0,1.0,0.342,0.0,2.0,0.627,0.0,1.0,0.208,1.0,3.0,1.323,1.0,2.0,0.938,5.0,13.0,5.953,5000.0,6000.0,5425,0.0,1.0,0.114,0.0,0.0,0,0.0,1.0,0.105,24.0,24.0,24,420.0,490.0,417.78,450.0,450.0,450,3200.0,3950.0,3180.4,9.0,15.0,9.468,25.0,25.0,25,4700.0,4700.0,4700,,,,1.0,1.0,0.585,,,,0.0,200.0,55,150.0,150.0,132.9,,,,100.0,100.0,100,24.0,24.0,24,25.0,25.0,25,5000.0,5000.0,5000,2.0,2.0,2,2.0,2.0,2,2.0,2.0,2,3.0,3.0,3,10.0,10.0,9.79,0.0,1.0,0.105,0.0,1.0,0.259,0.0,1.0,0.051,,,,3000.0,3000.0,3000,1500.0,1500.0,1500,0.0,3.0,0.93,0.0,1.0,0.328,0.0,1.0,0.31,0.0,1.0,0.362,,,,,,,0.0,0.0,0.26,,,,,,,,,
32,0.0,0.0,0,0.0,2.0,0.427,0.0,1.0,0.071,1.0,2.0,0.668,0.0,1.0,0.311,0.0,2.0,0.548,0.0,1.0,0.208,1.0,3.0,1.11,1.0,2.0,0.762,4.0,12.0,4.972,5000.0,6000.0,5450,0.0,1.0,0.094,30.0,30.0,27.18,1.0,1.0,0.895,24.0,24.0,24,450.0,520.0,444.96,650.0,650.0,650,3100.0,3950.0,3132.3,9.0,18.0,10.249,50.0,50.0,50,4700.0,4700.0,4700,,,,1.0,1.0,0.621,,,,0.0,200.0,51.9,0.0,0.0,0,,,,100.0,100.0,100,24.0,24.0,24,25.0,25.0,25,5000.0,5000.0,5000,2.0,2.0,2,2.0,2.0,2,2.0,2.0,2,3.0,3.0,3,8.0,10.0,8.21,0.0,1.0,0.088,0.0,1.0,0.233,0.0,1.0,0.058,,,,3000.0,3000.0,3000,1500.0,1500.0,1500,0.0,3.0,1.101,0.0,1.0,0.322,0.0,1.0,0.367,0.0,1.0,0.311,,,,,,,0.0,0.0,0.32,,,,,,,,,
33,0.0,0.0,0,0.0,2.0,0.528,0.0,1.0,0.086,1.0,2.0,0.919,0.0,1.0,0.348,0.0,2.0,0.609,0.0,1.0,0.208,1.0,3.0,1.302,1.0,2.0,0.895,4.0,13.0,5.834,5000.0,6000.0,5257,0.0,1.0,0.098,0.0,0.0,0,0.0,1.0,0.105,24.0,24.0,24,450.0,520.0,444.96,850.0,850.0,850,3250.0,4050.0,3268.3,12.0,18.0,10.819,75.0,75.0,75,4700.0,4700.0,4700,,,,1.0,1.0,0.597,,,,0.0,200.0,55.6,200.0,200.0,180.4,,,,100.0,100.0,100,24.0,24.0,24,25.0,25.0,25,5000.0,5000.0,5000,2.0,2.0,2,2.0,2.0,2,2.0,2.0,2,3.0,3.0,3,10.0,10.0,9.79,0.0,1.0,0.097,0.0,1.0,0.246,0.0,1.0,0.06,,,,3000.0,3000.0,3000,1500.0,1500.0,1500,0.0,3.0,0.99,0.0,1.0,0.333,0.0,1.0,0.33,0.0,1.0,0.337,,,,,,,0.0,0.0,0.42,,,,,,,,,
34,0.0,0.0,0,0.0,2.0,0.414,0.0,1.0,0.085,1.0,2.0,0.727,0.0,1.0,0.271,0.0,2.0,0.542,0.0,1.0,0.177,1.0,3.0,1.143,1.0,2.0,0.746,4.0,12.0,5.283,5000.0,6000.0,5054,0.0,1.0,0.097,40.0,40.0,36.12,1.0,1.0,0.895,24.0,24.0,24,480.0,560.0,481.08,1050.0,1050.0,1050,3200.0,4050.0,3213.1,12.0,18.0,11.177,100.0,100.0,100,4700.0,4700.0,4700,,,,1.0,1.0,0.609,,,,0.0,200.0,44.8,0.0,0.0,0,,,,100.0,100.0,100,24.0,24.0,24,25.0,25.0,25,5000.0,5000.0,5000,2.0,2.0,2,2.0,2.0,2,2.0,2.0,2,3.0,3.0,3,8.0,10.0,8.21,0.0,1.0,0.1,0.0,1.0,0.241,0.0,0.049999999999954525,0.05,,,,3000.0,3000.0,3000,1500.0,1500.0,1500,0.0,3.0,0.978,0.0,1.0,0.327,0.0,1.0,0.326,0.0,1.0,0.347,,,,,,,0.0,0.0,0.62,,,,,,,,,
35,0.0,0.0,0,0.0,2.0,0.481,0.0,1.0,0.093,1.0,2.0499999999999545,0.923,0.0,1.0,0.364,1.0,2.0,0.646,0.0,1.0,0.234,1.0,3.0,1.359,1.0,2.0,0.795,9.0,17.0,10.475,5000.0,6000.0,5224,0.0,1.0,0.104,0.0,0.0,0,0.0,1.0,0.105,24.0,24.0,24,480.0,560.0,481.08,1250.0,1250.0,1250,3750.0,4550.0,3731.5,12.0,18.0,11.305,0.0,0.0,0,4700.0,4700.0,4700,,,,1.0,1.0,0.598,,,,0.0,200.0,59.8,350.0,350.0,313.6,,,,100.0,100.0,100,24.0,24.0,24.004,25.0,25.0,25,5000.0,5000.0,5000,2.0,2.0,2,2.0,2.0,2,2.0,2.0,2,3.0,3.0,3,10.0,10.0,9.79,0.0,1.0,0.117,0.0,1.0,0.243,0.0,0.0,0.042,,,,3000.0,3000.0,3000,1500.0,1500.0,1500,0.0,3.0,1.008,0.0,1.0,0.328,0.0,1.0,0.336,0.0,1.0,0.336,250.0,250.0,250,50.0,50.0,44.8,50.0,50.0,45.68,0.0,0.0,5,,,,,,
36,0.0,0.0,0,0.0,1.0499999999999545,0.41,0.0,1.0,0.091,1.0,2.0,0.697,0.0,1.0,0.318,0.0,2.0,0.557,0.0,1.0,0.203,1.0,3.0,1.085,1.0,2.0,0.744,4.0,12.0,5.562,5000.0,6000.0,5224,0.0,1.0,0.094,0.0,0.0,0,1.0,1.0,0.895,24.0,24.0,24.001,480.0,560.0,481.08,1450.0,1450.0,1448.75,3750.0,4552.499999999998,3734.2,12.0,18.0,10.981,25.0,25.0,25,4700.0,4700.0,4700,0.0,0.0,4.25,1.0,1.0,0.568,,,,0.0,200.0,52.1,100.0,100.0,90.6,,,,100.0,100.0,100,24.0,24.0,24.036,25.0,25.0,25,5000.0,5000.0,5000,2.0,2.0,2,2.0,2.0,2,2.0,2.0,2,3.0,3.0,3,8.0,10.0,8.21,0.0,1.0,0.113,0.0,1.0,0.263,0.0,1.0,0.056,,,,3000.0,3000.0,2997,1500.0,1500.0,1500,0.0,3.0,1.056,0.0,1.0,0.322,0.0,1.0,0.352,0.0,1.0,0.326,,,,,,,0.0,20.0,1.38,0.0,0.0,40,,,,,,
37,0.0,0.0,0,0.0,2.0,0.489,0.0,1.0,0.078,1.0,2.0,0.856,0.0,2.0,0.385,0.5,2.0,0.646,0.0,1.0,0.235,1.0,3.0,1.349,1.0,2.0,0.852,4.0,12.0,5.645,6000.0,6000.0,5670,0.0,1.0,0.093,20.0,20.0,18.14,0.0,1.0,0.109,24.0,24.0,24.01,500.0,580.0,499.22,150.0,150.0,152.5,3750.0,4550.0,3686.5,12.0,18.0,10.976,50.0,50.0,50,4700.0,4700.0,4700,0.0,0.0,38.25,1.0,1.0,0.607,,,,0.0,200.0,62,0.0,0.0,0,,,,100.0,100.0,99.7,24.0,24.0,24.044,25.0,25.0,25,5000.0,5000.0,5000,2.0,2.0,1.994,2.0,2.0,2,2.0,2.0,2,3.0,3.0,3,10.0,10.0,9.78,0.0,1.0,0.096,0.0,1.0,0.247,0.0,0.049999999999954525,0.05,,,,6000.0,6000.0,5946,0.0,0.0,12,0.0,0.0,0.015,0.0,0.0,0.002,0.0,0.0,0.005,0.0,0.0,0.001,,,,,,,0.0,0.0,0.02,0.0,0.0,10,,,,,,
38,0.0,0.0,0,0.0,2.0,0.427,0.0,1.0,0.09,1.0,2.0,0.733,0.0,1.0,0.309,0.0,2.0,0.568,0.0,1.0,0.176,1.0,3.0,1.118,1.0,2.0,0.688,4.0,12.0,5.487,5000.0,6000.0,5446,0.0,1.0,0.107,0.0,0.0,0,1.0,1.0,0.891,24.0,24.0,24.021,500.0,580.0,499.22,350.0,350.0,355.25,3800.0,4600.0,3733.95,12.0,18.0,10.766,50.0,50.0,50,4700.0,4700.0,4700,0.0,0.0,46.75,1.0,1.0,0.598,,,,0.0,200.0,48.5,150.0,150.0,133.95,,,,100.0,100.0,100,24.0,24.0,24.072,,,,5000.0,5000.0,5000,2.0,2.0,2,2.0,2.0,2,2.0,2.0,2,3.0,3.0,3,8.0,10.0,8.218,0.0,1.0,0.093,0.0,1.0,0.254,0.0,1.0,0.055,,,,3000.0,3000.0,2967,1500.0,1500.0,1483.5,0.0,3.0,0.99,0.0,1.0,0.333,0.0,1.0,0.33,0.0,1.0,0.326,,,,,,,0.0,20.0,1.2,0.0,0.0,35,,,,,,
39,0.0,0.0,0,0.0,2.0,0.499,0.0,1.0,0.095,1.0,2.0,0.883,0.0,2.0,0.352,1.0,2.0,0.645,0.0,1.0,0.201,1.0,3.0,1.32,1.0,2.0,0.889,5.0,13.0,6.142,5000.0,6000.0,5272,0.0,1.0,0.11,30.0,30.0,26.7,0.0,1.0,0.11,24.0,24.0,24.039,530.0,610.0,525.92,550.0,550.0,558.25,3750.0,4600.0,3689.9,12.0,18.0,10.562,50.0,50.0,50,4700.0,4700.0,4700,0.0,0.0,76.5,1.0,1.0,0.609,,,,0.0,200.0,55.3,0.0,0.0,0,,,,100.0,100.0,99.35,24.0,24.0,24.072,,,,5000.0,5000.0,5000,2.0,2.0,1.987,2.0,2.0,2,2.0,2.0,2,3.0,3.0,3,10.0,10.0,9.768,0.0,1.0,0.095,0.0,1.0,0.25,0.0,0.0,0.046,,,,3000.0,3000.0,2946,1500.0,1500.0,1474.5,0.0,3.0,0.996,0.0,1.0,0.309,0.0,1.0,0.332,0.0,1.0,0.342,,,,,,,0.0,20.0,1.2,,,,,,,,,
40,0.0,0.0,0,0.0,2.0,0.437,0.0,1.0,0.079,1.0,2.0,0.738,0.0,1.0,0.306,0.0,2.0,0.558,0.0,1.0,0.192,1.0,3.0,1.092,1.0,2.0,0.708,4.0,12.0,5.372,5000.0,6000.0,5224,0.0,1.0,0.087,0.0,0.0,0,1.0,1.0,0.89,24.0,24.0,24.056,530.0,610.0,525.92,750.0,750.0,747.5,3850.0,4700.0,3777.3,12.0,18.0,10.225,50.0,50.0,50,4700.0,4700.0,4700,0.0,0.0,72.25,1.0,1.0,0.605,,,,0.0,200.0,49.8,200.0,200.0,182.6,,,,100.0,100.0,100,24.0,24.0,24.108,,,,5000.0,5000.0,5000,2.0,2.0,2,2.0,2.0,2,2.0,2.0,2,3.0,3.0,3,8.0,10.0,8.22,0.0,1.0,0.113,0.0,1.0,0.248,0.0,0.0,0.034,,,,3000.0,3000.0,2949,1500.0,1500.0,1489.5,0.0,3.0,0.963,0.0,1.0,0.321,0.0,1.0,0.321,0.0,1.0,0.351,,,,,,,0.0,20.0,1.3,0.0,0.0,45,,,,,,
41,0.0,0.0,0,0.0,2.0,0.473,0.0,1.0,0.085,1.0,2.0,0.928,0.0,1.0,0.377,1.0,2.0,0.665,0.0,1.0,0.217,1.0,3.0,1.313,1.0,2.0,0.825,5.0,13.0,6.151,5000.0,6000.0,5224,0.0,1.0,0.096,40.0,40.0,36.16,0.0,1.0,0.113,24.0,24.0,24.074,570.0,650.0,562.08,950.0,950.0,941.5,3850.0,4700.0,3727.25,10.0,18.0,9.806,50.0,50.0,50,4700.0,4700.0,4700,0.0,0.0,76.5,1.0,1.0,0.592,,,,0.0,200.0,59.4,0.0,0.0,0,,,,100.0,100.0,99.45,24.0,24.0,24.116,,,,5000.0,5000.0,5000,2.0,2.0,1.989,2.0,2.0,2,2.0,2.0,2,3.0,3.0,3,10.0,10.0,9.766,0.0,1.0,0.096,0.0,1.0,0.264,0.0,0.0,0.048,,,,3000.0,3000.0,2946,1500.0,1500.0,1483.5,0.0,3.0,0.921,0.0,1.0,0.344,0.0,1.0,0.307,0.0,1.0,0.338,,,,,,,0.0,20.0,1.34,0.0,0.0,10,,,,,,
42,0.0,0.0,0,0.0,2.0,0.445,0.0,1.0,0.062,1.0,2.0,0.738,0.0,1.0,0.292,0.0,2.0,0.568,0.0,1.0,0.169,1.0,3.0,1.109,1.0,2.0,0.729,9.0,17.0,9.702,6000.0,6000.0,5670,0.0,1.0,0.088,0.0,0.0,0,1.0,1.0,0.887,24.0,24.0,24.092,570.0,650.0,562.13,1150.0,1150.0,1132.5,4050.0,4800.0,3767.65,10.0,18.0,9.644,50.0,50.0,50,4700.0,4700.0,4700,0.0,0.0,76.5,1.0,1.0,0.596,,,,0.0,200.0,46.1,350.0,350.0,319.2,,,,100.0,100.0,99.9,24.0,28.0,24.296,,,,5000.0,5000.0,5000,2.0,2.0,1.998,2.0,2.0,2,2.0,2.0,2,3.0,3.0,3,8.0,10.0,8.224,0.0,1.0,0.114,0.0,1.0,0.234,0.0,1.0,0.056,0.0,0.0,0.05,3000.0,3000.0,2946,1500.0,1500.0,1486.5,0.0,3.0,0.918,0.0,1.0,0.329,0.0,1.0,0.306,0.0,1.0,0.356,,,,50.0,50.0,45.6,50.0,50.0,46.68,0.0,0.0,225,,,,,,
43,0.0,0.0,0,0.0,2.0,0.502,0.0,1.0,0.083,1.0,2.0,0.848,0.0,2.0,0.355,0.0,2.0,0.644,0.0,1.0,0.221,1.0,3.0,1.355,1.0,2.0,0.876,5.0,12.0,5.99,5000.0,6000.0,5446,0.0,1.0,0.095,0.0,0.0,0,0.0,1.0,0.116,24.0,25.0,24.148,570.0,650.0,562.18,1350.0,1350.0,1276,4050.0,4800.0,3730.9,10.0,18.0,9.616,50.0,50.0,50,4700.0,4700.0,4700,0.0,4250.0,238,1.0,1.0,0.589,,,,0.0,200.0,57.6,100.0,100.0,90.5,,,,100.0,100.0,99.85,24.0,28.0,24.364,,,,5000.0,5000.0,5000,2.0,2.0,1.997,2.0,2.0,2,2.0,2.0,2,3.0,3.0,3,10.0,10.0,9.768,0.0,1.0,0.104,0.0,1.0,0.254,0.0,1.0,0.053,0.0,0.0,0.05,3000.0,3000.0,2832,1500.0,1500.0,1486.5,0.0,3.0,0.972,0.0,1.0,0.353,0.0,1.0,0.324,0.0,1.0,0.314,,,,,,,0.0,0.9999999999990905,1,0.0,0.0,85,,,,,,
44,0.0,0.0,0,0.0,2.0,0.406,0.0,1.0,0.074,1.0,2.0,0.72,0.0,1.0,0.293,0.0,2.0,0.564,0.0,1.0,0.194,1.0,3.0,1.1,1.0,2.0,0.749,4.0,11.0,5.044,5000.0,6000.0,5272,0.0,1.0,0.103,20.0,20.0,17.94,1.0,1.0,0.869,24.0,26.0,24.221,580.0,650.0,580.37,50.0,550.0,105.25,4000.0,4750.0,3666.95,10.0,18.0,9.586,50.0,50.0,50,4700.0,4700.0,4700,0.0,4250.0,310.25,1.0,1.0,0.614,,,,0.0,200.0,48.7,0.0,0.0,0,,,,100.0,100.0,97.65,24.0,28.0,24.376,,,,5000.0,5000.0,5000,2.0,2.0,1.953,2.0,2.0,2,2.0,2.0,2,3.0,3.0,3,8.0,10.0,8.2,0.0,1.0,0.087,0.0,1.0,0.246,0.0,1.0,0.053,0.0,0.0,0.25,6000.0,6000.0,5508,0.0,0.0,52.5,0.0,0.0,0.03,0.0,0.0,0.013,0.0,0.0,0.01,0.0,0.0,0.012,,,,,,,0.0,0.0,0.06,0.0,0.0,15,,,,,,
45,0.0,0.0,0,0.0,2.0,0.49,0.0,1.0,0.088,1.0,2.0,0.851,0.0,1.0,0.348,1.0,2.0,0.663,0.0,1.0,0.201,1.0,3.0,1.317,1.0,2.0,0.906,4.0,13.0,5.944,5000.0,6000.0,5224,0.0,1.0,0.094,0.0,0.0,0,0.0,1.0,0.131,24.0,27.0,24.288,580.0,650.0,580.47,250.0,1000.0,322,4050.0,4800.0,3678.25,10.0,18.0,9.433,50.0,50.0,50,4700.0,4700.0,4700,0.0,4250.0,284.75,1.0,1.0,0.625,,,,0.0,200.0,54.9,150.0,150.0,135.9,,,,100.0,100.0,99.5,24.0,28.0,24.44,,,,5000.0,5000.0,5000,2.0,2.0,1.99,2.0,2.0,2,2.0,2.0,2,3.0,3.0,3,10.0,10.0,9.728,0.0,1.0,0.094,0.0,1.0,0.229,0.0,1.0,0.052,0.0,0.0,0.1,3000.0,3000.0,2799,1500.0,1500.0,1399.5,0.0,3.0,0.927,0.0,1.0,0.306,0.0,1.0,0.309,0.0,1.0,0.318,,,,,,,0.0,20.0,1.08,0.0,0.0,80,,,,,,
46,0.0,0.0,0,0.0,1.0499999999999545,0.399,0.0,1.0,0.066,1.0,2.0,0.756,0.0,1.0,0.281,0.0,2.0,0.552,0.0,1.0,0.175,1.0,3.0,1.108,1.0,2.0,0.772,4.0,12.0,5.342,5000.0,6000.0,5224,0.0,1.0,0.091,30.0,30.0,27.27,1.0,1.0,0.866,24.0,28.0,24.369,610.0,680.0,607.99,450.0,1450.0,542.25,4000.0,4750.0,3616.2,9.0,18.0,9.27,50.0,50.0,50,4700.0,4700.0,4700,0.0,4250.0,344.25,1.0,1.0,0.595,,,,0.0,200.0,45.6,0.0,0.0,0,,,,100.0,100.0,97.65,24.0,28.0,24.448,,,,5000.0,5000.0,5000,2.0,2.0,1.953,2.0,2.0,2,2.0,2.0,2,3.0,3.0,3,8.0,10.0,8.218,0.0,1.0,0.092,0.0,1.0,0.262,0.0,1.0,0.051,0.0,0.0,0.25,3000.0,3000.0,2757,1500.0,1500.0,1378.5,0.0,3.0,0.837,0.0,1.0,0.322,0.0,1.0,0.279,0.0,1.0,0.318,,,,,,,0.0,0.9999999999990905,1,0.0,0.0,10,,,,,,
47,0.0,0.0,0,0.0,2.0,0.48,0.0,1.0,0.091,1.0,2.0,0.873,0.0,1.0,0.348,1.0,2.0,0.668,0.0,1.0,0.219,1.0,3.0,1.301,1.0,2.0,0.883,5.0,13.0,6.134,6000.0,6000.0,5670,0.0,1.0,0.108,0.0,0.0,0,0.0,1.0,0.134,24.0,28.0,24.407,610.0,680.0,607.99,650.0,650.0,615.25,4100.0,4850.0,3631.6,9.0,18.0,9.186,50.0,50.0,50,4700.0,4700.0,4700,0.0,0.0,161.5,1.0,1.0,0.594,,,,0.0,200.0,56.7,200.0,200.0,178.4,,,,100.0,100.0,99.7,24.0,28.0,24.544,,,,5000.0,5000.0,5000,2.0,2.0,1.994,2.0,2.0,2,2.0,2.0,2,3.0,3.0,3,10.0,10.0,9.726,0.0,1.0,0.094,0.0,1.0,0.27,0.0,0.0,0.042,,,,3000.0,6000.0,3108,1500.0,1500.0,1357.5,0.0,3.0,0.876,0.0,1.0,0.317,0.0,1.0,0.292,0.0,1.0,0.296,,,,,,,0.0,0.0,0.96,0.0,0.0,120,,,,,,
48,0.0,0.0,0,0.0,1.0,0.406,0.0,1.0,0.059,1.0,2.0,0.748,0.0,1.0,0.299,0.0,2.0,0.565,0.0,1.0,0.179,1.0,3.0,1.121,1.0,2.0,0.742,4.0,11.0,5.182,5000.0,6000.0,5446,0.0,1.0,0.095,40.0,40.0,36.2,1.0,1.0,0.862,24.0,28.0,24.452,650.0,720.0,644.29,850.0,850.0,798,4050.0,4800.0,3576.1,9.0,18.0,9.186,50.0,50.0,50,4700.0,4700.0,4700,0.0,0.0,191.25,1.0,1.0,0.598,,,,0.0,104.99999999999545,47.8,0.0,0.0,0,,,,100.0,100.0,98.3,24.0,28.0,24.548,,,,5000.0,5000.0,5000,2.0,2.0,1.966,2.0,2.0,2,2.0,2.0,2,3.0,3.0,3,8.0,10.0,8.238,0.0,1.0,0.096,0.0,1.0,0.241,0.0,1.0,0.065,0.0,0.0,0.1,3000.0,3000.0,2865,1500.0,1500.0,1461,0.0,3.0,1.08,0.0,1.0,0.323,0.0,1.0,0.36,0.0,1.0,0.291,,,,,,,0.0,20.0,1.08,0.0,0.0,5,,,,,,
49,0.0,0.0,0,0.0,2.0,0.484,0.0,1.0,0.103,1.0,2.0,0.837,0.0,1.0,0.345,1.0,2.0,0.677,0.0,1.0,0.217,1.0,3.0,1.312,1.0,2.0,0.883,9.0,18.0,10.551,5000.0,6000.0,5272,0.0,1.0,0.101,0.0,0.0,0,0.0,1.0,0.138,24.0,28.0,24.495,650.0,720.0,644.39,1050.0,1050.0,969.75,4150.0,4850.0,3377.35,9.0,18.0,9.119,50.0,50.0,50,4700.0,4700.0,4700,0.0,0.0,182.75,1.0,1.0,0.609,,,,0.0,200.0,56.2,350.0,350.0,314.65,,,,100.0,100.0,99.6,24.0,28.0,24.924,,,,5000.0,5000.0,5000,2.0,2.0,1.992,2.0,2.0,2,2.0,2.0,2,3.0,3.0,3,10.0,10.0,9.716,0.0,1.0,0.116,0.0,1.0,0.231,0.0,0.0,0.044,0.0,0.0,0.1,3000.0,3000.0,2871,1500.0,1500.0,1474.5,0.0,3.0,0.993,0.0,1.0,0.306,0.0,1.0,0.331,0.0,1.0,0.346,,,,50.0,50.0,44.95,50.0,50.0,46.01,0.0,5000.0,470,,,,,,
50,0.0,0.0,0,0.0,2.0,0.394,0.0,1.0,0.078,1.0,2.0,0.746,0.0,1.0,0.337,0.0,2.0,0.575,0.0,1.0,0.191,1.0,3.0,1.08,1.0,2.0,0.734,4.0,12.0,5.287,5000.0,6000.0,5224,0.0,1.0,0.098,0.0,0.0,0,1.0,1.0,0.861,24.0,28.0,24.616,650.0,720.0,644.54,1250.0,1250.0,1057.5,4150.0,4900.0,3300.7,7.0,18.0,8.98,50.0,50.0,50,4700.0,4700.0,4700,0.0,4250.0,514.25,1.0,1.0,0.62,,,,0.0,200.0,52.8,100.0,100.0,90.2,,,,100.0,100.0,99.65,24.0,28.0,25.02,,,,5000.0,5000.0,5000,2.0,2.0,1.993,2.0,2.0,2,2.0,2.0,2,3.0,3.0,3,8.0,10.0,8.27,0.0,1.0,0.095,0.0,1.0,0.24,0.0,0.0,0.045,0.0,0.0,0.15,3000.0,3000.0,2637,1500.0,1500.0,1461,0.0,3.0,0.861,0.0,1.0,0.351,0.0,1.0,0.287,0.0,1.0,0.336,,,,,,,0.0,0.9999999999990905,1,0.0,0.0,120,,,,,,
51,0.0,0.0,0,0.0,2.0,0.461,0.0,1.0,0.096,1.0,2.0,0.843,0.0,1.0,0.323,1.0,2.0,0.68,0.0,1.0,0.219,1.0,3.0,1.324,1.0,2.0,0.87,5.0,13.0,5.946,5000.0,6000.0,5224,0.0,1.0,0.106,20.0,20.0,17.88,0.0,1.0,0.162,24.0,28.0,24.759,670.0,740.0,662.72,1450.0,1450.0,1257.25,4050.0,4850.0,3203.25,8.0,18.0,9.122,50.0,50.0,50,4700.0,4700.0,4700,0.0,4250.0,607.75,1.0,1.0,0.62,,,,0.0,200.0,54.2,0.0,0.0,0,,,,100.0,100.0,96.65,24.0,28.0,25.064,,,,5000.0,5000.0,5000,2.0,2.0,1.933,2.0,2.0,2,2.0,2.0,2,3.0,3.0,3,10.0,10.0,9.632,0.0,1.0,0.085,0.0,1.0,0.239,0.0,1.0,0.056,0.0,0.0,0.3,3000.0,3000.0,2571,1500.0,1500.0,1321.5,0.0,3.0,0.822,0.0,1.0,0.317,0.0,1.0,0.274,0.0,1.0,0.29,,,,,,,0.0,0.0,0.68,0.0,0.0,55,,,,,,
52,0.0,0.0,0,0.0,2.0,0.396,0.0,1.0,0.084,1.0,2.0,0.766,0.0,1.0,0.299,0.0,2.0,0.57,0.0,1.0,0.17,1.0,3.0,1.116,1.0,2.0,0.754,4.0,12.0,5.232,6000.0,6000.0,5670,0.0,1.0,0.121,0.0,0.0,0,1.0,1.0,0.836,24.0,28.0,24.889,670.0,740.0,663.22,150.0,1150.0,372.25,4050.0,4850.0,3107.8,10.0,18.0,9.189,50.0,50.0,50,4700.0,4700.0,4700,0.0,4250.0,552.5,1.0,1.0,0.598,,,,0.0,200.0,46.9,150.0,150.0,131.85,,,,100.0,100.0,99.2,24.0,28.0,25.204,,,,5000.0,5000.0,5000,2.0,2.0,1.984,2.0,2.0,2,2.0,2.0,2,3.0,3.0,3,8.0,10.0,8.31,0.0,1.0,0.104,0.0,1.0,0.25,0.0,0.0,0.048,0.0,0.0,0.5,6000.0,6000.0,4812,0.0,1500.0,220.5,0.0,0.0,0.147,0.0,0.0,0.049,0.0,0.0,0.049,0.0,0.0,0.049,,,,,,,0.0,0.0,0.08,0.0,0.0,175,,,,,,
53,0.0,0.0,0,0.0,2.0,0.462,0.0,1.0,0.08,1.0,2.0,0.854,0.0,1.0,0.352,0.0,2.0,0.619,0.0,1.0,0.22,1.0,3.0,1.323,1.0,2.0,0.874,4.0,12.0,5.735,5000.0,6000.0,5446,0.0,1.0,0.096,30.0,30.0,27.12,0.0,1.0,0.178,24.0,28.0,25.053,690.0,770.0,690.54,350.0,1350.0,613.25,4050.0,4800.0,3049.5,10.0,18.0,9.327,50.0,50.0,50,4700.0,4700.0,4700,0.0,4250.0,697,1.0,1.0,0.608,,,,0.0,200.0,57.2,0.0,0.0,0,,,,100.0,100.0,95.5,24.0,28.0,25.22,,,,5000.0,5000.0,5000,2.0,2.0,1.91,2.0,2.0,2,2.0,2.0,2,3.0,3.0,3,10.0,10.0,9.568,0.0,1.0,0.11,0.0,1.0,0.233,0.0,0.0,0.049,0.0,0.0,0.2,3000.0,3000.0,2508,1500.0,1500.0,1254,0.0,3.0,0.858,0.0,1.0,0.268,0.0,1.0,0.286,0.0,1.0,0.282,,,,,,,0.0,0.0,0.72,0.0,0.0,20,,,,,,
54,0.0,0.0,0,0.0,2.0,0.43,0.0,1.0,0.062,1.0,2.0,0.833,0.0,1.0,0.297,0.0,2.0,0.532,0.0,1.0,0.166,1.0,3.0,1.081,1.0,2.0,0.77,4.0,11.0,5.209,5000.0,6000.0,5272,0.0,1.0,0.085,0.0,0.0,0,1.0,1.0,0.823,24.0,28.0,25.127,690.0,770.0,690.64,550.0,562.4999999999886,449.25,4050.0,4850.0,3034.45,10.0,19.0,9.564,50.0,50.0,50,4700.0,4700.0,4700,0.0,4250.0,314.5,1.0,1.0,0.585,,,,0.0,200.0,46.3,200.0,200.0,183,,,,100.0,100.0,99.35,24.0,28.0,25.336,,,,5000.0,5000.0,5000,2.0,2.0,1.987,2.0,2.0,2,2.0,2.0,2,3.0,3.0,3,8.0,10.0,8.342,0.0,1.0,0.105,0.0,1.0,0.26,0.0,0.049999999999954525,0.05,0.0,0.0,0.1,3000.0,6000.0,3471,1500.0,1500.0,1078.5,0.0,3.0,0.777,0.0,1.0,0.221,0.0,1.0,0.259,0.0,1.0,0.239,,,,,,,0.0,0.0,0.54,0.0,0.0,145,,,,,,
55,0.0,0.0,0,0.0,2.0,0.478,0.0,1.0,0.084,1.0,2.0,0.86,0.0,1.0,0.359,0.0,2.0,0.632,0.0,1.0,0.189,1.0,3.0,1.314,1.0,2.0,0.881,5.0,12.0,5.903,5000.0,6000.0,5139,0.0,1.0,0.105,40.0,40.0,35.8,0.0,1.0,0.185,24.0,28.0,25.206,730.0,810.0,726.59,750.0,750.0,600,4000.0,4800.0,2971.45,10.0,19.0,9.714,50.0,50.0,50,4700.0,4700.0,4700,0.0,4250.0,335.75,1.0,1.0,0.592,,,,0.0,200.0,54.8,0.0,0.0,0,,,,100.0,100.0,97.8,24.0,28.0,25.352,,,,5000.0,5000.0,5000,2.0,2.0,1.956,2.0,2.0,2,2.0,2.0,2,3.0,3.0,3,10.0,10.0,9.594,0.0,1.0,0.104,0.0,1.0,0.25,0.0,1.0,0.054,0.0,0.0,0.15,3000.0,3000.0,2763,1500.0,1500.0,1450.5,0.0,3.0,0.99,0.0,1.0,0.328,0.0,1.0,0.33,0.0,1.0,0.309,,,,,,,0.0,0.0,0.84,0.0,0.0,20,,,,,,
56,0.0,0.0,0,0.0,2.0,0.409,0.0,1.0,0.075,1.0,2.0,0.746,0.0,1.0,0.296,0.0,2.0,0.591,0.0,1.0,0.18,1.0,3.0,1.109,1.0,2.0,0.776,9.0,16.0,9.752,5000.0,6000.0,5134,0.0,1.0,0.111,0.0,0.0,0,1.0,1.0,0.815,24.0,28.0,25.278,730.0,810.0,726.74,950.0,950.0,812,3850.0,4900.0,2680.5,10.0,19.0,9.972,50.0,50.0,50,4700.0,4700.0,4700,0.0,4250.0,306,1.0,1.0,0.584,,,,0.0,200.0,47.6,350.0,350.0,311.15,,,,100.0,100.0,99.7,24.0,28.0,25.792,,,,5000.0,5000.0,5000,2.0,2.0,1.994,2.0,2.0,2,2.0,2.0,2,3.0,3.0,3,8.0,10.0,8.364,0.0,1.0,0.107,0.0,1.0,0.252,0.0,1.0,0.057,0.0,0.0,0.15,3000.0,3000.0,2784,1500.0,1500.0,1398,0.0,3.0,0.858,0.0,1.0,0.319,0.0,1.0,0.286,0.0,1.0,0.327,,,,50.0,50.0,44.45,50.0,50.0,45.05,0.0,5000.0,550,,,,,,
57,0.0,0.0,0,0.0,2.0,0.492,0.0,1.0,0.095,1.0,2.0,0.865,0.0,1.0,0.374,1.0,2.0,0.638,0.0,1.0,0.195,1.0,3.0,1.311,1.0,2.0,0.842,5.0,13.0,5.956,5000.0,6000.0,5322,0.0,1.0,0.093,0.0,0.0,0,0.0,1.0,0.187,24.0,28.0,25.425,730.0,810.0,727.04,1150.0,1400.0,999.25,3600.0,4900.0,2558.3,10.0,19.0,10.249,50.0,50.0,50,4700.0,4700.0,4700,0.0,4250.0,624.75,1.0,1.0,0.592,,,,0.0,200.0,56.9,100.0,100.0,90.7,,,,100.0,100.0,99.8,24.0,28.0,25.928,,,,5000.0,5000.0,5000,2.0,2.0,1.996,2.0,2.0,2,2.0,2.0,2,3.0,3.0,3,10.0,10.0,9.624,0.0,1.0,0.108,0.0,1.0,0.255,0.0,0.0,0.045,0.0,0.0,0.3,3000.0,3000.0,2559,1500.0,1500.0,1329,0.0,3.0,0.957,0.0,1.0,0.291,0.0,1.0,0.319,0.0,1.0,0.276,,,,,,,0.0,0.0,0.68,0.0,0.0,170,,,,,,
58,0.0,0.0,0,0.0,2.0,0.449,0.0,1.0,0.079,1.0,2.0,0.689,0.0,1.0,0.309,0.0,2.0,0.532,0.0,1.0,0.215,1.0,3.0,1.144,1.0,2.0,0.732,4.0,12.0,5.288,5000.0,6000.0,5326,0.0,1.0,0.12,20.0,20.0,17.6,1.0,1.0,0.795,24.0,28.0,25.602,750.0,820.0,745.04,1350.0,1350.0,1027.5,3375.0,4800.0,2480.4,10.0,19.0,10.433,50.0,50.0,50,4700.0,4700.0,4700,0.0,4250.0,752.25,1.0,1.0,0.587,,,,0.0,200.0,52.4,0.0,0.0,0,,,,100.0,100.0,95.3,24.0,28.0,25.956,,,,5000.0,5000.0,5000,2.0,2.0,1.906,2.0,2.0,2,2.0,2.0,2,3.0,3.0,3,8.0,10.0,8.298,0.0,1.0,0.096,0.0,1.0,0.259,0.0,1.0,0.058,0.0,0.0,0.4,3000.0,3000.0,2469,1500.0,1500.0,1450.5,0.0,3.0,0.924,0.0,1.0,0.329,0.0,1.0,0.308,0.0,1.0,0.33,,,,,,,0.0,0.0,0.74,0.0,0.0,35,,,,,,
59,0.0,0.0,0,0.0,2.0,0.5,0.0,1.0,0.083,1.0,2.0,0.842,0.0,1.0,0.344,0.0,2.0,0.632,0.0,1.0,0.206,1.0,3.0,1.322,1.0,2.0,0.855,4.0,12.0,5.738,5000.0,6000.0,5350,0.0,1.0,0.107,0.0,0.0,0,0.0,1.0,0.206,24.0,28.0,25.757,750.0,820.4999999999995,745.24,50.0,1050.0,489.25,1525.0,4850.0,2405.4,10.0,19.0,10.509,50.0,50.0,50,4700.0,4700.0,4700,0.0,4250.0,658.75,1.0,1.0,0.6,,,,0.0,200.0,55,150.0,150.0,133.95,,,,100.0,100.0,98.95,28.0,28.0,26.088,,,,5000.0,5000.0,5000,2.0,2.0,1.979,2.0,2.0,2,2.0,2.0,2,3.0,3.0,3,10.0,10.0,9.568,0.0,1.0,0.097,0.0,1.0,0.255,0.0,0.0,0.048,0.0,0.0,0.2,6000.0,6000.0,4068,0.0,1500.0,511.5,0.0,3.0,0.336,0.0,1.0,0.111,0.0,1.0,0.112,0.0,1.0,0.118,,,,,,,0.0,0.0,0.26,0.0,0.0,165,,,,,,
60,0.0,0.0,0,0.0,2.0,0.435,0.0,1.0,0.077,1.0,2.0,0.756,0.0,1.0,0.302,0.0,2.0,0.581,0.0,1.0,0.171,1.0,3.0,1.09,1.0,2.0,0.757,4.0,12.0,5.297,5000.0,6000.0,5238,0.0,1.0,0.098,30.0,30.0,27.06,1.0,1.0,0.771,25.0,28.0,25.941,770.0,850.0,772.6,500.0,1250.0,735.25,1300.0,4800.0,2337.55,10.0,19.0,10.65,50.0,50.0,50,4700.0,4700.0,4700,0.0,4250.0,782,1.0,1.0,0.608,,,,0.0,200.0,47.3,0.0,0.0,0,,,,100.0,100.0,95.15,28.0,28.0,26.104,,,,5000.0,5000.0,5000,2.0,2.0,1.903,2.0,2.0,2,2.0,2.0,2,3.0,3.0,3,8.0,10.0,8.338,0.0,1.0,0.096,0.0,1.0,0.251,0.0,0.0,0.045,0.0,0.0,0.3,3000.0,3000.0,2448,1500.0,1500.0,1224,0.0,3.0,0.801,0.0,1.0,0.28,0.0,1.0,0.267,0.0,1.0,0.269,,,,,,,0.0,0.0,0.66,0.0,0.0,20,,,,,,
61,0.0,0.0,0,0.0,2.0,0.458,0.0,1.0,0.076,1.0,2.0,0.873,0.0,1.0,0.358,0.0,2.0,0.614,0.0,1.0,0.236,1.0,3.0,1.258,1.0,2.0,0.887,4.0,12.0,5.781,5000.0,6000.0,5203,0.0,1.0,0.109,0.0,0.0,0,0.0,1.0,0.231,26.0,28.0,26.019,770.0,850.0,772.6,950.0,1450.0,954.75,1125.0,4900.0,2251.15,10.0,19.0,10.793,75.0,75.0,75,4700.0,4700.0,4700,0.0,4250.0,331.5,1.0,1.0,0.595,,,,0.0,200.0,59.4,200.0,200.0,178.2,,,,100.0,100.0,99,28.0,28.0,26.284,25.0,25.0,25,5000.0,5000.0,5000,2.0,2.0,1.98,2.0,2.0,2,2.0,2.0,2,3.0,3.0,3,10.0,10.0,9.52,0.0,1.0,0.093,0.0,1.0,0.255,0.0,1.0,0.057,,,,3000.0,3000.0,2766,1500.0,1500.0,1383,0.0,3.0,0.903,0.0,1.0,0.3,0.0,1.0,0.301,0.0,1.0,0.321,,,,,,,0.0,0.0,0.76,0.0,0.0,225,,,,,,
62,0.0,0.0,0,0.0,2.0,0.422,0.0,1.0,0.084,1.0,2.0,0.747,0.0,1.0,0.314,0.0,2.0,0.584,0.0,1.0,0.178,1.0,3.0,1.15,1.0,2.0,0.723,4.0,12.0,5.375,5000.0,6000.0,5292,0.0,1.0,0.084,40.0,40.0,36.64,1.0,1.0,0.757,27.0,28.0,26.108,810.0,890.0,809.34,650.0,900.0,443.5,1075.0,4800.0,2188.85,10.0,19.0,10.783,100.0,100.0,100,4700.0,4700.0,4700,0.0,4250.0,378.25,1.0,1.0,0.598,,,,0.0,200.0,49.2,0.0,0.0,0,,,,100.0,100.0,96.5,28.0,28.0,26.296,25.0,25.0,25,5000.0,5000.0,5000,2.0,2.0,1.93,2.0,2.0,2,2.0,2.0,2,3.0,3.0,3,8.0,10.0,8.404,0.0,1.0,0.095,0.0,1.0,0.26,0.0,0.0,0.047,0.0,0.0,0.1,3000.0,6000.0,4179,0.0,1500.0,654,0.0,3.0,0.45,0.0,1.0,0.128,0.0,1.0,0.15,0.0,1.0,0.158,,,,,,,0.0,0.0,0.46,0.0,0.0,15,,,,,,
63,0.0,0.0,0,0.0,2.0,0.463,0.0,1.0,0.064,1.0,2.0,0.875,0.0,2.0,0.374,0.0,2.0,0.642,0.0,1.0,0.211,1.0,3.0,1.233,1.0,2.0,0.892,9.0,17.0,10.228,5000.0,6000.0,5280,0.0,1.0,0.086,0.0,0.0,0,0.0,1.0,0.242,28.0,28.0,26.193,810.0,890.0,809.44,350.0,850.0,609.25,1150.0,5100.0,2072.6,11.0,19.0,10.815,0.0,0.0,0,4700.0,4700.0,4700,0.0,4250.0,361.25,1.0,1.0,0.633,,,,0.0,200.0,58.5,350.0,350.0,319.9,,,,100.0,100.0,99.65,28.0,28.0,26.812,25.0,25.0,25,5000.0,5000.0,5000,2.0,2.0,1.993,2.0,2.0,2,2.0,2.0,2,3.0,3.0,3,10.0,10.0,9.508,0.0,1.0,0.092,0.0,1.0,0.241,0.0,0.0,0.034,0.0,0.0,0.1,3000.0,3000.0,2745,1500.0,1500.0,1428,0.0,3.0,0.972,0.0,1.0,0.312,0.0,1.0,0.324,0.0,1.0,0.316,250.0,250.0,250,50.0,50.0,45.7,50.0,50.0,46.64,0.0,5000.0,645,,,,,,
64,0.0,0.0,0,0.0,2.0,0.43,0.0,1.0,0.078,1.0,2.0,0.726,0.0,1.0,0.331,0.0,2.0,0.59,0.0,1.0,0.191,1.0,3.0,1.126,1.0,2.0,0.77,4.0,12.0,5.434,5000.0,6000.0,5224,0.0,1.0,0.114,0.0,0.0,0,1.0,1.0,0.758,28.0,28.0,26.374,810.0,890.0,809.69,550.0,1300.0,782.5,950.0,4750.0,1488.4,10.0,19.0,10.673,25.0,25.0,25,4700.0,4700.0,4700,0.0,4250.0,769.25,1.0,1.0,0.586,,,,0.0,200.0,52.2,100.0,100.0,88.6,,,,100.0,100.0,100,28.0,28.0,27.312,25.0,25.0,25,5000.0,5000.0,5000,2.0,2.0,2,2.0,2.0,2,2.0,2.0,2,3.0,3.0,3,8.0,10.0,8.484,0.0,1.0,0.104,0.0,1.0,0.254,0.0,1.0,0.056,0.0,0.0,0.25,3000.0,3000.0,2457,1500.0,1500.0,1300.5,0.0,3.0,0.858,0.0,1.0,0.322,0.0,1.0,0.286,0.0,1.0,0.259,,,,,,,0.0,0.9999999999990905,1,0.0,5000.0,625,,,,,,
65,0.0,0.0,0,0.0,2.0,0.477,0.0,1.0,0.079,1.0,2.0,0.832,0.0,1.0,0.338,0.0,2.0,0.599,0.0,1.0,0.19,1.0,3.0,1.352,1.0,2.0,0.854,5.0,12.0,5.883,5000.0,6000.0,5446,0.0,1.0,0.097,20.0,20.0,18.06,0.0,1.0,0.258,28.0,28.0,26.676,830.0,910.0,828.25,750.0,1250.0,677,900.0,4700.0,1434.1,10.0,19.0,10.547,50.0,50.0,50,4700.0,4700.0,4700,0.0,4250.0,1283.5,1.0,1.0,0.609,,,,0.0,200.0,52.8,0.0,0.0,0,,,,100.0,100.0,97.1,28.0,28.0,27.32,25.0,25.0,25,5000.0,5000.0,5000,2.0,2.0,1.942,2.0,2.0,2,2.0,2.0,2,3.0,3.0,3,10.0,10.0,9.442,0.0,1.0,0.091,0.0,1.0,0.253,0.0,0.0,0.047,0.0,0.0,0.5,3000.0,3000.0,2094,1500.0,1500.0,1428,0.0,3.0,0.954,0.0,1.0,0.304,0.0,1.0,0.318,0.0,1.0,0.33,,,,,,,0.0,20.0,1.08,0.0,0.0,10,,,,,,
66,0.0,0.0,0,0.0,2.0,0.414,0.0,1.0,0.067,1.0,2.0,0.761,0.0,1.0,0.294,0.0,2.0,0.556,0.0,1.0,0.192,1.0,3.0,1.166,1.0,2.0,0.804,4.0,11.049999999999955,5.33,5000.0,6000.0,5447,0.0,1.0,0.108,0.0,0.0,0,1.0,1.0,0.74,28.0,28.0,26.934,830.0,910.0,828.5,950.0,1450.0,938.75,1000.0,4750.0,1482,10.0,19.0,10.424,75.0,75.0,75,4700.0,4700.0,4700,0.0,4250.0,1100.75,1.0,1.0,0.607,,,,0.0,200.0,48.6,150.0,150.0,133.8,,,,100.0,100.0,99.5,28.0,28.0,27.348,25.0,25.0,25,5000.0,5000.0,5000,2.0,2.0,1.99,2.0,2.0,2,2.0,2.0,2,3.0,3.0,3,8.0,10.0,8.508,0.0,1.0,0.09,0.0,1.0,0.247,0.0,1.0,0.056,0.0,0.0,0.25,3000.0,3000.0,2223,1500.0,1500.0,1114.5,0.0,3.0,0.69,0.0,1.0,0.27,0.0,1.0,0.23,0.0,1.0,0.243,,,,,,,0.0,0.0,0.82,0.0,0.0,35,0.0,0.0,0.001,0.0,0.0,0.007
67,0.0,0.0,0,0.0,2.0,0.535,0.0,1.0,0.095,1.0,2.0,0.83,0.0,1.0,0.306,0.0,2.0,0.61,0.0,1.0,0.192,1.0,3.0,1.293,1.0,2.0,0.853,4.0,12.0,5.861,5000.0,6000.0,5226.5,0.0,1.0,0.091,30.0,30.0,27.27,0.0,1.0,0.265,28.0,28.0,27.195,860.0,940.0,856.22,1150.0,1150.0,949.75,900.0,4700.0,1429.15,10.0,19.0,10.344,100.0,100.0,100,4700.0,4700.0,4700,0.0,4250.0,1122,1.0,1.0,0.594,,,,0.0,200.0,49.8,0.0,0.0,0,,,,100.0,100.0,97.65,28.0,28.0,27.352,25.0,25.0,25,5000.0,5000.0,5000,2.0,2.0,1.953,2.0,2.0,2,2.0,2.0,2,3.0,3.0,3,10.0,10.0,9.428,0.0,1.0,0.092,0.0,1.0,0.252,0.0,1.0,0.062,0.0,0.0,0.45,3000.0,6000.0,2697,1500.0,1500.0,870,0.0,3.0,0.531,0.0,1.0,0.199,0.0,1.0,0.177,0.0,1.0,0.204,,,,,,,0.0,0.0,0.64,0.0,0.0,5,0.0,0.0,0.003,0.0,0.0,0.029
68,0.0,0.0,0,0.0,1.0,0.414,0.0,1.0,0.078,1.0,2.0,0.752,0.0,1.0,0.327,0.0,2.0,0.572,0.0,1.0,0.203,1.0,3.0,1.144,1.0,2.0,0.771,4.0,12.0,5.441,5000.0,6000.0,5496,0.0,1.0,0.096,0.0,0.0,0,1.0,1.0,0.732,28.0,28.0,27.328,860.0,940.0,856.42,1350.0,1350.0,1182.25,1000.0,4750.0,1488.5,10.0,19.0,10.14,100.0,100.0,100,4700.0,4700.0,4700,0.0,4250.0,578,1.0,1.0,0.611,,,,0.0,200.0,53,200.0,200.0,180.8,,,,100.0,100.0,99.45,28.0,28.0,27.412,,,,5000.0,5000.0,5000,2.0,2.0,1.989,2.0,2.0,2,2.0,2.0,2,3.0,3.0,3,8.0,10.0,8.522,0.0,1.0,0.092,0.0,1.0,0.249,0.0,0.0,0.048,0.0,0.0,0.2,3000.0,3000.0,2592,1500.0,1500.0,1297.5,0.0,3.0,0.795,0.0,1.0,0.301,0.0,1.0,0.265,0.0,1.0,0.299,,,,,,,0.0,20.0,1.02,0.0,0.0,75,0.0,0.0,0.003,0.0,0.0,0.021
69,0.0,0.0,0,0.0,2.0,0.458,0.0,1.0,0.087,1.0,2.0,0.83,0.0,1.0,0.342,0.0,2.0,0.638,0.0,1.0,0.216,1.0,3.0,1.304,1.0,2.0,0.837,4.0,12.0,5.672,5000.0,6000.0,5228,0.0,1.0,0.101,40.0,40.0,35.96,0.0,1.0,0.276,28.0,28.0,27.355,900.0,980.0,892.38,50.0,550.0,145.75,950.0,4700.0,1430.9,10.0,19.0,10.057,100.0,100.0,100,4700.0,4700.0,4700,0.0,0.0,119,1.0,1.0,0.589,,,,0.0,200.0,55.8,0.0,0.0,0,,,,100.0,100.0,98.4,28.0,28.0,27.424,,,,5000.0,5000.0,5000,2.0,2.0,1.968,2.0,2.0,2,2.0,2.0,2,3.0,3.0,3,10.0,10.0,9.424,0.0,1.0,0.107,0.0,1.0,0.243,0.0,1.0,0.061,,,,6000.0,6000.0,5394,0.0,1500.0,223.5,0.0,3.0,0.162,0.0,0.0,0.043,0.0,1.0,0.054,0.0,1.0,0.052,,,,,,,0.0,0.0,0.26,0.0,0.0,15,0.0,0.0,0.001,0.0,0.0,0.015
70,0.0,0.0,0,0.0,2.0,0.416,0.0,1.0,0.073,1.0,2.0,0.767,0.0,1.0,0.293,0.0,2.0,0.551,0.0,1.0,0.195,1.0,3.0,1.197,1.0,2.0,0.78,9.0,17.0,9.867,5000.0,6000.0,5449.5,0.0,1.0,0.127,0.0,0.0,0,1.0,1.0,0.723,28.0,28.0,27.376,900.0,980.0,892.48,250.0,750.0,340.75,1150.0,4700.0,1460.7,10.0,19.0,9.909,100.0,100.0,100,4700.0,4700.0,4700,0.0,0.0,119,1.0,1.0,0.608,,,,0.0,200.0,48.8,350.0,350.0,305.55,,,,100.0,100.0,99.55,28.0,28.0,27.604,,,,5000.0,5000.0,5000,2.0,2.0,1.991,2.0,2.0,2,2.0,2.0,2,3.0,3.0,3,8.0,10.0,8.544,0.0,1.0,0.097,0.0,1.0,0.25,0.0,0.0,0.045,0.0,0.0,0.1,3000.0,3000.0,2916,1500.0,1500.0,1470,0.0,3.0,0.987,0.0,1.0,0.344,0.0,1.0,0.329,0.0,1.0,0.307,,,,50.0,50.0,43.65,50.0,70.0,44.85,0.0,0.0,225,0.0,0.0,0.007,0.0,0.0,0.065
71,0.0,0.0,0,0.0,2.0,0.476,0.0,1.0,0.074,1.0,2.0,0.864,0.0,2.0,0.337,1.0,2.0,0.663,0.0,1.0,0.214,1.0,3.0,1.29,1.0,2.0,0.803,4.0,12.0,5.811,5000.0,6000.0,5447,0.0,1.0,0.103,0.0,0.0,0,0.0,1.0,0.278,28.0,28.0,27.431,900.0,980.0,892.58,450.0,1200.0,535.75,1200.0,4602.499999999998,1435.65,10.0,19.0,9.948,100.0,100.0,100,4700.0,4700.0,4700,0.0,4250.0,297.5,1.0,1.0,0.596,,,,0.0,200.0,55.1,100.0,100.0,89.7,,,,100.0,100.0,99.85,28.0,28.0,27.66,,,,5000.0,5000.0,5000,2.0,2.0,1.997,2.0,2.0,2,2.0,2.0,2,3.0,3.0,3,10.0,10.0,9.442,0.0,1.0,0.103,0.0,1.0,0.254,0.0,0.0,0.047,0.0,0.0,0.1,3000.0,3000.0,2790,1500.0,1500.0,1417.5,0.0,3.0,0.954,0.0,1.0,0.315,0.0,1.0,0.318,0.0,1.0,0.312,,,,,,,0.0,20.0,1.02,0.0,0.0,70,0.0,0.0,0.015,0.0,0.0,0.105
72,0.0,0.0,0,0.0,2.0,0.437,0.0,1.0,0.075,1.0,2.0,0.729,0.0,1.0,0.315,0.0,2.0,0.55,0.0,1.0,0.216,1.0,3.0,1.175,1.0,2.0,0.77,4.0,12.0,5.374,5000.0,6000.0,5247.5,0.0,1.0,0.084,20.0,20.0,18.32,1.0,1.0,0.709,28.0,28.0,27.495,920.0,1000.0,911,650.0,1150.0,681,1150.0,4550.0,1385.5,10.0,19.0,10.189,100.0,100.0,100,4700.0,4700.0,4700,0.0,4250.0,369.75,1.0,1.0,0.606,,,,0.0,200.0,53.1,0.0,0.0,0,,,,100.0,100.0,98.25,28.0,28.0,27.664,,,,5000.0,5000.0,5000,2.0,2.0,1.965,2.0,2.0,2,2.0,2.0,2,3.0,3.0,3,8.0,10.0,8.534,0.0,1.0,0.106,0.0,1.0,0.246,0.0,0.0,0.042,0.0,0.0,0.1,3000.0,3000.0,2742,1500.0,1500.0,1443,0.0,3.0,0.996,0.0,1.0,0.292,0.0,1.0,0.332,0.0,1.0,0.338,,,,,,,0.0,0.0,0.98,0.0,0.0,5,0.0,0.0,0.023,0.0,0.0,0.225
73,0.0,0.0,0,0.0,2.0,0.446,0.0,1.0,0.084,1.0,2.0,0.837,0.0,1.0,0.331,1.0,2.0,0.656,0.0,1.0,0.209,1.0,3.0,1.293,1.0,2.0,0.844,5.0,13.0,5.991,5500.0,6000.0,5506,0.0,1.0,0.096,0.0,0.0,0,0.0,1.0,0.292,28.0,28.0,27.546,920.0,1000.0,911.15,850.0,1350.0,876.5,1200.0,4550.0,1440.95,10.0,19.0,10.096,100.0,100.0,100,4700.0,4700.0,4700,0.0,4250.0,331.5,1.0,1.0,0.584,,,,0.0,200.0,54,150.0,150.0,135.6,,,,100.0,100.0,99.15,28.0,28.0,27.692,,,,5000.0,5000.0,5000,2.0,2.0,1.983,2.0,2.0,2,2.0,2.0,2,3.0,3.0,3,10.0,10.0,9.4,0.0,1.0,0.113,0.0,1.0,0.258,0.0,0.0,0.045,0.0,0.0,0.15,3000.0,3000.0,2766,1500.0,1500.0,1407,0.0,3.0,0.936,0.0,1.0,0.316,0.0,1.0,0.312,0.0,1.0,0.31,,,,,,,0.0,20.0,1.29,0.0,0.0,35,0.0,0.0,0.027,0.0,0.0,0.261
74,0.0,0.0,0,0.0,1.0,0.416,0.0,1.0,0.067,1.0,2.0,0.795,0.0,1.0,0.32,0.0,2.0,0.566,0.0,1.0,0.175,1.0,3.0,1.179,1.0,2.0,0.757,4.0,12.0,5.555,5000.0,6000.0,5267.5,0.0,1.0,0.098,30.0,30.0,27.06,1.0,1.0,0.709,28.0,28.0,27.568,940.0,1030.0,938.21,1050.0,1050.0,952.5,1150.0,4452.499999999997,1387.1,10.0,19.0,9.79,100.0,100.0,100,4700.0,4700.0,4700,0.0,4250.0,365.5,1.0,1.0,0.599,,,,0.0,200.0,49.5,0.0,0.0,0,,,,100.0,100.0,98.35,28.0,28.0,27.696,,,,5000.0,5000.0,5000,2.0,2.0,1.967,2.0,2.0,2,2.0,2.0,2,3.0,3.0,3,8.0,10.0,8.55,0.0,1.0,0.102,0.0,1.0,0.25,0.0,0.0,0.049,,,,3000.0,6000.0,2979,1500.0,1500.0,1279.5,0.0,3.0,0.858,0.0,1.0,0.284,0.0,1.0,0.286,0.0,1.0,0.283,,,,,,,0.0,20.0,1.74,0.0,0.0,5,0.0,0.0,0.064,0.0,0.0,0.576
75,0.0,0.0,0,0.0,2.0,0.458,0.0,1.0,0.091,1.0,2.0,0.827,0.0,1.0,0.344,0.0,2.0,0.646,0.0,1.0,0.207,1.0,3.0,1.252,1.0,2.0,0.882,5.0,13.0,6.161,5000.0,6000.0,5493,0.0,1.0,0.095,0.0,0.0,0,0.0,1.0,0.292,28.0,28.0,27.563,940.0,1030.0,938.26,1250.0,1250.0,1118.5,1250.0,4452.499999999997,1473.35,9.0,19.0,9.572,100.0,100.0,100,4700.0,4700.0,4700,0.0,4250.0,263.5,1.0,1.0,0.599,,,,0.0,200.0,55.1,200.0,200.0,181,,,,100.0,100.0,99.85,28.0,28.0,27.736,,,,5000.0,5000.0,5000,2.0,2.0,1.997,2.0,2.0,2,2.0,2.0,2,3.0,3.0,3,10.0,10.0,9.414,0.0,1.0,0.085,0.0,1.0,0.262,0.0,1.0,0.054,0.0,0.0,0.05,3000.0,3000.0,2823,1500.0,1500.0,1447.5,0.0,3.0,0.969,0.0,1.0,0.319,0.0,1.0,0.323,0.0,1.0,0.323,,,,,,,0.0,20.0,1.88,0.0,0.0,50,0.0,0.0,0.067,0.0,0.0,0.693
76,0.0,0.0,0,0.0,2.0,0.431,0.0,1.0,0.083,1.0,2.0,0.781,0.0,1.0,0.306,0.0,2.0,0.574,0.0,1.0,0.21,1.0,3.0,1.138,1.0,2.0,0.762,4.0,13.0,5.787,5000.0,6000.0,5512.5,0.0,1.0,0.089,40.0,40.0,36.44,1.0,1.0,0.705,28.0,28.0,27.531,980.0,1060.0,974.8,1450.0,1450.0,1310,1200.0,4352.499999999998,1420.8,8.5,19.0,9.541,100.0,100.0,100,4700.0,4700.0,4700,0.0,4250.0,289,1.0,1.0,0.605,,,,0.0,200.0,51.6,0.0,0.0,0,,,,100.0,100.0,99.15,28.0,28.0,27.74,,,,5000.0,5000.0,5000,2.0,2.0,1.983,2.0,2.0,2,2.0,2.0,2,3.0,3.0,3,8.0,10.0,8.57,0.0,1.0,0.089,0.0,1.0,0.267,0.0,0.0,0.039,0.0,0.0,0.1,3000.0,3000.0,2796,1500.0,1500.0,1423.5,0.0,3.0,1.035,0.0,1.0,0.303,0.0,1.0,0.345,0.0,1.0,0.301,,,,,,,0.0,20.0,2.07,0.0,0.0,5,0.0,0.0,0.1,0.0,0.0,1.004
77,0.0,0.0,0,0.0,2.0,0.456,0.0,1.0,0.062,1.0,2.0,0.845,0.0,1.0,0.319,0.0,2.0,0.629,0.0,1.0,0.219,1.0,3.0,1.305,1.0,2.0,0.867,9.0,17.0,10.269,5000.0,6000.0,5376.5,0.0,1.0,0.101,0.0,0.0,0,0.0,1.0,0.296,28.0,28.0,27.484,980.0,1060.0,975,150.0,900.0,247,1450.0,3150.0,1559.5,9.0,19.0,9.888,100.0,100.0,100,4700.0,4700.0,4700,0.0,4250.0,382.5,1.0,1.0,0.583,,,,0.0,200.0,53.8,350.0,350.0,314.65,,,,100.0,100.0,99.75,28.0,28.0,27.844,,,,5000.0,5000.0,5000,2.0,2.0,1.995,2.0,2.0,2,2.0,2.0,2,3.0,3.0,3,10.0,10.0,9.404,0.0,1.0,0.102,0.0,1.0,0.262,0.0,1.0,0.053,0.0,0.0,0.2,6000.0,6000.0,5205,0.0,1500.0,175.5,0.0,0.0,0.114,0.0,0.0,0.038,0.0,0.0,0.038,0.0,0.0,0.041,,,,50.0,50.0,44.95,50.0,50.0,46.02,0.0,0.0,130,0.0,1.0,0.137,0.0,7.0,1.303
78,0.0,0.0,0,0.0,2.0,0.425,0.0,1.0,0.075,1.0,2.0,0.731,0.0,1.0,0.311,0.0,2.0,0.595,0.0,1.0,0.208,1.0,3.0,1.187,1.0,2.0,0.759,4.0,13.049999999999955,5.987,6000.0,7500.0,5653,0.0,1.0,0.092,0.0,0.0,0,1.0,1.0,0.704,28.0,28.0,27.313,980.0,1060.0,975.15,350.0,1100.0,456.75,1500.0,3102.4999999999977,1582.7,10.0,19.0,10.196,100.0,100.0,100,4700.0,4700.0,4700,0.0,4250.0,599.25,1.0,1.0,0.582,,,,0.0,200.0,51.9,100.0,100.0,90.8,,,,100.0,100.0,99.5,28.0,28.0,27.86,,,,5000.0,5000.0,5000,2.0,2.0,1.99,2.0,2.0,2,2.0,2.0,2,3.0,3.0,3,8.0,10.0,8.582,0.0,1.0,0.1,0.0,1.0,0.264,0.0,1.0,0.054,0.0,0.0,0.15,3000.0,3000.0,2580,1500.0,1500.0,1311,0.0,3.0,0.852,0.0,1.0,0.288,0.0,1.0,0.284,0.0,1.0,0.302,,,,,,,0.0,20.0,3.6,0.0,0.0,20,0.0,3.0,0.312,0.0,29.0,3.056
79,0.0,0.0,0,0.0,2.0,0.436,0.0,1.0,0.092,1.0,2.0,0.862,0.0,1.0,0.351,0.0,2.0,0.648,0.0,1.0,0.199,1.0,3.0,1.243,1.0,2.0,0.864,5.0,14.0,6.27,5000.0,7500.0,5487.5,0.0,1.0,0.101,20.0,20.0,17.98,0.0,1.0,0.299,28.0,28.0,27.33,1000.0,1080.0,993.43,550.0,1300.0,622.5,1450.0,3050.0,1533.45,9.0,19.0,9.983,100.0,100.0,100,4700.0,4700.0,4700,0.0,4250.0,871.25,1.0,1.0,0.627,,,,0.0,200.0,55,0.0,0.0,0,,,,100.0,100.0,99.25,28.0,28.0,27.864,,,,5000.0,5000.0,5000,2.0,2.0,1.985,2.0,2.0,2,2.0,2.0,2,3.0,3.0,3,10.0,10.0,9.39,0.0,1.0,0.098,0.0,1.0,0.232,0.0,0.0,0.043,0.0,0.0,0.3,3000.0,3000.0,2427,1500.0,1500.0,1236,0.0,3.0,0.849,0.0,1.0,0.269,0.0,1.0,0.283,0.0,1.0,0.272,,,,,,,0.0,20.0,2.93,0.0,0.0,5,0.0,2.0,0.188,0.0,14.049999999999955,1.868
80,0.0,0.0,0,0.0,2.0,0.443,0.0,1.0,0.077,1.0,2.0,0.756,0.0,1.0,0.297,0.0,2.0,0.57,0.0,1.0,0.193,1.0,3.0,1.158,1.0,2.0,0.803,4.0,13.0,5.84,6000.0,7500.0,5718.5,0.0,1.0,0.094,0.0,0.0,0,1.0,1.0,0.701,28.0,28.0,27.365,1000.0,1080.0,993.93,750.0,1250.0,737.75,1500.0,3100.0,1603.55,9.0,19.0,9.612,100.0,100.0,100,4700.0,4700.0,4700,0.0,4250.0,956.25,1.0,1.0,0.609,,,,0.0,200.0,49,150.0,150.0,135.9,,,,100.0,100.0,99.8,28.0,28.0,27.876,,,,5000.0,5000.0,5000,2.0,2.0,1.996,2.0,2.0,2,2.0,2.0,2,3.0,3.0,3,8.0,10.0,8.594,0.0,1.0,0.096,0.0,1.0,0.241,0.0,1.0,0.054,0.0,0.0,0.5,3000.0,3000.0,2421,1500.0,1500.0,1207.5,0.0,3.0,0.759,0.0,1.0,0.282,0.0,1.0,0.253,0.0,1.0,0.27,,,,,,,0.0,20.0,2.98,0.0,0.0,15,0.0,2.0,0.19,0.0,14.049999999999955,1.85
81,0.0,0.0,0,0.0,2.0,0.467,0.0,1.0,0.078,1.0,3.0,0.875,0.0,1.0,0.348,1.0,2.0,0.681,0.0,1.0,0.215,1.0,3.0,1.203,1.0,2.0,0.823,5.0,13.0,6.254,6000.0,7500.0,5761.5,0.0,1.0,0.098,30.0,30.0,27.06,0.0,1.0,0.305,28.0,28.0,27.368,1030.0,1110.0,1021.19,950.0,1450.0,894,1500.0,3052.4999999999977,1560.65,9.0,19.0,9.596,100.0,100.0,100,4700.0,4700.0,4700,0.0,4250.0,1041.25,1.0,1.0,0.612,,,,0.0,200.0,56.3,0.0,0.0,0,,,,100.0,100.0,99.2,28.0,28.0,27.876,,,,5000.0,5000.0,5000,2.0,2.0,1.984,2.0,2.0,2,2.0,2.0,2,3.0,3.0,3,10.0,10.0,9.38,0.0,1.0,0.089,0.0,1.0,0.253,0.0,0.0,0.046,0.0,0.0,0.2,3000.0,3000.0,2265,1500.0,1500.0,1237.5,0.0,3.0,0.84,0.0,1.0,0.271,0.0,1.0,0.28,0.0,1.0,0.274,,,,,,,0.0,20.0,3.27,,,,0.0,2.0,0.242,0.0,22.0,2.414
82,0.0,0.0,0,0.0,2.0,0.433,0.0,1.0,0.092,1.0,2.0,0.782,0.0,1.0,0.311,0.0,2.0,0.583,0.0,1.0,0.201,1.0,3.0,1.126,1.0,2.0,0.777,4.0,14.0,6.121,5000.0,7500.0,5611,0.0,1.0,0.095,0.0,0.0,0,1.0,1.0,0.695,28.0,28.0,27.365,1030.0,1110.0,1021.29,1150.0,1400.0,925,1600.0,3150.0,1662.85,9.0,19.0,9.401,100.0,100.0,100,4700.0,4700.0,4700,0.0,4250.0,1003,1.0,1.0,0.588,,,,0.0,200.0,51.2,200.0,200.0,181,,,,100.0,100.0,100,28.0,28.0,27.9,,,,5000.0,5000.0,5000,2.0,2.0,2,2.0,2.0,2,2.0,2.0,2,3.0,3.0,3,8.0,10.0,8.61,0.0,1.0,0.105,0.0,1.0,0.264,0.0,0.0,0.043,0.0,0.0,0.1,3000.0,3000.0,2430,1500.0,1500.0,1236,0.0,3.0,0.81,0.0,1.0,0.284,0.0,1.0,0.27,0.0,1.0,0.27,,,,,,,0.0,20.0,3.27,0.0,0.0,30,0.0,2.0,0.239,0.0,21.0,2.265
83,0.0,0.0,0,0.0,2.0,0.469,0.0,1.0,0.078,1.0,2.0,0.869,0.0,1.0,0.346,0.0,2.0,0.583,0.0,1.0,0.226,1.0,3.0,1.246,1.0,2.0,0.874,5.0,13.0,6.164,6000.0,7500.0,5805,0.0,1.0,0.111,40.0,40.0,35.56,0.0,1.0,0.307,28.0,28.0,27.347,1060.0,1150.0,1056.95,1350.0,1350.0,956.75,1550.0,3100.0,1620.35,9.0,19.0,9.47,100.0,100.0,100,4700.0,4700.0,4700,0.0,4250.0,1015.75,1.0,1.0,0.613,,,,0.0,200.0,57.2,0.0,0.0,0,,,,100.0,100.0,99.7,28.0,28.0,27.9,,,,5000.0,5000.0,5000,2.0,2.0,1.994,2.0,2.0,2,2.0,2.0,2,3.0,3.0,3,10.0,10.0,9.382,0.0,1.0,0.1,0.0,1.0,0.234,0.0,1.0,0.053,0.0,0.0,0.1,3000.0,3000.0,2334,1500.0,1500.0,1318.5,0.0,3.0,0.9,0.0,1.0,0.276,0.0,1.0,0.3,0.0,1.0,0.303,,,,,,,0.0,20.0,3.39,,,,0.0,2.0,0.257,0.0,22.0,2.559
84,0.0,0.0,0,0.0,1.0,0.423,0.0,1.0,0.1,1.0,2.0,0.739,0.0,1.0,0.287,0.0,2.0,0.582,0.0,1.0,0.193,1.0,3.0,1.177,1.0,2.0,0.805,9.0,18.0,10.673,5000.0,7500.0,5767,0.0,1.0,0.092,0.0,0.0,0,1.0,1.0,0.692,28.0,28.0,27.314,1060.0,1150.0,1057.25,300.0,1300.0,446.5,1800.0,3250.0,1826.3,9.0,19.0,9.947,100.0,100.0,100,4700.0,4700.0,4700,0.0,4250.0,1058.25,1.0,1.0,0.595,,,,0.0,200.0,48,350.0,350.0,317.8,,,,100.0,100.0,99.85,28.0,28.0,27.948,,,,5000.0,5000.0,5000,2.0,2.0,1.997,2.0,2.0,2,2.0,2.0,2,3.0,3.0,3,8.0,10.0,8.612,0.0,1.0,0.105,0.0,1.0,0.252,0.0,0.0,0.048,0.0,0.0,0.3,3000.0,6000.0,3546,0.0,1500.0,606,0.0,3.0,0.435,0.0,1.0,0.116,0.0,1.0,0.145,0.0,1.0,0.143,,,,50.0,50.0,45.4,50.0,70.0,48.14,0.0,0.0,60,0.0,2.0,0.282,0.0,22.0,2.782
85,0.0,0.0,0,0.0,2.0,0.446,0.0,1.0,0.081,1.0,2.0,0.879,0.0,1.0,0.326,1.0,2.0,0.636,0.0,1.0,0.185,1.0,3.0,1.271,1.0,2.0,0.867,5.0,14.0,6.557,6000.0,7500.0,6008,0.0,1.0,0.087,0.0,0.0,0,0.0,1.0,0.308,28.0,28.0,27.171,1060.0,1150.0,1057.5,500.0,1250.0,618.25,1850.0,3350.0,1863.8,9.0,19.0,9.81,100.0,100.0,100,4700.0,4700.0,4700,0.0,4250.0,1126.25,1.0,1.0,0.59,,,,0.0,200.0,51.1,100.0,100.0,91.3,,,,100.0,100.0,99.9,28.0,28.0,27.952,,,,5000.0,5000.0,5000,2.0,2.0,1.998,2.0,2.0,2,2.0,2.0,2,3.0,3.0,3,10.0,10.0,9.382,0.0,1.0,0.111,0.0,1.0,0.237,0.0,1.0,0.062,0.0,0.0,0.25,3000.0,6000.0,2358,1500.0,1500.0,1044,0.0,3.0,0.735,0.0,1.0,0.225,0.0,1.0,0.245,0.0,1.0,0.226,,,,,,,0.0,20.0,4.92,0.0,0.0,5,0.0,3.0,0.408,0.0,36.0,4.048
86,0.0,0.0,0,0.0,2.0,0.43,0.0,1.0,0.091,1.0,2.0,0.73,0.0,1.0,0.343,0.0,2.0,0.568,0.0,1.0,0.169,1.0,3.0,1.107,1.0,2.0,0.867,4.0,14.0,6.056,6000.0,7500.0,6027,0.0,1.0,0.106,20.0,20.0,17.88,1.0,1.0,0.691,28.0,28.0,27.272,1080.0,1170.0,1075.78,950.0,1450.0,879.5,1800.0,3300.0,1815.35,9.0,19.0,9.477,100.0,100.0,100,4700.0,4700.0,4700,0.0,4250.0,1347.25,1.0,1.0,0.583,,,,0.0,200.0,51.2,0.0,0.0,0,,,,100.0,100.0,99.65,28.0,28.0,27.952,,,,5000.0,5000.0,5000,2.0,2.0,1.993,2.0,2.0,2,2.0,2.0,2,3.0,3.0,3,8.0,10.0,8.61,0.0,1.0,0.116,0.0,1.0,0.246,0.0,1.0,0.055,0.0,0.0,0.4,3000.0,3000.0,2049,1500.0,1500.0,1042.5,0.0,3.0,0.711,0.0,1.0,0.243,0.0,1.0,0.237,0.0,1.0,0.215,,,,,,,0.0,20.0,3.18,,,,0.0,2.0,0.216,0.0,21.0,2.136
87,0.0,0.0,0,0.0,2.0,0.457,0.0,1.0,0.082,1.0,2.0,0.82,0.0,1.0,0.345,1.0,2.0,0.664,0.0,1.0,0.228,1.0,3.0,1.254,1.0,2.0,0.839,5.0,13.0,6.085,6000.0,7500.0,6071.5,0.0,1.0,0.102,0.0,0.0,0,0.0,1.0,0.309,28.0,28.0,27.411,1080.0,1170.0,1076.43,900.0,1400.0,831.75,1900.0,3350.0,1897.55,9.0,19.0,9.295,100.0,100.0,100,4700.0,4700.0,4700,0.0,4250.0,1270.75,1.0,1.0,0.605,,,,0.0,200.0,57.3,150.0,150.0,134.7,,,,100.0,100.0,99.8,28.0,28.0,27.96,,,,5000.0,5000.0,5000,2.0,2.0,1.996,2.0,2.0,2,2.0,2.0,2,3.0,3.0,3,10.0,10.0,9.378,0.0,1.0,0.101,0.0,1.0,0.249,0.0,0.0,0.045,0.0,0.0,0.65,3000.0,6000.0,2556,1500.0,1500.0,921,0.0,3.0,0.576,0.0,1.0,0.196,0.0,1.0,0.192,0.0,1.0,0.226,,,,,,,0.0,20.0,2.31,0.0,0.0,10,0.0,1.0,0.16,0.0,14.0,1.552
88,0.0,0.0,0,0.0,1.0,0.396,0.0,1.0,0.082,1.0,2.0,0.822,0.0,1.0,0.327,0.0,2.0,0.603,0.0,1.0,0.217,1.0,3.0,1.06,1.0,2.0,0.798,4.0,12.049999999999955,5.781,6000.0,7500.0,6106.5,0.0,1.0,0.103,30.0,30.0,26.91,1.0,1.0,0.689,28.0,28.0,27.499,1110.0,1200.0,1103.74,350.0,1350.0,597.25,1850.0,3300.0,1847.45,9.0,19.0,9.371,100.0,100.0,100,4700.0,4700.0,4700,0.0,4250.0,1156,1.0,1.0,0.615,,,,0.0,200.0,54.4,0.0,0.0,0,,,,100.0,100.0,99.5,28.0,28.0,27.964,,,,5000.0,5000.0,5000,2.0,2.0,1.99,2.0,2.0,2,2.0,2.0,2,3.0,3.0,3,8.0,10.0,8.61,0.0,1.0,0.087,0.0,1.0,0.248,0.0,0.049999999999954525,0.05,0.0,0.0,0.4,3000.0,6000.0,2769,1500.0,1500.0,1009.5,0.0,3.0,0.696,0.0,1.0,0.228,0.0,1.0,0.232,0.0,1.0,0.213,,,,,,,0.0,20.0,2.47,0.0,0.0,5,0.0,2.0,0.184,0.0,15.0,1.85
89,0.0,0.0,0,0.0,2.0,0.435,0.0,1.0,0.077,1.0,2.0,0.85,0.0,1.0,0.351,1.0,2.0,0.681,0.0,1.0,0.191,1.0,3.0,1.219,1.0,2.0,0.884,4.0,12.0,5.792,6000.0,7500.0,6097,0.0,1.0,0.1,0.0,0.0,0,0.0,1.0,0.311,28.0,28.0,27.62,1110.0,1200.0,1103.94,550.0,1300.0,541,1950.0,3450.0,1976.75,9.0,18.0,9.466,100.0,100.0,100,4700.0,4700.0,4700,0.0,4250.0,973.25,1.0,1.0,0.642,,,,0.0,200.0,54.2,200.0,200.0,180,,,,100.0,100.0,99.9,28.0,28.0,27.968,,,,5000.0,5000.0,5000,2.0,2.0,1.998,2.0,2.0,2,2.0,2.0,2,3.0,3.0,3,10.0,10.0,9.376,0.0,1.0,0.12,0.0,1.0,0.208,0.0,0.0,0.03,0.0,0.0,0.2,3000.0,6000.0,2649,1500.0,1500.0,1134,0.0,3.0,0.822,0.0,1.0,0.253,0.0,1.0,0.274,0.0,1.0,0.229,,,,,,,0.0,20.0,1.79,0.0,0.0,5,0.0,1.0,0.108,0.0,7.0,1.063
90,0.0,0.0,0,0.0,2.0,0.443,0.0,1.0,0.07,1.0,2.0,0.731,0.0,1.0,0.317,0.0,2.0,0.585,0.0,1.0,0.225,1.0,3.0,1.171,1.0,2.0,0.766,4.0,12.0,5.593,6000.0,7500.0,6162,0.0,1.0,0.097,40.0,40.0,36.12,1.0,1.0,0.689,28.0,28.0,27.7,1150.0,1240.0,1140.16,500.0,1250.0,610.75,1900.0,3402.4999999999977,1926.25,9.0,18.0,9.62,100.0,100.0,100,4700.0,4700.0,4700,0.0,4250.0,743.75,1.0,1.0,0.596,,,,0.0,200.0,54.2,0.0,0.0,0,,,,100.0,100.0,99.7,28.0,28.0,27.972,,,,5000.0,5000.0,5000,2.0,2.0,1.994,2.0,2.0,2,2.0,2.0,2,3.0,3.0,3,8.0,10.0,8.616,0.0,1.0,0.088,0.0,1.0,0.262,0.0,1.0,0.054,0.0,0.0,0.1,3000.0,3000.0,2565,1500.0,1500.0,1321.5,0.0,3.0,0.906,0.0,1.0,0.269,0.0,1.0,0.302,0.0,1.0,0.31,,,,,,,0.0,20.0,1.69,0.0,0.0,5,0.0,0.0,0.095,0.0,0.0,0.938
